interaction_id,customer_id,timestamp,channel,customer_tier,region,agent_id,raw_interaction_text
INT-2026-03336,CUST-84761,16/05/2026 19:02,call_transcript,VIP,East of England,AGT-814,
INT-2026-02231,CUST-25337,12/05/2026 06:51,EMAIL,VIP,North West,AGT-428,Can you send me a copy of my latest VAT invoice for last month?
INT-2026-02650,CUST-53365,21/05/2026 08:11,Call Transcript,Enterprise,Scotland,AGT-328,I was double billed for my monthly subscription on card 30471314396927. Please process a refund.
INT-2026-03734,CUST-57287,25/03/2026 03:33,Call Transcript,Small Business,Yorkshire & Humber,AGT-816,   
INT-2026-00943,,15/06/2026 11:22,EMAIL,Small Business,Wales,AGT-517,I was double billed for my monthly subscription on card 4035321244029360. Please process a refund. [DUPLICATE SUBMISSION]
INT-2026-02209,CUST-10950,14/02/2026 04:29,call_transcript,Enterprise,Scotland,AGT-348,I am issuing a formal right to be forgotten request. Erase all personal records linked to my phone number (0131)4960211.
INT-2026-00585,CUST-75767,23/02/2026 16:14,EMAIL,Standard,Yorkshire & Humber,AGT-305,Your company has breached GDPR by sending emails to the wrong recipient. I am reporting this to the Information Commissioner's Office (ICO).
INT-2026-00335,CUST-95830,02/03/2026 01:46,webchat,VIP,Greater London,AGT-135,I would like to update my billing address to E3D 9QS.
INT-2026-03990,CUST-66981,12/01/2026 20:44,Email,Small Business,Scotland,AGT-423,Why did my direct debit fail yesterday? I was charged a £25 penalty fee unfairly.
INT-2026-04843,CUST-26779,09/05/2026 14:00,CALL,VIP,Greater London,AGT-167,Please delete all my data and process my Subject Access Request under UK GDPR rules immediately. Contact me at damien56@example.org.
INT-2026-01186,CUST-81010,14/03/2026 17:25,web_chat,Small Business,North West,AGT-243,Can you send me a copy of my latest VAT invoice for last month?
INT-2026-02281,CUST-95530,13/03/2026 18:07,Web Chat,VIP,Greater London,AGT-476,Can you send me a copy of my latest VAT invoice for last month?
INT-2026-03314,CUST-21552,10/03/2026 03:47,E-Mail,VIP,East of England,AGT-490,I would like to update my billing address to EH2W 8YX.
INT-2026-02610,CUST-30994,01/02/2026 20:24,Email,Enterprise,North West,AGT-641,SELECT * FROM users WHERE customer_id = 'CUST-101' OR 1=1;
INT-2026-03214,CUST-39682,1770709049,webchat,Small Business,North West,AGT-410,Can someone explain the difference between the standard and enterprise tier plans?
INT-2026-03928,CUST-85243,22/05/2026 12:01,email,Small Business,East of England,AGT-903,I was double billed for my monthly subscription on card 4362130557826297592. Please process a refund.
INT-2026-01320,CUST-38828,02/01/2026 06:16,CALL,Small Business,West Midlands,AGT-872,Can someone explain the difference between the standard and enterprise tier plans?
INT-2026-01899,CUST-95308,23/03/2026 06:31,EMAIL,VIP,Yorkshire & Humber,AGT-581,Disgusted by this scam service. I demand to speak with a senior manager immediately regarding my direct debit failure.
INT-2026-01844,CUST-52812,05/05/2026 15:56,EMAIL,Enterprise,Scotland,AGT-794,Can someone explain the difference between the standard and enterprise tier plans?
INT-2026-03743,CUST-54711,19/01/2026 02:21,Call Transcript,VIP,Scotland,AGT-500,Can you send me a copy of my latest VAT invoice for last month?
INT-2026-03049,CUST-44480,20/03/2026 00:59,webchat,Small Business,North West,AGT-238,???
INT-2026-01901,CUST-22328,15/06/2026 11:22,call_transcript,VIP,East of England,AGT-340,I was double billed for my monthly subscription on card 4215394406011. Please process a refund. [DUPLICATE SUBMISSION]
INT-2026-02756,CUST-42875,02/04/2026 07:01,,Standard,Greater London,AGT-631,How do I update my password on the online customer portal?
INT-2026-01496,CUST-28549,30/01/2026 03:25,Web Chat,Standard,Greater London,AGT-471,Unacceptable service! Your agent was extremely rude. I demand an immediate refund of £85. My account number is linked to NI IJ369702Z.
INT-2026-02835,CUST-44875,04/03/2026 07:46,web_chat,Standard,Greater London,AGT-663,How do I update my password on the online customer portal?
INT-2026-01626,CUST-20283,07/02/2026 09:30,webchat,Enterprise,Yorkshire & Humber,AGT-101,Your company has breached GDPR by sending emails to the wrong recipient. I am reporting this to the Information Commissioner's Office (ICO).
INT-2026-00306,CUST-96652,20/05/2026 20:38,web_chat,Small Business,Greater London,AGT-349,I am currently in hospital due to severe illness and my pension payment hasn't come through. Please call me back on +44(0)2074960080.
INT-2026-02766,CUST-59130,04/04/2026 07:00,CALL,Enterprise,West Midlands,AGT-556,I would like to update my billing address to L8S 5PZ.
INT-2026-02252,CUST-35385,22/04/2026 09:06,CALL,Standard,Greater London,AGT-293,Can you send me a copy of my latest VAT invoice for last month?
INT-2026-00469,CUST-72851,27/01/2026 23:51,web_chat,Enterprise,North West,AGT-826,Your company has breached GDPR by sending emails to the wrong recipient. I am reporting this to the Information Commissioner's Office (ICO).
INT-2026-04128,CUST-90914,21/02/2026 16:56,web_chat,Enterprise,Wales,AGT-491,Can you send me a copy of my latest VAT invoice for last month?
INT-2026-02387,CUST-48073,06/01/2026 04:43,web_chat,Enterprise,Yorkshire & Humber,AGT-814,What are your customer support opening hours over the bank holiday weekend?
INT-2026-01860,CUST-74758,07/03/2026 03:56,Web Chat,VIP,Wales,AGT-228,Can someone explain the difference between the standard and enterprise tier plans?
INT-2026-01825,CUST-59412,17/01/2026 16:51,web_chat,VIP,Scotland,AGT-998,I am currently in hospital due to severe illness and my pension payment hasn't come through. Please call me back on (0118) 4960505.
INT-2026-00079,CUST-37152,05/03/2026 19:11,E-Mail,VIP,North West,AGT-653,Unacceptable service! Your agent was extremely rude. I demand an immediate refund of £85. My account number is linked to NI NZ915579L.
INT-2026-02600,CUST-39865,20/01/2026 17:00,E-Mail,VIP,West Midlands,AGT-580,Why did my direct debit fail yesterday? I was charged a £25 penalty fee unfairly.
INT-2026-02510,CUST-90099,22/03/2026 05:07,email,Enterprise,West Midlands,AGT-314,I was double billed for my monthly subscription on card 3599274033921323. Please process a refund.
INT-2026-04317,CUST-60748,30/04/2026 13:13,webchat,Small Business,West Midlands,AGT-171,How do I update my password on the online customer portal?
INT-2026-00385,,27/02/2026 22:50,CALL,VIP,North West,AGT-788,Your company has breached GDPR by sending emails to the wrong recipient. I am reporting this to the Information Commissioner's Office (ICO).
INT-2026-01313,CUST-92163,12/02/2026 23:42,EMAIL,Enterprise,West Midlands,AGT-878,I would like to update my billing address to IP1B 7FZ.
INT-2026-03885,CUST-90542,09/02/2026 22:21,Email,Enterprise,Wales,AGT-993,Can you send me a copy of my latest VAT invoice for last month?
INT-2026-00874,CUST-15230,03/05/2026 04:36,call_transcript,Enterprise,Wales,AGT-945,Why did my direct debit fail yesterday? I was charged a £25 penalty fee unfairly.
INT-2026-02267,CUST-57317,01/03/2026 16:46,webchat,Standard,Wales,AGT-114,
INT-2026-00437,CUST-55593,15/02/2026 18:09,call_transcript,VIP,Scotland,AGT-888,What are your customer support opening hours over the bank holiday weekend?
INT-2026-01804,CUST-72562,10/03/2026 09:40,web_chat,,Scotland,AGT-628,Can someone explain the difference between the standard and enterprise tier plans?
INT-2026-00305,CUST-73191,08/04/2026 10:43,Email,Enterprise,North West,AGT-253,You have failed to address my issue for 3 weeks. I am filing an official grievance and taking this further to legal counsel.
INT-2026-04359,CUST-19747,03/02/2026 02:24,Call Transcript,VIP,Greater London,AGT-639,Can someone explain the difference between the standard and enterprise tier plans?
INT-2026-00453,CUST-54024,08/05/2026 08:03,web_chat,Small Business,Scotland,AGT-411,I was double billed for my monthly subscription on card 374223196463000. Please process a refund.
INT-2026-01689,CUST-36545,16/04/2026 18:14,EMAIL,Small Business,Yorkshire & Humber,AGT-167,Why did my direct debit fail yesterday? I was charged a £25 penalty fee unfairly.
INT-2026-02858,,12/04/2026 02:36,Call Transcript,VIP,Greater London,AGT-395,   
INT-2026-04839,CUST-78926,07/04/2026 22:08,Web Chat,VIP,Scotland,AGT-640,I'm experiencing severe financial hardship following a bereavement. I live at TW4E 8NZ and need urgent payment assistance.
INT-2026-01019,CUST-30896,28/01/2026 02:12,CALL,Small Business,Greater London,AGT-613,Can you send me a copy of my latest VAT invoice for last month?
INT-2026-04782,CUST-53295,07/05/2026 07:14,Call Transcript,Enterprise,East of England,AGT-173,What are your customer support opening hours over the bank holiday weekend?
INT-2026-03793,CUST-98171,16/05/2026 18:56,CALL,Enterprise,Wales,AGT-740,Disgusted by this scam service. I demand to speak with a senior manager immediately regarding my direct debit failure.
INT-2026-01312,CUST-11599,,CALL,Standard,North West,AGT-538,I'm experiencing severe financial hardship following a bereavement. I live at SS44 0QX and need urgent payment assistance.
INT-2026-01621,CUST-43767,03/03/2026 17:55,email,Enterprise,Wales,AGT-514,I lost my job last month and I simply cannot afford my direct debit payment of £150. My NI number is OJ847871I. Please help me reduce my bill.
INT-2026-00717,CUST-26558,18/03/2026 02:54,CALL,Enterprise,North West,AGT-195,
INT-2026-01013,CUST-36825,03/04/2026 12:40,Email,Enterprise,West Midlands,AGT-123,Can someone explain the difference between the standard and enterprise tier plans?
INT-2026-01346,CUST-44704,07/02/2026 22:41,CALL,Enterprise,Wales,AGT-424,What are your customer support opening hours over the bank holiday weekend?
INT-2026-01292,CUST-68887,21/05/2026 00:07,Web Chat,Enterprise,East of England,AGT-400,Why did my direct debit fail yesterday? I was charged a £25 penalty fee unfairly.
INT-2026-04114,CUST-61617,10/02/2026 07:40,web_chat,Standard,Yorkshire & Humber,AGT-121,
INT-2026-00831,CUST-74237,14/05/2026 02:02,Web Chat,Enterprise,Wales,AGT-577,I would like to update my billing address to OL3 5UF.
INT-2026-01967,CUST-72596,13/05/2026 18:10,web_chat,Small Business,West Midlands,AGT-650,I would like to update my billing address to L80 0JJ.
INT-2026-00744,CUST-86435,18/02/2026 01:28,,,East of England,AGT-397,What are your customer support opening hours over the bank holiday weekend?
INT-2026-04231,CUST-37036,1777806419,Web Chat,Standard,Yorkshire & Humber,AGT-208,How do I update my password on the online customer portal?
INT-2026-04133,CUST-65579,18/02/2026 08:15,Email,Standard,Yorkshire & Humber,AGT-422,How do I update my password on the online customer portal?
INT-2026-02633,CUST-26124,23/02/2026 00:47,webchat,Small Business,West Midlands,AGT-282,Can you send me a copy of my latest VAT invoice for last month?
INT-2026-00615,CUST-60506,17/02/2026 01:26,E-Mail,Standard,East of England,AGT-781,I would like to update my billing address to WA3 3UW.
INT-2026-02634,CUST-67793,11/02/2026 15:12,web_chat,Standard,West Midlands,AGT-345,How do I update my password on the online customer portal?
INT-2026-04642,CUST-27075,20/03/2026 14:13,webchat,VIP,Greater London,AGT-567,Disgusted by this scam service. I demand to speak with a senior manager immediately regarding my direct debit failure.
INT-2026-00674,CUST-58380,21/02/2026 06:30,call_transcript,Standard,East of England,AGT-935,I'm experiencing severe financial hardship following a bereavement. I live at TF9 0YJ and need urgent payment assistance.
INT-2026-02665,CUST-27800,30/03/2026 01:59,CALL,Enterprise,Wales,AGT-589,I would like to update my billing address to HP3E 1UW.
INT-2026-00326,CUST-75860,30/03/2026 18:41,email,Standard,East of England,AGT-315,Why did my direct debit fail yesterday? I was charged a £25 penalty fee unfairly.
INT-2026-00273,CUST-21536,03/03/2026 08:57,Call Transcript,Small Business,Greater London,AGT-670,Why did my direct debit fail yesterday? I was charged a £25 penalty fee unfairly.
INT-2026-01555,CUST-99515,20/03/2026 14:35,E-Mail,VIP,Yorkshire & Humber,AGT-298,What are your customer support opening hours over the bank holiday weekend?
INT-2026-00760,CUST-34223,03/02/2026 03:52,E-Mail,Enterprise,East of England,AGT-202,???
INT-2026-02697,CUST-10093,13/02/2026 09:33,Email,Standard,North West,AGT-111,Can someone explain the difference between the standard and enterprise tier plans?
INT-2026-03675,CUST-76192,28/02/2026 13:11,Call Transcript,Enterprise,Yorkshire & Humber,AGT-245,My business went into administration. I cannot pay this invoice right now. Contact my legal representative at lawrence37@example.org.
INT-2026-04355,CUST-39788,27/03/2026 03:37,call_transcript,VIP,West Midlands,AGT-210,Disgusted by this scam service. I demand to speak with a senior manager immediately regarding my direct debit failure.
INT-2026-01164,CUST-61024,23/01/2026 16:15,Email,VIP,Wales,AGT-726,Please delete all my data and process my Subject Access Request under UK GDPR rules immediately. Contact me at gerard47@example.net.
INT-2026-03429,CUST-46211,04/03/2026 15:54,web_chat,VIP,North West,AGT-834,I am issuing a formal right to be forgotten request. Erase all personal records linked to my phone number +44(0)2074960315.
INT-2026-03299,CUST-63111,18/02/2026 09:56,web_chat,Enterprise,East of England,AGT-741,ok thanks
INT-2026-00417,CUST-32989,1775361182,E-Mail,VIP,Yorkshire & Humber,AGT-941,Disgusted by this scam service. I demand to speak with a senior manager immediately regarding my direct debit failure.
INT-2026-03897,CUST-76686,01/01/2026 19:13,Email,Enterprise,North West,AGT-234,How do I update my password on the online customer portal?
INT-2026-02877,CUST-64275,22/05/2026 10:35,Web Chat,Standard,Wales,AGT-324,Can someone explain the difference between the standard and enterprise tier plans?
INT-2026-02901,CUST-41743,11/03/2026 19:16,web_chat,Enterprise,Yorkshire & Humber,AGT-349,I was double billed for my monthly subscription on card 573420757763. Please process a refund.
INT-2026-04380,CUST-72071,28/05/2026 14:15,email,Standard,Yorkshire & Humber,AGT-625,I was double billed for my monthly subscription on card 4299803757160311. Please process a refund.
INT-2026-03821,CUST-92005,30/03/2026 06:27,Email,Enterprise,West Midlands,AGT-344,What are your customer support opening hours over the bank holiday weekend?
INT-2026-02847,,03/01/2026 09:18,CALL,Enterprise,Yorkshire & Humber,AGT-473,I am issuing a formal right to be forgotten request. Erase all personal records linked to my phone number +44141 4960642.
INT-2026-01586,CUST-53846,1778127637,Call Transcript,Enterprise,Scotland,AGT-870,How do I update my password on the online customer portal?
INT-2026-04264,CUST-34542,16/01/2026 02:02,CALL,Small Business,West Midlands,AGT-271,I was double billed for my monthly subscription on card 377685860149155. Please process a refund.
INT-2026-00742,CUST-36683,18/05/2026 01:30,Web Chat,Small Business,East of England,AGT-412,What are your customer support opening hours over the bank holiday weekend?
INT-2026-01144,CUST-13482,24/04/2026 19:22,Email,Standard,North West,AGT-804,I was double billed for my monthly subscription on card 6539316490954689. Please process a refund.
INT-2026-03051,CUST-36593,12/04/2026 21:27,CALL,Small Business,North West,AGT-676,I was double billed for my monthly subscription on card 3528325574445696. Please process a refund.
INT-2026-04429,CUST-21351,01/01/2026 14:51,web_chat,Standard,Yorkshire & Humber,AGT-633,Why did my direct debit fail yesterday? I was charged a £25 penalty fee unfairly.
INT-2026-04137,CUST-32990,05/01/2026 11:27,web_chat,Small Business,Wales,AGT-551,I am issuing a formal right to be forgotten request. Erase all personal records linked to my phone number +4420 7496 0804.
INT-2026-01919,CUST-66968,25/04/2026 03:28,call_transcript,Standard,Wales,AGT-233,Your company has breached GDPR by sending emails to the wrong recipient. I am reporting this to the Information Commissioner's Office (ICO).
INT-2026-03646,CUST-27611,02/03/2026 18:34,CALL,Small Business,West Midlands,AGT-352,Can you send me a copy of my latest VAT invoice for last month?
INT-2026-02149,CUST-71264,1768083747,E-Mail,,North West,AGT-608,Can you send me a copy of my latest VAT invoice for last month?
INT-2026-04425,CUST-27373,06/01/2026 10:51,webchat,Enterprise,Wales,AGT-582,I was double billed for my monthly subscription on card 4042188003544373265. Please process a refund.
INT-2026-00520,CUST-42591,21/04/2026 09:34,Web Chat,Standard,Yorkshire & Humber,AGT-535,I was double billed for my monthly subscription on card 503899071669. Please process a refund.
INT-2026-00018,CUST-17665,12/01/2026 20:04,call_transcript,VIP,Greater London,AGT-620,I am currently in hospital due to severe illness and my pension payment hasn't come through. Please call me back on (0131)4960310.
INT-2026-03013,CUST-38334,19/04/2026 14:46,Email,Standard,Wales,AGT-513,What are your customer support opening hours over the bank holiday weekend?
INT-2026-00366,CUST-49992,06/03/2026 10:39,Email,Enterprise,Yorkshire & Humber,AGT-594,What are your customer support opening hours over the bank holiday weekend?
INT-2026-00875,CUST-96053,04/04/2026 17:02,E-Mail,Standard,Scotland,AGT-826,Why did my direct debit fail yesterday? I was charged a £25 penalty fee unfairly.
INT-2026-04472,CUST-57676,18/03/2026 14:53,webchat,Standard,North West,AGT-849,Can someone explain the difference between the standard and enterprise tier plans?
INT-2026-03670,CUST-88263,25/01/2026 23:46,web_chat,Small Business,Wales,AGT-546,Your company has breached GDPR by sending emails to the wrong recipient. I am reporting this to the Information Commissioner's Office (ICO).
INT-2026-01985,CUST-43365,22/02/2026 11:59,web_chat,Enterprise,East of England,AGT-483,Can you send me a copy of my latest VAT invoice for last month?
INT-2026-00065,CUST-67711,03/01/2026 23:31,Call Transcript,Small Business,Wales,AGT-371,Your company has breached GDPR by sending emails to the wrong recipient. I am reporting this to the Information Commissioner's Office (ICO).
INT-2026-02867,CUST-95082,08/01/2026 21:46,call_transcript,VIP,Scotland,AGT-399,Why did my direct debit fail yesterday? I was charged a £25 penalty fee unfairly.
INT-2026-01009,CUST-38094,12/03/2026 02:05,Web Chat,Enterprise,North West,AGT-623,I lost my job last month and I simply cannot afford my direct debit payment of £150. My NI number is PC299966M. Please help me reduce my bill.
INT-2026-02417,CUST-33617,25/03/2026 08:17,CALL,VIP,Greater London,AGT-419,How do I update my password on the online customer portal?
INT-2026-00719,CUST-39065,17/02/2026 14:58,call_transcript,Standard,West Midlands,AGT-184,How do I update my password on the online customer portal?
INT-2026-03551,CUST-81494,14/05/2026 17:18,Web Chat,VIP,Yorkshire & Humber,AGT-821,What are your customer support opening hours over the bank holiday weekend?
INT-2026-04356,CUST-42555,02/03/2026 15:10,call_transcript,Enterprise,Wales,AGT-694,SELECT * FROM users WHERE customer_id = 'CUST-101' OR 1=1;
INT-2026-00005,CUST-57819,10/02/2026 16:22,web_chat,VIP,Yorkshire & Humber,AGT-846,Disgusted by this scam service. I demand to speak with a senior manager immediately regarding my direct debit failure.
INT-2026-02159,CUST-69176,15/06/2026 11:22,Email,Small Business,West Midlands,AGT-371,I would like to update my billing address to W42 7NF. [DUPLICATE SUBMISSION]
INT-2026-04690,CUST-47558,30/05/2026 02:49,Email,Small Business,North West,AGT-465,How do I update my password on the online customer portal?
INT-2026-03935,CUST-50181,20/04/2026 07:35,EMAIL,,Yorkshire & Humber,AGT-392,I was double billed for my monthly subscription on card 3573522528913514. Please process a refund.
INT-2026-01777,CUST-37514,18/03/2026 22:29,Email,VIP,Greater London,AGT-959,Unacceptable service! Your agent was extremely rude. I demand an immediate refund of £85. My account number is linked to NI KT370123M.
INT-2026-01629,CUST-13163,16/03/2026 07:08,CALL,VIP,Yorkshire & Humber,AGT-480,Can someone explain the difference between the standard and enterprise tier plans?
INT-2026-03420,CUST-88094,21/01/2026 08:39,Email,Enterprise,Yorkshire & Humber,AGT-457,Can someone explain the difference between the standard and enterprise tier plans?
INT-2026-03840,CUST-23090,15/06/2026 11:22,web_chat,Standard,Wales,AGT-923,Please delete all my data and process my Subject Access Request under UK GDPR rules immediately. Contact me at opalmer@example.org. [DUPLICATE SUBMISSION]
INT-2026-00672,,30/03/2026 10:30,call_transcript,Enterprise,East of England,AGT-374,Why did my direct debit fail yesterday? I was charged a £25 penalty fee unfairly.
INT-2026-03828,CUST-35076,18/02/2026 13:00,web_chat,VIP,Yorkshire & Humber,AGT-706,I'm experiencing severe financial hardship following a bereavement. I live at TS8B 4FP and need urgent payment assistance.
INT-2026-03579,CUST-43630,23/02/2026 23:36,CALL,VIP,East of England,AGT-881,My business went into administration. I cannot pay this invoice right now. Contact my legal representative at nsmith@example.org.
INT-2026-03279,,23/04/2026 13:11,,Standard,Greater London,AGT-815,"This is a formal complaint regarding my overcharged invoice. If you do not resolve this today, I will escalate to the Financial Ombudsman and FCA immediately. My postcode is L45 4JH."
INT-2026-02767,CUST-83438,10/05/2026 11:37,E-Mail,Enterprise,North West,AGT-701,What are your customer support opening hours over the bank holiday weekend?
INT-2026-00602,CUST-97680,09/05/2026 22:58,EMAIL,Enterprise,West Midlands,AGT-675,What are your customer support opening hours over the bank holiday weekend?
INT-2026-03323,CUST-87559,1772279264,EMAIL,Small Business,Greater London,AGT-236,What are your customer support opening hours over the bank holiday weekend?
INT-2026-03917,CUST-84421,10/05/2026 00:09,CALL,Standard,North West,AGT-918,How do I update my password on the online customer portal?
INT-2026-01516,CUST-31385,21/01/2026 09:29,E-Mail,Standard,Greater London,AGT-191,How do I update my password on the online customer portal?
INT-2026-01679,CUST-76773,22/04/2026 06:32,Email,Standard,West Midlands,AGT-698,How do I update my password on the online customer portal?
INT-2026-04799,CUST-11680,30/05/2026 22:53,call_transcript,Standard,North West,AGT-810,   
INT-2026-03484,CUST-20115,28/01/2026 02:39,Web Chat,Enterprise,North West,AGT-659,Disgusted by this scam service. I demand to speak with a senior manager immediately regarding my direct debit failure.
INT-2026-02718,CUST-79737,29/04/2026 03:54,,VIP,West Midlands,AGT-544,Please delete all my data and process my Subject Access Request under UK GDPR rules immediately. Contact me at leah36@example.org.
INT-2026-04677,CUST-75290,09/05/2026 12:43,EMAIL,Standard,Greater London,AGT-434,Why did my direct debit fail yesterday? I was charged a £25 penalty fee unfairly.
INT-2026-00474,CUST-67627,05/02/2026 02:48,EMAIL,Small Business,Greater London,AGT-879,"<html><body><p>Hello support team, I need help logging in.</p></body></html>"
INT-2026-02176,CUST-94051,02/04/2026 15:26,Web Chat,Small Business,Yorkshire & Humber,AGT-636,"This is a formal complaint regarding my overcharged invoice. If you do not resolve this today, I will escalate to the Financial Ombudsman and FCA immediately. My postcode is LD3B 1YL."
INT-2026-03217,CUST-31432,11/05/2026 21:34,Email,Enterprise,Greater London,AGT-395,Can someone explain the difference between the standard and enterprise tier plans?
INT-2026-04596,CUST-80449,17/03/2026 11:03,E-Mail,Small Business,Yorkshire & Humber,AGT-631,Can you send me a copy of my latest VAT invoice for last month?
INT-2026-02086,CUST-72080,18/04/2026 02:54,web_chat,Standard,North West,AGT-263,I would like to update my billing address to B09 2LD.
INT-2026-04110,CUST-57694,10/01/2026 22:55,Call Transcript,Small Business,North West,AGT-499,Can you send me a copy of my latest VAT invoice for last month?
INT-2026-01727,CUST-57660,23/01/2026 16:03,webchat,Small Business,East of England,AGT-390,Please delete all my data and process my Subject Access Request under UK GDPR rules immediately. Contact me at ritabennett@example.com.
INT-2026-03807,CUST-63244,13/05/2026 20:39,Web Chat,Small Business,Yorkshire & Humber,AGT-543,I was double billed for my monthly subscription on card 3543739184945682. Please process a refund.
INT-2026-02318,CUST-51444,25/02/2026 20:34,call_transcript,Enterprise,North West,AGT-145,I'm experiencing severe financial hardship following a bereavement. I live at E0C 8UN and need urgent payment assistance.
INT-2026-03566,CUST-71516,27/04/2026 16:24,Web Chat,Small Business,North West,AGT-309,Can you send me a copy of my latest VAT invoice for last month?
INT-2026-00444,CUST-29525,23/03/2026 02:57,Email,Standard,Scotland,AGT-643,Can you send me a copy of my latest VAT invoice for last month?
INT-2026-00400,CUST-87693,30/04/2026 16:14,Call Transcript,Standard,Wales,AGT-882,Why did my direct debit fail yesterday? I was charged a £25 penalty fee unfairly.
INT-2026-00026,CUST-42527,16/03/2026 06:46,EMAIL,Small Business,West Midlands,AGT-412,What are your customer support opening hours over the bank holiday weekend?
INT-2026-02729,CUST-88379,18/03/2026 17:06,Web Chat,Small Business,North West,AGT-349,I'm experiencing severe financial hardship following a bereavement. I live at W09 6WY and need urgent payment assistance.
INT-2026-04011,CUST-88272,14/05/2026 03:20,Call Transcript,VIP,Wales,AGT-687,How do I update my password on the online customer portal?
INT-2026-04499,,07/05/2026 00:43,EMAIL,Small Business,West Midlands,AGT-696,You have failed to address my issue for 3 weeks. I am filing an official grievance and taking this further to legal counsel.
INT-2026-01747,CUST-73656,20/01/2026 08:35,CALL,Small Business,Greater London,AGT-975,How do I update my password on the online customer portal?
INT-2026-02306,CUST-96542,02/01/2026 12:17,Call Transcript,VIP,East of England,AGT-266,I would like to update my billing address to L8T 5YJ.
INT-2026-01464,CUST-70532,04/05/2026 05:28,web_chat,Enterprise,Scotland,AGT-948,You have failed to address my issue for 3 weeks. I am filing an official grievance and taking this further to legal counsel.
INT-2026-02160,CUST-61331,21/01/2026 22:15,email,VIP,Scotland,AGT-793,How do I update my password on the online customer portal?
INT-2026-03229,CUST-88110,28/05/2026 06:37,Web Chat,Standard,Greater London,AGT-698,SELECT * FROM users WHERE customer_id = 'CUST-101' OR 1=1;
INT-2026-00780,CUST-49968,24/01/2026 20:02,E-Mail,Small Business,East of England,AGT-882,Why did my direct debit fail yesterday? I was charged a £25 penalty fee unfairly.
INT-2026-00727,CUST-42154,1773466125,web_chat,Enterprise,North West,AGT-576,I was double billed for my monthly subscription on card 2720666610256342. Please process a refund.
INT-2026-04224,CUST-90826,09/02/2026 05:35,web_chat,Small Business,Greater London,AGT-914,Unacceptable service! Your agent was extremely rude. I demand an immediate refund of £85. My account number is linked to NI QA979115M.
INT-2026-02296,CUST-87780,08/04/2026 13:37,call_transcript,Standard,Yorkshire & Humber,AGT-939,I was double billed for my monthly subscription on card 213130251571616. Please process a refund.
INT-2026-04802,CUST-79682,26/05/2026 00:54,email,Enterprise,Wales,AGT-201,My business went into administration. I cannot pay this invoice right now. Contact my legal representative at jamesharrison@example.com.
INT-2026-02360,CUST-44744,09/03/2026 17:51,EMAIL,Small Business,West Midlands,AGT-984,Please delete all my data and process my Subject Access Request under UK GDPR rules immediately. Contact me at vincentbrooks@example.org.
INT-2026-03373,CUST-32384,09/01/2026 16:37,call_transcript,Standard,Greater London,AGT-103,Unacceptable service! Your agent was extremely rude. I demand an immediate refund of £85. My account number is linked to NI NO905589X.
INT-2026-00621,CUST-18423,15/02/2026 14:09,CALL,Standard,East of England,AGT-696,How do I update my password on the online customer portal?
INT-2026-00883,CUST-49683,17/02/2026 08:50,E-Mail,Standard,West Midlands,AGT-908,What are your customer support opening hours over the bank holiday weekend?
INT-2026-04378,CUST-79923,09/02/2026 13:41,call_transcript,Enterprise,Greater London,AGT-341,"This is a formal complaint regarding my overcharged invoice. If you do not resolve this today, I will escalate to the Financial Ombudsman and FCA immediately. My postcode is W2 4NX."
INT-2026-02180,CUST-29879,22/03/2026 01:22,Web Chat,Standard,Greater London,AGT-948,Why did my direct debit fail yesterday? I was charged a £25 penalty fee unfairly.
INT-2026-03003,CUST-32335,1773624705,call_transcript,Enterprise,Greater London,AGT-406,I would like to update my billing address to SY9X 9JP.
INT-2026-00726,CUST-92929,02/02/2026 11:26,Call Transcript,Enterprise,Scotland,AGT-130,I'm experiencing severe financial hardship following a bereavement. I live at W0 0GG and need urgent payment assistance.
INT-2026-04467,CUST-84632,1768023888,webchat,Enterprise,East of England,AGT-462,Can you send me a copy of my latest VAT invoice for last month?
INT-2026-03489,CUST-39113,21/02/2026 10:21,EMAIL,VIP,Scotland,AGT-947,Can you send me a copy of my latest VAT invoice for last month?
INT-2026-04770,CUST-45537,23/01/2026 09:44,Call Transcript,Standard,Scotland,AGT-668,I lost my job last month and I simply cannot afford my direct debit payment of £150. My NI number is WT540740W. Please help me reduce my bill.
INT-2026-01564,CUST-81467,03/05/2026 00:00,Web Chat,VIP,East of England,AGT-107,Your company has breached GDPR by sending emails to the wrong recipient. I am reporting this to the Information Commissioner's Office (ICO).
INT-2026-04792,CUST-15152,15/04/2026 15:40,webchat,Small Business,Scotland,AGT-335,My business went into administration. I cannot pay this invoice right now. Contact my legal representative at abdul95@example.com.
INT-2026-00197,CUST-30707,25/03/2026 01:41,Email,VIP,Wales,AGT-997,Your company has breached GDPR by sending emails to the wrong recipient. I am reporting this to the Information Commissioner's Office (ICO).
INT-2026-03663,CUST-41748,08/01/2026 17:17,E-Mail,Small Business,Scotland,AGT-995,I lost my job last month and I simply cannot afford my direct debit payment of £150. My NI number is EB509089C. Please help me reduce my bill.
INT-2026-04187,CUST-92592,24/01/2026 18:20,Email,Small Business,Scotland,AGT-903,Can you send me a copy of my latest VAT invoice for last month?
INT-2026-01939,CUST-75580,30/03/2026 09:25,Web Chat,Enterprise,West Midlands,AGT-205,I am currently in hospital due to severe illness and my pension payment hasn't come through. Please call me back on 01314960960.
INT-2026-02459,CUST-54010,12/02/2026 09:30,E-Mail,VIP,Yorkshire & Humber,AGT-448,   
INT-2026-04176,CUST-97721,14/05/2026 07:25,Call Transcript,Small Business,West Midlands,AGT-938,I'm experiencing severe financial hardship following a bereavement. I live at BH3 6WG and need urgent payment assistance.
INT-2026-00066,CUST-53065,15/03/2026 18:58,call_transcript,Standard,Yorkshire & Humber,AGT-170,You have failed to address my issue for 3 weeks. I am filing an official grievance and taking this further to legal counsel.
INT-2026-04621,CUST-44327,,CALL,,West Midlands,AGT-948,What are your customer support opening hours over the bank holiday weekend?
INT-2026-03333,CUST-54353,25/04/2026 14:49,email,Standard,Yorkshire & Humber,AGT-781,What are your customer support opening hours over the bank holiday weekend?
INT-2026-04523,CUST-33330,05/01/2026 06:30,Web Chat,Standard,Scotland,AGT-735,I am currently in hospital due to severe illness and my pension payment hasn't come through. Please call me back on +441184960838.
INT-2026-03190,CUST-32683,18/04/2026 20:18,CALL,Standard,East of England,AGT-103,???
INT-2026-01483,CUST-97073,22/02/2026 17:44,CALL,VIP,Scotland,AGT-731,I am currently in hospital due to severe illness and my pension payment hasn't come through. Please call me back on +441632 960 850.
INT-2026-00537,CUST-19120,19/03/2026 23:49,web_chat,VIP,Yorkshire & Humber,AGT-159,   
INT-2026-02470,CUST-48287,1767568931,Email,Standard,Greater London,AGT-804,Can someone explain the difference between the standard and enterprise tier plans?
INT-2026-02587,CUST-57051,12/03/2026 02:03,CALL,,Wales,AGT-755,What are your customer support opening hours over the bank holiday weekend?
INT-2026-02110,CUST-62105,30/01/2026 07:19,CALL,Enterprise,Greater London,AGT-736,Can someone explain the difference between the standard and enterprise tier plans?
INT-2026-02618,CUST-35333,07/02/2026 22:50,webchat,Standard,West Midlands,AGT-130,"This is a formal complaint regarding my overcharged invoice. If you do not resolve this today, I will escalate to the Financial Ombudsman and FCA immediately. My postcode is SP6V 4BR."
INT-2026-03391,CUST-14530,26/05/2026 14:48,E-Mail,Small Business,East of England,AGT-161,Can someone explain the difference between the standard and enterprise tier plans?
INT-2026-02895,CUST-61292,23/01/2026 01:55,email,Standard,Yorkshire & Humber,AGT-802,"<html><body><p>Hello support team, I need help logging in.</p></body></html>"
INT-2026-00123,CUST-75911,25/01/2026 02:37,Email,VIP,West Midlands,AGT-631,How do I update my password on the online customer portal?
INT-2026-00944,CUST-22564,18/05/2026 08:05,email,VIP,North West,AGT-459,"<html><body><p>Hello support team, I need help logging in.</p></body></html>"
INT-2026-03270,,20/02/2026 10:49,Call Transcript,Small Business,West Midlands,AGT-647,I was double billed for my monthly subscription on card 4117389921461199. Please process a refund.
INT-2026-04668,CUST-45226,04/01/2026 06:34,web_chat,Enterprise,West Midlands,AGT-852,I would like to update my billing address to WV3R 7SZ.
INT-2026-04845,CUST-32798,09/05/2026 08:41,,Enterprise,North West,AGT-875,I would like to update my billing address to M2T 5BP.
INT-2026-02103,CUST-37671,17/02/2026 08:12,web_chat,VIP,Scotland,AGT-741,I was double billed for my monthly subscription on card 4920570839220. Please process a refund.
INT-2026-03669,CUST-70995,1774288524,Call Transcript,Small Business,East of England,AGT-962,Please delete all my data and process my Subject Access Request under UK GDPR rules immediately. Contact me at hughesowen@example.net.
INT-2026-02517,CUST-71313,19/02/2026 04:22,web_chat,Standard,Wales,AGT-544,I am currently in hospital due to severe illness and my pension payment hasn't come through. Please call me back on (0151) 4960230.
INT-2026-00367,CUST-59362,09/01/2026 10:38,call_transcript,Enterprise,Greater London,AGT-576,How do I update my password on the online customer portal?
INT-2026-04474,CUST-62004,22/04/2026 15:46,Web Chat,Enterprise,Greater London,AGT-317,Unacceptable service! Your agent was extremely rude. I demand an immediate refund of £85. My account number is linked to NI JL085951H.
INT-2026-01976,CUST-99496,12/03/2026 18:22,call_transcript,Enterprise,West Midlands,AGT-839,What are your customer support opening hours over the bank holiday weekend?
INT-2026-01651,CUST-41835,03/04/2026 01:13,Call Transcript,Standard,Wales,AGT-757,I am currently in hospital due to severe illness and my pension payment hasn't come through. Please call me back on (028)9018857.
INT-2026-02862,CUST-56372,08/01/2026 14:12,Web Chat,Standard,Greater London,AGT-743,I was double billed for my monthly subscription on card 4161199588241. Please process a refund.
INT-2026-00626,CUST-23166,28/04/2026 21:38,Web Chat,Standard,North West,AGT-609,I would like to update my billing address to BR2 1ZB.
INT-2026-03196,CUST-59745,11/05/2026 21:16,webchat,Small Business,Scotland,AGT-121,What are your customer support opening hours over the bank holiday weekend?
INT-2026-03535,CUST-41427,02/03/2026 02:52,webchat,VIP,West Midlands,AGT-398,Can someone explain the difference between the standard and enterprise tier plans?
INT-2026-00545,CUST-69993,13/04/2026 17:58,call_transcript,Enterprise,Greater London,AGT-716,How do I update my password on the online customer portal?
INT-2026-01721,CUST-98000,04/03/2026 03:41,call_transcript,Small Business,East of England,AGT-661,How do I update my password on the online customer portal?
INT-2026-00339,CUST-81855,19/04/2026 20:22,webchat,Small Business,North West,AGT-369,I am currently in hospital due to severe illness and my pension payment hasn't come through. Please call me back on +4420 74960991.
INT-2026-04476,CUST-35119,09/01/2026 07:56,CALL,VIP,Scotland,AGT-474,I'm experiencing severe financial hardship following a bereavement. I live at HS7A 1EA and need urgent payment assistance.
INT-2026-02727,CUST-23141,24/04/2026 10:37,call_transcript,Enterprise,Greater London,AGT-637,Can you send me a copy of my latest VAT invoice for last month?
INT-2026-04742,CUST-79912,23/01/2026 19:01,webchat,Standard,North West,AGT-941,???
INT-2026-04047,,05/02/2026 00:55,CALL,VIP,Scotland,AGT-810,I am issuing a formal right to be forgotten request. Erase all personal records linked to my phone number (0161) 496 0294.
INT-2026-01480,CUST-19905,28/01/2026 16:15,Call Transcript,Enterprise,Wales,AGT-826,Can someone explain the difference between the standard and enterprise tier plans?
INT-2026-00180,CUST-66420,20/02/2026 05:48,EMAIL,VIP,Scotland,AGT-483,Can you send me a copy of my latest VAT invoice for last month?
INT-2026-01181,CUST-27037,07/03/2026 13:53,CALL,Standard,West Midlands,AGT-455,Can you send me a copy of my latest VAT invoice for last month?
INT-2026-01640,CUST-15741,1768210460,email,Standard,Yorkshire & Humber,AGT-368,Your company has breached GDPR by sending emails to the wrong recipient. I am reporting this to the Information Commissioner's Office (ICO).
INT-2026-01788,CUST-55164,15/03/2026 19:23,call_transcript,Enterprise,Greater London,AGT-602,What are your customer support opening hours over the bank holiday weekend?
INT-2026-03653,CUST-48533,25/01/2026 03:25,email,Small Business,Yorkshire & Humber,AGT-587,I lost my job last month and I simply cannot afford my direct debit payment of £150. My NI number is FY981900H. Please help me reduce my bill.
INT-2026-04737,,,Email,Enterprise,North West,AGT-675,Why did my direct debit fail yesterday? I was charged a £25 penalty fee unfairly.
INT-2026-00203,CUST-34726,06/05/2026 11:22,Web Chat,Standard,North West,AGT-611,How do I update my password on the online customer portal?
INT-2026-00702,CUST-30258,14/03/2026 23:27,Web Chat,Small Business,East of England,AGT-195,I am issuing a formal right to be forgotten request. Erase all personal records linked to my phone number 020 74960406.
INT-2026-02109,CUST-96851,12/03/2026 00:36,web_chat,Enterprise,East of England,AGT-235,Why did my direct debit fail yesterday? I was charged a £25 penalty fee unfairly.
INT-2026-03219,CUST-51059,10/04/2026 19:33,web_chat,Small Business,Wales,AGT-195,What are your customer support opening hours over the bank holiday weekend?
INT-2026-03290,CUST-20529,25/02/2026 09:14,Call Transcript,Small Business,West Midlands,AGT-802,Unacceptable service! Your agent was extremely rude. I demand an immediate refund of £85. My account number is linked to NI LA615462K.
INT-2026-00096,CUST-49691,11/01/2026 21:46,CALL,Standard,Greater London,AGT-477,How do I update my password on the online customer portal?
INT-2026-01037,CUST-90595,20/03/2026 22:34,call_transcript,Enterprise,Scotland,AGT-891,I lost my job last month and I simply cannot afford my direct debit payment of £150. My NI number is EJ305682G. Please help me reduce my bill.
INT-2026-00866,CUST-80463,24/01/2026 23:31,CALL,VIP,Wales,AGT-262,Can someone explain the difference between the standard and enterprise tier plans?
INT-2026-03388,CUST-39608,23/02/2026 19:37,E-Mail,VIP,Yorkshire & Humber,AGT-761,I would like to update my billing address to N7 0GG.
INT-2026-02449,CUST-77576,15/03/2026 21:25,E-Mail,Small Business,North West,AGT-726,Unacceptable service! Your agent was extremely rude. I demand an immediate refund of £85. My account number is linked to NI TK290783R.
INT-2026-01282,CUST-50544,1772533780,CALL,Standard,Scotland,AGT-955,
INT-2026-02531,CUST-30959,11/05/2026 01:41,Call Transcript,Standard,Yorkshire & Humber,AGT-252,Can you send me a copy of my latest VAT invoice for last month?
INT-2026-00055,CUST-94886,28/01/2026 14:52,Web Chat,Enterprise,Scotland,AGT-227,I was double billed for my monthly subscription on card 213158416878493. Please process a refund.
INT-2026-02244,CUST-50789,11/04/2026 10:36,Web Chat,VIP,Scotland,AGT-885,I lost my job last month and I simply cannot afford my direct debit payment of £150. My NI number is YD648588I. Please help me reduce my bill.
INT-2026-00752,,12/05/2026 18:02,E-Mail,Enterprise,West Midlands,AGT-711,Your company has breached GDPR by sending emails to the wrong recipient. I am reporting this to the Information Commissioner's Office (ICO).
INT-2026-01189,CUST-39133,14/05/2026 07:01,CALL,Small Business,West Midlands,AGT-474,My business went into administration. I cannot pay this invoice right now. Contact my legal representative at kerry46@example.org.
INT-2026-02293,CUST-21975,1768203369,webchat,Standard,Scotland,AGT-399,I would like to update my billing address to CV9 5HZ.
INT-2026-01025,CUST-65404,10/03/2026 04:02,CALL,Small Business,Wales,AGT-188,Can you send me a copy of my latest VAT invoice for last month?
INT-2026-03414,CUST-56945,02/04/2026 12:04,Call Transcript,Standard,West Midlands,AGT-538,Can you send me a copy of my latest VAT invoice for last month?
INT-2026-01849,CUST-80198,29/05/2026 04:34,Email,Standard,Yorkshire & Humber,AGT-279,I was double billed for my monthly subscription on card 4713042387680905. Please process a refund.
INT-2026-02312,CUST-17807,12/02/2026 22:41,email,Standard,Wales,AGT-120,Can someone explain the difference between the standard and enterprise tier plans?
INT-2026-02072,CUST-48061,1774911266,E-Mail,Standard,Yorkshire & Humber,AGT-327,My business went into administration. I cannot pay this invoice right now. Contact my legal representative at jillgill@example.com.
INT-2026-01707,CUST-94610,20/01/2026 04:49,Web Chat,Small Business,East of England,AGT-159,I would like to update my billing address to N8 6BT.
INT-2026-00176,CUST-92955,15/06/2026 11:22,CALL,VIP,Yorkshire & Humber,AGT-658,"This is a formal complaint regarding my overcharged invoice. If you do not resolve this today, I will escalate to the Financial Ombudsman and FCA immediately. My postcode is TN3 2WB. [DUPLICATE SUBMISSION]"
INT-2026-01468,CUST-53076,27/01/2026 08:48,Call Transcript,Small Business,Wales,AGT-666,"<html><body><p>Hello support team, I need help logging in.</p></body></html>"
INT-2026-04537,CUST-69153,02/01/2026 19:35,EMAIL,Small Business,East of England,AGT-426,What are your customer support opening hours over the bank holiday weekend?
INT-2026-00378,CUST-80499,19/04/2026 07:04,Email,Small Business,Scotland,AGT-411,I would like to update my billing address to M74 2NP.
INT-2026-00684,CUST-29482,04/03/2026 04:30,email,Standard,Greater London,AGT-691,Can you send me a copy of my latest VAT invoice for last month?
INT-2026-01401,CUST-68041,01/03/2026 04:09,Email,Enterprise,Greater London,AGT-377,
INT-2026-04633,CUST-15313,,webchat,Enterprise,Wales,AGT-874,I am issuing a formal right to be forgotten request. Erase all personal records linked to my phone number +44(0)115 496 0033.
INT-2026-00042,CUST-58351,26/05/2026 05:35,CALL,Standard,West Midlands,AGT-689,Can someone explain the difference between the standard and enterprise tier plans?
INT-2026-02746,CUST-43178,22/04/2026 03:31,Call Transcript,Small Business,West Midlands,AGT-974,How do I update my password on the online customer portal?
INT-2026-03765,CUST-21944,30/04/2026 09:46,CALL,Standard,East of England,AGT-879,You have failed to address my issue for 3 weeks. I am filing an official grievance and taking this further to legal counsel.
INT-2026-01342,CUST-53361,24/04/2026 22:48,webchat,Enterprise,North West,AGT-469,???
INT-2026-01188,CUST-99714,06/02/2026 05:37,web_chat,Enterprise,Scotland,AGT-271,SELECT * FROM users WHERE customer_id = 'CUST-101' OR 1=1;
INT-2026-03857,CUST-48891,25/02/2026 00:19,call_transcript,Standard,Wales,AGT-708,Your company has breached GDPR by sending emails to the wrong recipient. I am reporting this to the Information Commissioner's Office (ICO).
INT-2026-00849,CUST-37851,31/03/2026 23:59,webchat,VIP,Scotland,AGT-891,I am issuing a formal right to be forgotten request. Erase all personal records linked to my phone number +44(0)1914960260.
INT-2026-00907,CUST-96632,22/03/2026 13:27,CALL,VIP,East of England,AGT-928,What are your customer support opening hours over the bank holiday weekend?
INT-2026-01109,CUST-28441,24/03/2026 18:00,email,Small Business,West Midlands,AGT-410,Can someone explain the difference between the standard and enterprise tier plans?
INT-2026-02922,CUST-95624,05/05/2026 15:17,E-Mail,Standard,Wales,AGT-800,My business went into administration. I cannot pay this invoice right now. Contact my legal representative at qjones@example.org.
INT-2026-02886,CUST-62859,1779125960,Web Chat,VIP,Scotland,AGT-764,I was double billed for my monthly subscription on card 4413974669934647. Please process a refund.
INT-2026-01293,CUST-26569,23/04/2026 05:34,,Standard,East of England,AGT-150,My business went into administration. I cannot pay this invoice right now. Contact my legal representative at greenmaureen@example.com.
INT-2026-00087,CUST-66244,30/04/2026 03:27,CALL,Enterprise,Greater London,AGT-284,I am issuing a formal right to be forgotten request. Erase all personal records linked to my phone number 028 9018241.
INT-2026-02128,CUST-36571,14/02/2026 13:40,Call Transcript,Enterprise,North West,AGT-288,
INT-2026-04152,CUST-23972,1769719123,EMAIL,Small Business,North West,AGT-362,What are your customer support opening hours over the bank holiday weekend?
INT-2026-03334,CUST-94425,22/03/2026 13:57,Web Chat,Small Business,West Midlands,AGT-215,Why did my direct debit fail yesterday? I was charged a £25 penalty fee unfairly.
INT-2026-02309,CUST-10905,14/01/2026 06:16,EMAIL,VIP,East of England,AGT-133,How do I update my password on the online customer portal?
INT-2026-02204,CUST-78535,03/05/2026 00:55,email,VIP,East of England,AGT-635,Can someone explain the difference between the standard and enterprise tier plans?
INT-2026-00331,CUST-85483,03/02/2026 21:24,call_transcript,Small Business,Greater London,AGT-490,Can someone explain the difference between the standard and enterprise tier plans?
INT-2026-00383,,31/03/2026 01:25,Email,Small Business,North West,AGT-322,I was double billed for my monthly subscription on card 4342643350271603. Please process a refund.
INT-2026-04703,CUST-40422,18/02/2026 19:56,EMAIL,Small Business,North West,AGT-614,I lost my job last month and I simply cannot afford my direct debit payment of £150. My NI number is QJ900468O. Please help me reduce my bill.
INT-2026-04679,CUST-40502,16/03/2026 11:27,call_transcript,Standard,North West,AGT-248,How do I update my password on the online customer portal?
INT-2026-00766,CUST-60342,1768305547,webchat,Small Business,Wales,AGT-483,How do I update my password on the online customer portal?
INT-2026-00886,CUST-54714,08/04/2026 16:26,call_transcript,Small Business,Greater London,AGT-426,Can someone explain the difference between the standard and enterprise tier plans?
INT-2026-03434,CUST-63675,11/04/2026 20:24,Web Chat,Standard,Wales,AGT-293,"This is a formal complaint regarding my overcharged invoice. If you do not resolve this today, I will escalate to the Financial Ombudsman and FCA immediately. My postcode is SN9H 1UQ."
INT-2026-02595,CUST-34164,26/05/2026 18:53,CALL,Small Business,East of England,AGT-934,Unacceptable service! Your agent was extremely rude. I demand an immediate refund of £85. My account number is linked to NI JP499372A.
INT-2026-01205,CUST-91082,16/03/2026 06:10,Call Transcript,VIP,East of England,AGT-550,???
INT-2026-00486,CUST-12914,21/04/2026 18:02,webchat,VIP,West Midlands,AGT-608,Can you send me a copy of my latest VAT invoice for last month?
INT-2026-02243,CUST-81801,18/03/2026 23:15,E-Mail,Standard,Greater London,AGT-364,Can someone explain the difference between the standard and enterprise tier plans?
INT-2026-00741,CUST-85396,14/04/2026 07:54,EMAIL,Small Business,Scotland,AGT-203,You have failed to address my issue for 3 weeks. I am filing an official grievance and taking this further to legal counsel.
INT-2026-02125,CUST-98527,,webchat,Small Business,North West,AGT-463,Can you send me a copy of my latest VAT invoice for last month?
INT-2026-03720,CUST-59658,27/05/2026 20:09,EMAIL,VIP,Scotland,AGT-111,You have failed to address my issue for 3 weeks. I am filing an official grievance and taking this further to legal counsel.
INT-2026-02741,CUST-52940,24/05/2026 01:07,Call Transcript,Standard,North West,AGT-715,Please delete all my data and process my Subject Access Request under UK GDPR rules immediately. Contact me at uwebster@example.com.
INT-2026-00519,CUST-94883,07/04/2026 04:22,email,Standard,Wales,AGT-589,Please delete all my data and process my Subject Access Request under UK GDPR rules immediately. Contact me at jessica10@example.org.
INT-2026-02632,CUST-72659,29/05/2026 14:35,email,Enterprise,Scotland,AGT-343,I was double billed for my monthly subscription on card 6011788663800336. Please process a refund.
INT-2026-02737,CUST-94179,1779908327,Call Transcript,Standard,West Midlands,AGT-754,How do I update my password on the online customer portal?
INT-2026-02376,CUST-52679,21/02/2026 20:13,call_transcript,Enterprise,East of England,AGT-701,Unacceptable service! Your agent was extremely rude. I demand an immediate refund of £85. My account number is linked to NI LU866019R.
INT-2026-02631,CUST-25360,15/06/2026 11:22,Web Chat,Small Business,West Midlands,AGT-371,I would like to update my billing address to ME83 7SA. [DUPLICATE SUBMISSION]
INT-2026-01035,CUST-76829,03/04/2026 18:11,EMAIL,Small Business,Wales,AGT-740,Why did my direct debit fail yesterday? I was charged a £25 penalty fee unfairly.
INT-2026-02225,CUST-22001,,Web Chat,VIP,Wales,AGT-546,"This is a formal complaint regarding my overcharged invoice. If you do not resolve this today, I will escalate to the Financial Ombudsman and FCA immediately. My postcode is S1 2PA."
INT-2026-02891,CUST-34032,10/03/2026 14:06,webchat,VIP,Wales,AGT-246,I am issuing a formal right to be forgotten request. Erase all personal records linked to my phone number (0909)8790998.
INT-2026-00280,CUST-77147,02/03/2026 22:55,call_transcript,Enterprise,East of England,AGT-453,What are your customer support opening hours over the bank holiday weekend?
INT-2026-01272,CUST-40086,08/04/2026 16:20,call_transcript,VIP,West Midlands,AGT-112,I lost my job last month and I simply cannot afford my direct debit payment of £150. My NI number is CC424169Q. Please help me reduce my bill.
INT-2026-00645,CUST-57063,23/03/2026 22:43,CALL,Small Business,Scotland,AGT-185,Can someone explain the difference between the standard and enterprise tier plans?
INT-2026-00611,CUST-59508,24/03/2026 01:54,Call Transcript,Small Business,Greater London,AGT-880,Why did my direct debit fail yesterday? I was charged a £25 penalty fee unfairly.
INT-2026-03058,CUST-25459,11/02/2026 10:30,EMAIL,Standard,Scotland,AGT-376,Disgusted by this scam service. I demand to speak with a senior manager immediately regarding my direct debit failure.
INT-2026-02034,CUST-84368,03/02/2026 17:24,webchat,Enterprise,West Midlands,AGT-217,Why did my direct debit fail yesterday? I was charged a £25 penalty fee unfairly.
INT-2026-03006,CUST-10731,1778289593,webchat,Standard,West Midlands,AGT-325,Can you send me a copy of my latest VAT invoice for last month?
INT-2026-00980,CUST-55382,07/02/2026 10:59,call_transcript,Standard,Wales,AGT-782,How do I update my password on the online customer portal?
INT-2026-04265,CUST-17245,06/01/2026 00:23,Call Transcript,VIP,Scotland,AGT-374,Can someone explain the difference between the standard and enterprise tier plans?
INT-2026-01698,CUST-80437,02/03/2026 11:03,EMAIL,Standard,Wales,AGT-256,I would like to update my billing address to DL7 2TW.
INT-2026-01356,CUST-39105,26/01/2026 02:07,E-Mail,Small Business,Scotland,AGT-193,Can someone explain the difference between the standard and enterprise tier plans?
INT-2026-00881,CUST-14304,05/03/2026 23:39,EMAIL,Standard,Wales,AGT-157,Can you send me a copy of my latest VAT invoice for last month?
INT-2026-01306,CUST-13611,20/01/2026 18:02,CALL,Standard,Scotland,AGT-897,I was double billed for my monthly subscription on card 376573297741052. Please process a refund.
INT-2026-03059,CUST-43716,06/05/2026 12:15,CALL,Enterprise,Greater London,AGT-967,Please delete all my data and process my Subject Access Request under UK GDPR rules immediately. Contact me at walshbernard@example.org.
INT-2026-02326,CUST-19844,15/04/2026 12:25,Email,VIP,East of England,AGT-963,Can someone explain the difference between the standard and enterprise tier plans?
INT-2026-03725,CUST-62694,15/06/2026 11:22,E-Mail,Enterprise,Yorkshire & Humber,AGT-142,I was double billed for my monthly subscription on card 502093434764. Please process a refund. [DUPLICATE SUBMISSION]
INT-2026-02717,CUST-42722,08/03/2026 20:38,call_transcript,Standard,East of England,AGT-477,My business went into administration. I cannot pay this invoice right now. Contact my legal representative at wendy95@example.com.
INT-2026-00878,CUST-37742,,email,Small Business,Scotland,AGT-733,I would like to update my billing address to CV0 9XR.
INT-2026-02059,CUST-92453,10/01/2026 19:13,E-Mail,VIP,West Midlands,AGT-876,I was double billed for my monthly subscription on card 3578336826144648. Please process a refund.
INT-2026-00025,CUST-63264,15/02/2026 23:16,email,Standard,North West,AGT-854,Can someone explain the difference between the standard and enterprise tier plans?
INT-2026-02295,CUST-17465,26/01/2026 09:25,web_chat,Enterprise,Greater London,AGT-666,You have failed to address my issue for 3 weeks. I am filing an official grievance and taking this further to legal counsel.
INT-2026-00201,CUST-37925,21/03/2026 22:42,email,VIP,Wales,AGT-226,I was double billed for my monthly subscription on card 4947386463175207168. Please process a refund.
INT-2026-02234,CUST-30825,18/02/2026 08:29,,Small Business,Greater London,AGT-362,Can someone explain the difference between the standard and enterprise tier plans?
INT-2026-03083,CUST-42911,23/01/2026 08:08,Web Chat,Small Business,North West,AGT-748,Unacceptable service! Your agent was extremely rude. I demand an immediate refund of £85. My account number is linked to NI CM526362C.
INT-2026-00859,CUST-93599,16/03/2026 03:50,EMAIL,Enterprise,Scotland,AGT-510,I'm experiencing severe financial hardship following a bereavement. I live at W6E 5NQ and need urgent payment assistance.
INT-2026-01106,CUST-10369,,EMAIL,VIP,Scotland,AGT-247,"This is a formal complaint regarding my overcharged invoice. If you do not resolve this today, I will escalate to the Financial Ombudsman and FCA immediately. My postcode is N27 2QF."
INT-2026-00013,CUST-42493,05/01/2026 02:01,web_chat,Standard,North West,AGT-169,I would like to update my billing address to L5 1PZ.
INT-2026-03465,CUST-23674,10/03/2026 05:50,email,Enterprise,Scotland,AGT-558,I would like to update my billing address to G9F 3YX.
INT-2026-01331,CUST-75973,1768014713,web_chat,Standard,West Midlands,AGT-832,What are your customer support opening hours over the bank holiday weekend?
INT-2026-03467,CUST-45345,30/01/2026 23:48,Web Chat,Standard,West Midlands,AGT-174,I'm experiencing severe financial hardship following a bereavement. I live at NP0B 2XZ and need urgent payment assistance.
INT-2026-00072,CUST-94717,07/01/2026 11:29,Call Transcript,Small Business,North West,AGT-305,You have failed to address my issue for 3 weeks. I am filing an official grievance and taking this further to legal counsel.
INT-2026-01628,CUST-87048,20/05/2026 04:38,Email,Standard,Wales,AGT-354,What are your customer support opening hours over the bank holiday weekend?
INT-2026-01610,CUST-91910,25/02/2026 02:09,webchat,Small Business,Wales,AGT-782,What are your customer support opening hours over the bank holiday weekend?
INT-2026-03842,CUST-53931,17/01/2026 03:28,EMAIL,,Yorkshire & Humber,AGT-805,I would like to update my billing address to ZE3V 1UU.
INT-2026-01918,CUST-94634,21/03/2026 07:52,webchat,Enterprise,Greater London,AGT-238,I would like to update my billing address to L1K 7YY.
INT-2026-00447,CUST-53634,24/03/2026 16:50,Web Chat,VIP,Wales,AGT-801,I'm experiencing severe financial hardship following a bereavement. I live at HX4 2GJ and need urgent payment assistance.
INT-2026-01823,,15/05/2026 12:05,Call Transcript,VIP,West Midlands,AGT-502,I was double billed for my monthly subscription on card 3573924678314644. Please process a refund.
INT-2026-02334,CUST-20774,,Web Chat,Standard,Wales,AGT-496,I'm experiencing severe financial hardship following a bereavement. I live at W3J 8WA and need urgent payment assistance.
INT-2026-04818,CUST-44598,25/02/2026 20:56,Email,Standard,East of England,AGT-604,I would like to update my billing address to CV39 0JS.
INT-2026-01686,CUST-57423,02/03/2026 15:55,CALL,VIP,North West,AGT-236,Why did my direct debit fail yesterday? I was charged a £25 penalty fee unfairly.
INT-2026-04663,CUST-98161,14/05/2026 01:12,E-Mail,VIP,Scotland,AGT-608,You have failed to address my issue for 3 weeks. I am filing an official grievance and taking this further to legal counsel.
INT-2026-04237,CUST-72510,06/01/2026 12:24,Web Chat,Enterprise,West Midlands,AGT-673,What are your customer support opening hours over the bank holiday weekend?
INT-2026-04391,CUST-54138,20/02/2026 16:50,E-Mail,VIP,Yorkshire & Humber,AGT-431,Unacceptable service! Your agent was extremely rude. I demand an immediate refund of £85. My account number is linked to NI PL576106W.
INT-2026-00463,CUST-83306,06/01/2026 05:05,E-Mail,Small Business,Greater London,AGT-769,I would like to update my billing address to G4 4LS.
INT-2026-01944,CUST-22727,14/04/2026 09:35,Web Chat,Standard,East of England,AGT-156,   
INT-2026-04153,CUST-12800,,Web Chat,Small Business,West Midlands,AGT-869,How do I update my password on the online customer portal?
INT-2026-03254,CUST-40364,13/05/2026 07:38,web_chat,VIP,Scotland,AGT-209,
INT-2026-01752,CUST-88225,17/03/2026 10:42,email,Enterprise,North West,AGT-875,I would like to update my billing address to HP56 4FY.
INT-2026-03794,CUST-84500,20/01/2026 19:50,call_transcript,Standard,West Midlands,AGT-263,How do I update my password on the online customer portal?
INT-2026-00613,CUST-10547,08/04/2026 05:25,,Small Business,East of England,AGT-482,I was double billed for my monthly subscription on card 4524784171594979. Please process a refund.
INT-2026-03564,CUST-27886,14/03/2026 17:42,EMAIL,Small Business,Greater London,AGT-971,Why did my direct debit fail yesterday? I was charged a £25 penalty fee unfairly.
INT-2026-04707,CUST-47435,07/03/2026 03:21,Email,Standard,North West,AGT-531,   
INT-2026-01357,CUST-89578,29/05/2026 10:47,EMAIL,Standard,Greater London,AGT-603,Disgusted by this scam service. I demand to speak with a senior manager immediately regarding my direct debit failure.
INT-2026-00708,CUST-51486,31/03/2026 01:30,,Small Business,West Midlands,AGT-633,Can someone explain the difference between the standard and enterprise tier plans?
INT-2026-00313,CUST-57483,07/05/2026 12:33,webchat,Enterprise,East of England,AGT-506,Can someone explain the difference between the standard and enterprise tier plans?
INT-2026-01040,CUST-90788,03/05/2026 03:55,Web Chat,Enterprise,West Midlands,AGT-345,I was double billed for my monthly subscription on card 502081889698. Please process a refund.
INT-2026-03760,CUST-89981,17/01/2026 05:48,call_transcript,Small Business,East of England,AGT-943,Can you send me a copy of my latest VAT invoice for last month?
INT-2026-01827,,25/04/2026 07:16,CALL,Enterprise,Wales,AGT-943,Why did my direct debit fail yesterday? I was charged a £25 penalty fee unfairly.
INT-2026-00422,,14/05/2026 02:39,EMAIL,Standard,Yorkshire & Humber,AGT-194,I am currently in hospital due to severe illness and my pension payment hasn't come through. Please call me back on 020 7946 0705.
INT-2026-00132,,11/04/2026 20:15,Call Transcript,Enterprise,North West,AGT-502,ok thanks
INT-2026-02712,CUST-19368,18/04/2026 07:38,call_transcript,VIP,Yorkshire & Humber,AGT-554,I am issuing a formal right to be forgotten request. Erase all personal records linked to my phone number +448081570710.
INT-2026-01614,CUST-42960,19/01/2026 13:44,E-Mail,Standard,North West,AGT-229,
INT-2026-02108,CUST-61537,19/04/2026 05:10,CALL,Enterprise,Scotland,AGT-313,Can someone explain the difference between the standard and enterprise tier plans?
INT-2026-02287,CUST-71564,21/01/2026 00:46,email,Small Business,West Midlands,AGT-310,I was double billed for my monthly subscription on card 2250101190504422. Please process a refund.
INT-2026-04769,CUST-83530,11/02/2026 09:31,webchat,Enterprise,North West,AGT-698,I would like to update my billing address to IV77 1PN.
INT-2026-01934,CUST-51717,23/02/2026 17:25,Call Transcript,Small Business,Scotland,AGT-535,Can someone explain the difference between the standard and enterprise tier plans?
INT-2026-01893,CUST-88823,14/03/2026 03:38,Web Chat,VIP,East of England,AGT-712,How do I update my password on the online customer portal?
INT-2026-03967,CUST-84996,10/04/2026 12:27,CALL,Enterprise,North West,AGT-272,Why did my direct debit fail yesterday? I was charged a £25 penalty fee unfairly.
INT-2026-01652,CUST-66686,06/02/2026 19:51,E-Mail,VIP,Wales,AGT-798,Disgusted by this scam service. I demand to speak with a senior manager immediately regarding my direct debit failure.
INT-2026-04368,CUST-69866,31/03/2026 19:31,CALL,Standard,North West,AGT-636,I am issuing a formal right to be forgotten request. Erase all personal records linked to my phone number +44131 4960257.
INT-2026-01060,CUST-63110,21/03/2026 03:55,call_transcript,Standard,Yorkshire & Humber,AGT-476,How do I update my password on the online customer portal?
INT-2026-03068,CUST-44215,15/03/2026 13:49,web_chat,Enterprise,North West,AGT-371,Your company has breached GDPR by sending emails to the wrong recipient. I am reporting this to the Information Commissioner's Office (ICO).
INT-2026-00550,CUST-83315,16/04/2026 05:07,CALL,VIP,Wales,AGT-587,Why did my direct debit fail yesterday? I was charged a £25 penalty fee unfairly.
INT-2026-02580,CUST-33235,07/05/2026 21:16,webchat,,West Midlands,AGT-954,Disgusted by this scam service. I demand to speak with a senior manager immediately regarding my direct debit failure.
INT-2026-01736,CUST-23304,1778227740,call_transcript,VIP,Scotland,AGT-233,I was double billed for my monthly subscription on card 4440291956505841. Please process a refund.
INT-2026-02222,CUST-27168,28/01/2026 20:20,web_chat,VIP,Wales,AGT-877,I'm experiencing severe financial hardship following a bereavement. I live at N9U 6ZE and need urgent payment assistance.
INT-2026-01694,CUST-87264,18/04/2026 10:28,webchat,Small Business,East of England,AGT-411,Can someone explain the difference between the standard and enterprise tier plans?
INT-2026-00918,CUST-78888,20/04/2026 07:13,email,VIP,East of England,AGT-643,Unacceptable service! Your agent was extremely rude. I demand an immediate refund of £85. My account number is linked to NI JS530455U.
INT-2026-04795,CUST-68100,30/04/2026 22:39,email,VIP,Wales,AGT-803,How do I update my password on the online customer portal?
INT-2026-02379,CUST-62369,,Email,Standard,Wales,AGT-461,Please delete all my data and process my Subject Access Request under UK GDPR rules immediately. Contact me at terryharper@example.net.
INT-2026-02660,CUST-64158,01/04/2026 01:21,Call Transcript,Small Business,West Midlands,AGT-465,I am issuing a formal right to be forgotten request. Erase all personal records linked to my phone number +44(0)8081570466.
INT-2026-00925,CUST-23506,27/04/2026 07:45,CALL,Small Business,Scotland,AGT-158,I would like to update my billing address to DA0 7EB.
INT-2026-03526,CUST-18197,30/01/2026 16:45,call_transcript,Standard,Wales,AGT-816,
INT-2026-01688,CUST-81061,11/01/2026 19:14,Call Transcript,Enterprise,East of England,AGT-365,My business went into administration. I cannot pay this invoice right now. Contact my legal representative at tturner@example.net.
INT-2026-02410,,14/01/2026 00:43,web_chat,Small Business,West Midlands,AGT-754,You have failed to address my issue for 3 weeks. I am filing an official grievance and taking this further to legal counsel.
INT-2026-02014,CUST-86402,,CALL,Small Business,Greater London,AGT-604,How do I update my password on the online customer portal?
INT-2026-01410,CUST-84713,27/03/2026 21:00,Call Transcript,Small Business,East of England,AGT-511,I am issuing a formal right to be forgotten request. Erase all personal records linked to my phone number 01314960229.
INT-2026-00733,CUST-10647,20/02/2026 10:13,Email,Enterprise,Greater London,AGT-370,Your company has breached GDPR by sending emails to the wrong recipient. I am reporting this to the Information Commissioner's Office (ICO).
INT-2026-00090,CUST-55242,12/05/2026 16:43,Web Chat,Small Business,Yorkshire & Humber,AGT-156,I'm experiencing severe financial hardship following a bereavement. I live at PE7 8JF and need urgent payment assistance.
INT-2026-03372,CUST-71863,30/05/2026 21:52,E-Mail,Small Business,West Midlands,AGT-306,Why did my direct debit fail yesterday? I was charged a £25 penalty fee unfairly.
INT-2026-01155,CUST-59265,18/04/2026 07:45,Web Chat,Small Business,Greater London,AGT-634,Your company has breached GDPR by sending emails to the wrong recipient. I am reporting this to the Information Commissioner's Office (ICO).
INT-2026-01368,CUST-94838,20/04/2026 23:35,Email,Small Business,North West,AGT-181,What are your customer support opening hours over the bank holiday weekend?
INT-2026-03071,CUST-20319,30/05/2026 03:55,Web Chat,Small Business,Greater London,AGT-599,I lost my job last month and I simply cannot afford my direct debit payment of £150. My NI number is XH705708H. Please help me reduce my bill.
INT-2026-00127,CUST-55268,28/05/2026 16:57,email,Enterprise,Scotland,AGT-353,"This is a formal complaint regarding my overcharged invoice. If you do not resolve this today, I will escalate to the Financial Ombudsman and FCA immediately. My postcode is DY0 8QR."
INT-2026-01495,CUST-25563,28/03/2026 12:58,E-Mail,Enterprise,Greater London,AGT-778,I would like to update my billing address to G1 1RA.
INT-2026-00015,CUST-63883,11/05/2026 18:06,Email,Standard,North West,AGT-296,Disgusted by this scam service. I demand to speak with a senior manager immediately regarding my direct debit failure.
INT-2026-02473,CUST-95316,15/06/2026 11:22,Email,VIP,West Midlands,AGT-567,What are your customer support opening hours over the bank holiday weekend? [DUPLICATE SUBMISSION]
INT-2026-00195,,22/05/2026 22:23,EMAIL,Small Business,North West,AGT-539,Can someone explain the difference between the standard and enterprise tier plans?
INT-2026-02776,CUST-95449,20/04/2026 18:00,webchat,Small Business,Greater London,AGT-577,Why did my direct debit fail yesterday? I was charged a £25 penalty fee unfairly.
INT-2026-03829,CUST-28426,25/03/2026 06:20,web_chat,Small Business,Scotland,AGT-150,"This is a formal complaint regarding my overcharged invoice. If you do not resolve this today, I will escalate to the Financial Ombudsman and FCA immediately. My postcode is IV5 6TP."
INT-2026-04147,CUST-73105,08/03/2026 15:52,Email,VIP,East of England,AGT-894,I'm experiencing severe financial hardship following a bereavement. I live at SK4V 4GA and need urgent payment assistance.
INT-2026-03847,CUST-65098,23/05/2026 19:03,Web Chat,,West Midlands,AGT-143,Can someone explain the difference between the standard and enterprise tier plans?
INT-2026-01637,CUST-60788,21/03/2026 02:49,email,Standard,West Midlands,AGT-337,SELECT * FROM users WHERE customer_id = 'CUST-101' OR 1=1;
INT-2026-03478,CUST-32192,21/05/2026 13:54,webchat,VIP,North West,AGT-774,I was double billed for my monthly subscription on card 38602343157599. Please process a refund.
INT-2026-04565,CUST-66515,10/02/2026 23:42,E-Mail,Standard,Wales,AGT-743,How do I update my password on the online customer portal?
INT-2026-01403,CUST-37420,24/05/2026 21:41,CALL,Small Business,West Midlands,AGT-913,You have failed to address my issue for 3 weeks. I am filing an official grievance and taking this further to legal counsel.
INT-2026-04089,CUST-82794,03/04/2026 20:50,webchat,Enterprise,Wales,AGT-957,What are your customer support opening hours over the bank holiday weekend?
INT-2026-01056,CUST-35609,14/01/2026 02:01,EMAIL,Small Business,Yorkshire & Humber,AGT-879,Why did my direct debit fail yesterday? I was charged a £25 penalty fee unfairly.
INT-2026-00135,CUST-35006,02/03/2026 21:54,,Small Business,Wales,AGT-968,How do I update my password on the online customer portal?
INT-2026-04316,,28/01/2026 19:21,E-Mail,Standard,Greater London,AGT-487,I would like to update my billing address to B4F 6TF.
INT-2026-04031,CUST-55482,01/02/2026 14:21,E-Mail,Enterprise,Wales,AGT-460,Please delete all my data and process my Subject Access Request under UK GDPR rules immediately. Contact me at reidelizabeth@example.net.
INT-2026-00569,CUST-14370,25/01/2026 18:21,EMAIL,Small Business,Greater London,AGT-204,How do I update my password on the online customer portal?
INT-2026-01599,CUST-22209,29/03/2026 03:24,E-Mail,VIP,Scotland,AGT-745,I am issuing a formal right to be forgotten request. Erase all personal records linked to my phone number (0141) 496 0931.
INT-2026-00426,CUST-67878,07/01/2026 18:27,EMAIL,Small Business,North West,AGT-768,How do I update my password on the online customer portal?
INT-2026-02007,CUST-24311,19/03/2026 22:05,EMAIL,Standard,Scotland,AGT-903,How do I update my password on the online customer portal?
INT-2026-01154,CUST-47925,04/01/2026 01:30,email,Small Business,Wales,AGT-712,Can someone explain the difference between the standard and enterprise tier plans?
INT-2026-02493,CUST-92100,09/03/2026 13:01,EMAIL,Standard,Wales,AGT-652,What are your customer support opening hours over the bank holiday weekend?
INT-2026-03836,CUST-64232,11/05/2026 22:56,call_transcript,Small Business,North West,AGT-643,Your company has breached GDPR by sending emails to the wrong recipient. I am reporting this to the Information Commissioner's Office (ICO).
INT-2026-04261,CUST-58978,22/03/2026 10:21,EMAIL,Standard,North West,AGT-674,I am currently in hospital due to severe illness and my pension payment hasn't come through. Please call me back on (0116) 496 0356.
INT-2026-02961,CUST-92831,04/04/2026 09:44,Web Chat,Small Business,North West,AGT-938,How do I update my password on the online customer portal?
INT-2026-02298,CUST-40434,20/03/2026 18:42,call_transcript,Enterprise,Scotland,AGT-132,Can someone explain the difference between the standard and enterprise tier plans?
INT-2026-03893,CUST-11646,07/02/2026 08:32,Email,VIP,Scotland,AGT-294,Can someone explain the difference between the standard and enterprise tier plans?
INT-2026-01950,CUST-23497,21/01/2026 07:39,,Standard,Greater London,AGT-160,What are your customer support opening hours over the bank holiday weekend?
INT-2026-03266,CUST-87231,09/03/2026 15:53,Web Chat,VIP,North West,AGT-204,What are your customer support opening hours over the bank holiday weekend?
INT-2026-01348,CUST-58281,18/01/2026 22:30,Call Transcript,Enterprise,East of England,AGT-280,Can you send me a copy of my latest VAT invoice for last month?
INT-2026-01576,CUST-67052,15/06/2026 11:22,E-Mail,VIP,Scotland,AGT-282,Can you send me a copy of my latest VAT invoice for last month? [DUPLICATE SUBMISSION]
INT-2026-02451,CUST-18841,29/01/2026 07:58,,VIP,West Midlands,AGT-385,What are your customer support opening hours over the bank holiday weekend?
INT-2026-00767,CUST-68918,19/04/2026 01:19,CALL,VIP,East of England,AGT-265,Can you send me a copy of my latest VAT invoice for last month?
INT-2026-01990,CUST-47145,08/01/2026 04:48,webchat,Small Business,Greater London,AGT-119,I'm experiencing severe financial hardship following a bereavement. I live at L4 1LW and need urgent payment assistance.
INT-2026-00514,CUST-25989,21/01/2026 14:19,CALL,Small Business,Scotland,AGT-743,   
INT-2026-04400,CUST-52972,06/01/2026 02:33,CALL,Standard,Scotland,AGT-540,You have failed to address my issue for 3 weeks. I am filing an official grievance and taking this further to legal counsel.
INT-2026-01004,CUST-25105,14/02/2026 03:44,Web Chat,VIP,Scotland,AGT-143,I am currently in hospital due to severe illness and my pension payment hasn't come through. Please call me back on 0116 4960094.
INT-2026-01903,CUST-58215,27/04/2026 16:30,,Standard,East of England,AGT-853,Can you send me a copy of my latest VAT invoice for last month?
INT-2026-04116,CUST-19109,06/04/2026 23:03,email,Enterprise,Wales,AGT-265,Why did my direct debit fail yesterday? I was charged a £25 penalty fee unfairly.
INT-2026-04723,,26/04/2026 20:53,email,,Scotland,AGT-419,What are your customer support opening hours over the bank holiday weekend?
INT-2026-00016,CUST-70637,28/03/2026 01:08,EMAIL,Standard,Greater London,AGT-871,What are your customer support opening hours over the bank holiday weekend?
INT-2026-00221,CUST-53456,10/01/2026 19:59,Call Transcript,Standard,Scotland,AGT-799,I was double billed for my monthly subscription on card 38697499564127. Please process a refund.
INT-2026-02114,CUST-44393,12/05/2026 07:38,Call Transcript,Small Business,Wales,AGT-471,???
INT-2026-01276,CUST-88492,04/04/2026 10:44,web_chat,Small Business,East of England,AGT-240,Unacceptable service! Your agent was extremely rude. I demand an immediate refund of £85. My account number is linked to NI DO559591U.
INT-2026-04651,,13/04/2026 04:08,Web Chat,Standard,West Midlands,AGT-903,Why did my direct debit fail yesterday? I was charged a £25 penalty fee unfairly.
INT-2026-00712,CUST-47125,18/01/2026 00:20,EMAIL,Small Business,Greater London,AGT-608,How do I update my password on the online customer portal?
INT-2026-01993,CUST-56260,05/04/2026 12:41,webchat,Small Business,Greater London,AGT-600,I am currently in hospital due to severe illness and my pension payment hasn't come through. Please call me back on +44(0)1414960753.
INT-2026-02519,CUST-38522,07/05/2026 00:57,Email,Enterprise,North West,AGT-790,I would like to update my billing address to E4 0DS.
INT-2026-00114,CUST-62431,07/03/2026 20:01,webchat,Enterprise,Wales,AGT-184,How do I update my password on the online customer portal?
INT-2026-02730,CUST-30669,10/04/2026 20:06,email,Enterprise,Yorkshire & Humber,AGT-150,I was double billed for my monthly subscription on card 561280729949. Please process a refund.
INT-2026-01527,CUST-91265,23/04/2026 05:09,E-Mail,Standard,Greater London,AGT-408,Can someone explain the difference between the standard and enterprise tier plans?
INT-2026-02198,CUST-18388,10/02/2026 13:03,CALL,VIP,Wales,AGT-385,I would like to update my billing address to W56 1NJ.
INT-2026-01394,CUST-52089,21/01/2026 13:23,webchat,Enterprise,Greater London,AGT-495,Can you send me a copy of my latest VAT invoice for last month?
INT-2026-02770,CUST-68704,20/01/2026 22:05,Call Transcript,,Wales,AGT-915,What are your customer support opening hours over the bank holiday weekend?
INT-2026-02455,CUST-26179,18/05/2026 16:24,web_chat,VIP,Yorkshire & Humber,AGT-391,I lost my job last month and I simply cannot afford my direct debit payment of £150. My NI number is CI807934S. Please help me reduce my bill.
INT-2026-02944,CUST-13595,20/04/2026 15:27,email,VIP,East of England,AGT-647,I am issuing a formal right to be forgotten request. Erase all personal records linked to my phone number (028)9018619.
INT-2026-00782,CUST-59719,14/04/2026 09:35,webchat,Standard,Yorkshire & Humber,AGT-872,I would like to update my billing address to E2F 9UU.
INT-2026-03402,CUST-44932,24/04/2026 04:59,email,Enterprise,West Midlands,AGT-376,What are your customer support opening hours over the bank holiday weekend?
INT-2026-01500,CUST-50838,08/03/2026 21:12,E-Mail,VIP,Yorkshire & Humber,AGT-196,   
INT-2026-00567,CUST-35805,13/01/2026 04:52,Web Chat,Standard,Yorkshire & Humber,AGT-916,I would like to update my billing address to L10 3XL.
INT-2026-03366,CUST-98968,12/02/2026 08:28,call_transcript,Standard,West Midlands,AGT-479,I would like to update my billing address to HP93 7UQ.
INT-2026-03237,CUST-26629,24/04/2026 16:15,webchat,Standard,East of England,AGT-508,I would like to update my billing address to G08 5ZJ.
INT-2026-00916,CUST-78035,24/03/2026 19:42,web_chat,Small Business,Wales,AGT-213,You have failed to address my issue for 3 weeks. I am filing an official grievance and taking this further to legal counsel.
INT-2026-02022,CUST-64831,10/04/2026 08:51,email,VIP,West Midlands,AGT-619,Your company has breached GDPR by sending emails to the wrong recipient. I am reporting this to the Information Commissioner's Office (ICO).
INT-2026-02486,CUST-92881,24/02/2026 16:06,EMAIL,VIP,East of England,AGT-231,ok thanks
INT-2026-00301,CUST-61445,23/05/2026 09:05,CALL,Enterprise,Yorkshire & Humber,AGT-110,What are your customer support opening hours over the bank holiday weekend?
INT-2026-03406,CUST-19878,19/03/2026 05:53,EMAIL,Enterprise,East of England,AGT-790,Can someone explain the difference between the standard and enterprise tier plans?
INT-2026-01145,CUST-47178,24/01/2026 05:50,CALL,VIP,Scotland,AGT-476,I would like to update my billing address to DN1 9GS.
INT-2026-01842,CUST-39761,28/04/2026 10:14,webchat,Standard,Greater London,AGT-901,SELECT * FROM users WHERE customer_id = 'CUST-101' OR 1=1;
INT-2026-03090,CUST-59179,12/02/2026 18:40,web_chat,Standard,West Midlands,AGT-308,I would like to update my billing address to ZE2 0HX.
INT-2026-03015,CUST-64178,20/03/2026 19:29,CALL,VIP,Scotland,AGT-976,SELECT * FROM users WHERE customer_id = 'CUST-101' OR 1=1;
INT-2026-01818,CUST-28141,13/05/2026 11:03,webchat,VIP,North West,AGT-957,I lost my job last month and I simply cannot afford my direct debit payment of £150. My NI number is YK043987G. Please help me reduce my bill.
INT-2026-00160,CUST-71537,09/02/2026 10:38,web_chat,VIP,Greater London,AGT-367,Can you send me a copy of my latest VAT invoice for last month?
INT-2026-03597,CUST-71780,,Email,Small Business,Wales,AGT-650,I am issuing a formal right to be forgotten request. Erase all personal records linked to my phone number 020 7946 0277.
INT-2026-02102,CUST-40456,28/02/2026 20:15,call_transcript,Enterprise,North West,AGT-334,Why did my direct debit fail yesterday? I was charged a £25 penalty fee unfairly.
INT-2026-01326,CUST-89150,17/04/2026 07:28,EMAIL,Small Business,North West,AGT-922,I was double billed for my monthly subscription on card 2237020981940140. Please process a refund.
INT-2026-03084,,29/05/2026 22:05,email,VIP,East of England,AGT-751,
INT-2026-04396,CUST-44438,25/01/2026 11:18,email,Small Business,Scotland,AGT-136,My business went into administration. I cannot pay this invoice right now. Contact my legal representative at richardsross@example.net.
INT-2026-01177,,15/04/2026 23:28,webchat,Enterprise,West Midlands,AGT-790,Disgusted by this scam service. I demand to speak with a senior manager immediately regarding my direct debit failure.
INT-2026-02117,CUST-45902,17/02/2026 08:16,,VIP,East of England,AGT-283,SELECT * FROM users WHERE customer_id = 'CUST-101' OR 1=1;
INT-2026-03067,CUST-33584,,CALL,Small Business,Yorkshire & Humber,AGT-686,I was double billed for my monthly subscription on card 3551011090053707. Please process a refund.
INT-2026-03200,CUST-12575,01/03/2026 09:09,E-Mail,Small Business,Greater London,AGT-677,Can someone explain the difference between the standard and enterprise tier plans?
INT-2026-00363,CUST-27677,05/04/2026 17:35,E-Mail,VIP,North West,AGT-173,Disgusted by this scam service. I demand to speak with a senior manager immediately regarding my direct debit failure.
INT-2026-02041,CUST-24006,29/04/2026 07:33,Call Transcript,VIP,West Midlands,AGT-175,Why did my direct debit fail yesterday? I was charged a £25 penalty fee unfairly.
INT-2026-02092,CUST-86971,02/03/2026 13:10,Web Chat,Enterprise,Wales,AGT-148,Can someone explain the difference between the standard and enterprise tier plans?
INT-2026-03770,CUST-99166,15/01/2026 07:27,email,Enterprise,East of England,AGT-894,Can someone explain the difference between the standard and enterprise tier plans?
INT-2026-03345,CUST-92215,1767846588,E-Mail,Standard,East of England,AGT-170,How do I update my password on the online customer portal?
INT-2026-02963,CUST-87819,28/05/2026 18:53,web_chat,Enterprise,Greater London,AGT-780,Why did my direct debit fail yesterday? I was charged a £25 penalty fee unfairly.
INT-2026-01398,CUST-14725,27/04/2026 04:06,E-Mail,Enterprise,North West,AGT-712,Please delete all my data and process my Subject Access Request under UK GDPR rules immediately. Contact me at leannefletcher@example.com.
INT-2026-00922,CUST-39662,28/01/2026 06:29,Web Chat,VIP,North West,AGT-554,You have failed to address my issue for 3 weeks. I am filing an official grievance and taking this further to legal counsel.
INT-2026-00223,CUST-78919,04/01/2026 19:00,call_transcript,Small Business,West Midlands,AGT-679,I was double billed for my monthly subscription on card 6517957602437570. Please process a refund.
INT-2026-00352,CUST-38930,03/01/2026 12:59,EMAIL,Standard,Scotland,AGT-920,I would like to update my billing address to S59 9UH.
INT-2026-01702,CUST-37303,24/04/2026 01:40,web_chat,VIP,East of England,AGT-549,Disgusted by this scam service. I demand to speak with a senior manager immediately regarding my direct debit failure.
INT-2026-00936,CUST-38307,17/02/2026 07:37,Web Chat,VIP,Scotland,AGT-290,Can someone explain the difference between the standard and enterprise tier plans?
INT-2026-02130,CUST-30579,1773156051,web_chat,Standard,Greater London,AGT-625,I'm experiencing severe financial hardship following a bereavement. I live at B8 8FY and need urgent payment assistance.
INT-2026-01230,CUST-47712,23/02/2026 12:08,call_transcript,VIP,Greater London,AGT-117,Why did my direct debit fail yesterday? I was charged a £25 penalty fee unfairly.
INT-2026-02145,CUST-33794,09/02/2026 02:40,E-Mail,VIP,West Midlands,AGT-569,Can you send me a copy of my latest VAT invoice for last month?
INT-2026-00948,CUST-48198,25/04/2026 14:05,email,Enterprise,Scotland,AGT-774,I was double billed for my monthly subscription on card 6570059946966937. Please process a refund.
INT-2026-02707,CUST-84018,24/05/2026 08:52,CALL,VIP,North West,AGT-671,I was double billed for my monthly subscription on card 3551313843661137. Please process a refund.
INT-2026-03286,CUST-73995,16/05/2026 13:51,Email,Standard,Wales,AGT-996,I would like to update my billing address to HP5E 5QB.
INT-2026-01579,CUST-38730,30/05/2026 19:25,Web Chat,Small Business,Wales,AGT-443,Can someone explain the difference between the standard and enterprise tier plans?
INT-2026-02680,CUST-11308,09/02/2026 13:46,webchat,Small Business,North West,AGT-577,"<html><body><p>Hello support team, I need help logging in.</p></body></html>"
INT-2026-02651,CUST-56218,06/03/2026 03:06,email,Enterprise,Scotland,AGT-568,How do I update my password on the online customer portal?
INT-2026-04709,CUST-56696,,webchat,Enterprise,Wales,AGT-411,Your company has breached GDPR by sending emails to the wrong recipient. I am reporting this to the Information Commissioner's Office (ICO).
INT-2026-03562,CUST-85924,13/05/2026 09:14,Email,VIP,Wales,AGT-473,What are your customer support opening hours over the bank holiday weekend?
INT-2026-01113,CUST-54734,07/02/2026 13:23,,Enterprise,Yorkshire & Humber,AGT-304,I would like to update my billing address to TN35 2TG.
INT-2026-00657,CUST-10675,20/03/2026 01:46,email,VIP,Scotland,AGT-226,How do I update my password on the online customer portal?
INT-2026-04212,CUST-83256,06/03/2026 08:43,Call Transcript,Enterprise,West Midlands,AGT-218,Unacceptable service! Your agent was extremely rude. I demand an immediate refund of £85. My account number is linked to NI VJ924071A.
INT-2026-03700,,28/04/2026 18:11,E-Mail,Enterprise,Scotland,AGT-448,I would like to update my billing address to G83 5TB.
INT-2026-00183,CUST-77632,06/03/2026 06:31,email,VIP,North West,AGT-755,Can someone explain the difference between the standard and enterprise tier plans?
INT-2026-04305,CUST-60871,,web_chat,VIP,North West,AGT-244,What are your customer support opening hours over the bank holiday weekend?
INT-2026-01428,CUST-61707,1770092848,web_chat,Small Business,Greater London,AGT-506,Can you send me a copy of my latest VAT invoice for last month?
INT-2026-02203,CUST-61785,16/05/2026 08:02,web_chat,Small Business,Scotland,AGT-337,I was double billed for my monthly subscription on card 5324229606913823. Please process a refund.
INT-2026-03893,CUST-11646,07/02/2026 08:32,Email,VIP,Scotland,AGT-294,Can someone explain the difference between the standard and enterprise tier plans?
INT-2026-00169,CUST-60311,14/05/2026 20:25,email,Small Business,North West,AGT-958,My business went into administration. I cannot pay this invoice right now. Contact my legal representative at cartwrightamelia@example.com.
INT-2026-01931,CUST-78856,08/05/2026 03:05,web_chat,VIP,Wales,AGT-793,Disgusted by this scam service. I demand to speak with a senior manager immediately regarding my direct debit failure.
INT-2026-04067,CUST-17126,13/01/2026 08:35,Email,Small Business,Scotland,AGT-993,Please delete all my data and process my Subject Access Request under UK GDPR rules immediately. Contact me at mellis@example.org.
INT-2026-01099,CUST-26217,24/04/2026 01:22,E-Mail,Standard,Wales,AGT-829,Can you send me a copy of my latest VAT invoice for last month?
INT-2026-03470,CUST-10140,09/01/2026 02:13,web_chat,Enterprise,Yorkshire & Humber,AGT-632,You have failed to address my issue for 3 weeks. I am filing an official grievance and taking this further to legal counsel.
INT-2026-02948,CUST-73919,,EMAIL,Small Business,Yorkshire & Humber,AGT-746,How do I update my password on the online customer portal?
INT-2026-04493,CUST-70147,05/01/2026 11:41,Call Transcript,VIP,Wales,AGT-827,Can you send me a copy of my latest VAT invoice for last month?
INT-2026-00318,CUST-14726,31/01/2026 13:44,Email,Small Business,Yorkshire & Humber,AGT-305,Can you send me a copy of my latest VAT invoice for last month?
INT-2026-00767,CUST-68918,19/04/2026 01:19,CALL,VIP,East of England,AGT-265,Can you send me a copy of my latest VAT invoice for last month?
INT-2026-03921,CUST-16982,12/02/2026 11:34,Call Transcript,Enterprise,Greater London,AGT-585,How do I update my password on the online customer portal?
INT-2026-02250,CUST-64219,30/01/2026 13:14,email,Small Business,West Midlands,AGT-803,"This is a formal complaint regarding my overcharged invoice. If you do not resolve this today, I will escalate to the Financial Ombudsman and FCA immediately. My postcode is M6 0WU."
INT-2026-01571,CUST-27613,20/02/2026 22:17,Email,Enterprise,Scotland,AGT-298,Disgusted by this scam service. I demand to speak with a senior manager immediately regarding my direct debit failure.
INT-2026-02950,CUST-26643,22/02/2026 10:22,call_transcript,Enterprise,Greater London,AGT-886,I was double billed for my monthly subscription on card 213167722433901. Please process a refund.
INT-2026-01539,CUST-78790,30/05/2026 21:47,CALL,Enterprise,Yorkshire & Humber,AGT-974,I was double billed for my monthly subscription on card 2283942811587655. Please process a refund.
INT-2026-01986,CUST-28948,09/03/2026 20:52,web_chat,Enterprise,Scotland,AGT-864,I was double billed for my monthly subscription on card 6011920665456672. Please process a refund.
INT-2026-01020,,24/05/2026 15:18,email,Enterprise,Yorkshire & Humber,AGT-504,I was double billed for my monthly subscription on card 4269089649666811828. Please process a refund.
INT-2026-03554,CUST-70822,03/05/2026 08:13,Call Transcript,Enterprise,West Midlands,AGT-478,What are your customer support opening hours over the bank holiday weekend?
INT-2026-02764,CUST-26126,02/03/2026 15:38,webchat,Small Business,North West,AGT-698,Can you send me a copy of my latest VAT invoice for last month?
INT-2026-03813,CUST-39173,24/05/2026 01:19,Call Transcript,VIP,Greater London,AGT-240,Why did my direct debit fail yesterday? I was charged a £25 penalty fee unfairly.
INT-2026-04730,CUST-55033,23/01/2026 01:05,EMAIL,Enterprise,Greater London,AGT-633,Disgusted by this scam service. I demand to speak with a senior manager immediately regarding my direct debit failure.
INT-2026-02782,,24/03/2026 03:50,Call Transcript,Standard,Scotland,AGT-383,How do I update my password on the online customer portal?
INT-2026-03651,CUST-35602,15/06/2026 11:22,email,VIP,Greater London,AGT-279,What are your customer support opening hours over the bank holiday weekend? [DUPLICATE SUBMISSION]
INT-2026-02214,CUST-79159,15/03/2026 19:27,web_chat,Enterprise,East of England,AGT-787,Can you send me a copy of my latest VAT invoice for last month?
INT-2026-01951,CUST-26187,23/03/2026 01:14,email,Small Business,West Midlands,AGT-753,Can you send me a copy of my latest VAT invoice for last month?
INT-2026-02215,CUST-33372,14/05/2026 22:37,EMAIL,Small Business,Greater London,AGT-110,Can someone explain the difference between the standard and enterprise tier plans?
INT-2026-03392,CUST-60993,19/02/2026 04:01,email,Standard,Wales,AGT-544,What are your customer support opening hours over the bank holiday weekend?
INT-2026-03106,CUST-64214,25/04/2026 11:10,web_chat,Enterprise,East of England,AGT-579,Can you send me a copy of my latest VAT invoice for last month?
INT-2026-04369,CUST-70365,18/02/2026 14:19,Web Chat,Enterprise,West Midlands,AGT-387,What are your customer support opening hours over the bank holiday weekend?
INT-2026-04599,CUST-52129,22/05/2026 05:47,E-Mail,Enterprise,Greater London,AGT-474,I am issuing a formal right to be forgotten request. Erase all personal records linked to my phone number 0191 498 0780.
INT-2026-00225,CUST-17328,22/04/2026 18:55,E-Mail,VIP,North West,AGT-342,Can you send me a copy of my latest VAT invoice for last month?
INT-2026-02039,CUST-34725,14/03/2026 07:48,CALL,VIP,Scotland,AGT-647,How do I update my password on the online customer portal?
INT-2026-03567,CUST-45202,17/02/2026 03:15,EMAIL,Standard,Greater London,AGT-674,Can you send me a copy of my latest VAT invoice for last month?
INT-2026-00308,CUST-89498,03/02/2026 02:53,Call Transcript,VIP,Yorkshire & Humber,AGT-775,Why did my direct debit fail yesterday? I was charged a £25 penalty fee unfairly.
INT-2026-00664,CUST-29163,08/02/2026 18:24,CALL,Enterprise,East of England,AGT-748,SELECT * FROM users WHERE customer_id = 'CUST-101' OR 1=1;
INT-2026-00330,CUST-92557,20/02/2026 10:36,web_chat,Standard,Scotland,AGT-224,Can you send me a copy of my latest VAT invoice for last month?
INT-2026-03697,CUST-73469,03/03/2026 10:35,webchat,Small Business,North West,AGT-955,What are your customer support opening hours over the bank holiday weekend?
INT-2026-02302,CUST-38161,16/04/2026 14:19,email,VIP,Yorkshire & Humber,AGT-421,Please delete all my data and process my Subject Access Request under UK GDPR rules immediately. Contact me at katherine83@example.com.
INT-2026-02852,CUST-75351,07/03/2026 01:06,web_chat,Enterprise,West Midlands,AGT-472,Can someone explain the difference between the standard and enterprise tier plans?
INT-2026-03786,CUST-54553,13/01/2026 21:25,Call Transcript,VIP,Scotland,AGT-438,Why did my direct debit fail yesterday? I was charged a £25 penalty fee unfairly.
INT-2026-03305,CUST-76275,03/05/2026 16:38,webchat,Small Business,Scotland,AGT-414,ok thanks
INT-2026-01030,CUST-31552,,CALL,Small Business,Greater London,AGT-825,Can you send me a copy of my latest VAT invoice for last month?
INT-2026-00634,CUST-39500,04/02/2026 18:17,Email,VIP,Greater London,AGT-661,I was double billed for my monthly subscription on card 676186346737. Please process a refund.
INT-2026-01091,CUST-45396,29/05/2026 12:41,EMAIL,Small Business,Yorkshire & Humber,AGT-225,Can you send me a copy of my latest VAT invoice for last month?
INT-2026-03541,CUST-68534,21/01/2026 08:37,web_chat,Standard,North West,AGT-794,"This is a formal complaint regarding my overcharged invoice. If you do not resolve this today, I will escalate to the Financial Ombudsman and FCA immediately. My postcode is JE2 5FW."
INT-2026-03587,CUST-34797,13/03/2026 00:18,Call Transcript,Small Business,North West,AGT-262,I would like to update my billing address to B70 0NZ.
INT-2026-01242,CUST-56668,21/04/2026 21:27,E-Mail,VIP,Greater London,AGT-931,I lost my job last month and I simply cannot afford my direct debit payment of £150. My NI number is OS742142A. Please help me reduce my bill.
INT-2026-02887,CUST-34474,19/03/2026 01:22,EMAIL,Small Business,Scotland,AGT-711,I am currently in hospital due to severe illness and my pension payment hasn't come through. Please call me back on 03069990486.
INT-2026-00898,CUST-95219,15/06/2026 11:22,EMAIL,VIP,East of England,AGT-438,I'm experiencing severe financial hardship following a bereavement. I live at L31 4LW and need urgent payment assistance. [DUPLICATE SUBMISSION]
INT-2026-03640,CUST-45825,22/01/2026 23:20,EMAIL,Standard,Yorkshire & Humber,AGT-894,I am currently in hospital due to severe illness and my pension payment hasn't come through. Please call me back on +4428 9018888.
INT-2026-04381,CUST-59273,03/03/2026 10:15,webchat,VIP,Yorkshire & Humber,AGT-367,I am currently in hospital due to severe illness and my pension payment hasn't come through. Please call me back on +441632 960 849.
INT-2026-01615,CUST-48992,19/03/2026 10:59,Call Transcript,Enterprise,East of England,AGT-767,How do I update my password on the online customer portal?
INT-2026-02521,CUST-56444,30/03/2026 15:03,web_chat,Standard,Scotland,AGT-826,What are your customer support opening hours over the bank holiday weekend?
INT-2026-02736,CUST-19981,04/02/2026 12:08,Email,VIP,West Midlands,AGT-372,How do I update my password on the online customer portal?
INT-2026-02495,CUST-69780,11/01/2026 14:11,,Small Business,Yorkshire & Humber,AGT-772,Please delete all my data and process my Subject Access Request under UK GDPR rules immediately. Contact me at mistryelaine@example.com.
INT-2026-04629,CUST-48785,21/03/2026 16:17,CALL,Enterprise,Wales,AGT-762,Your company has breached GDPR by sending emails to the wrong recipient. I am reporting this to the Information Commissioner's Office (ICO).
INT-2026-01179,CUST-52911,27/05/2026 14:22,Call Transcript,Enterprise,North West,AGT-540,I would like to update my billing address to L7 9PH.
INT-2026-00913,CUST-27263,09/05/2026 09:25,web_chat,Small Business,East of England,AGT-149,
INT-2026-03410,CUST-26852,27/05/2026 19:44,Call Transcript,VIP,Wales,AGT-285,How do I update my password on the online customer portal?
INT-2026-04736,CUST-69009,05/01/2026 13:01,Call Transcript,Small Business,North West,AGT-572,My business went into administration. I cannot pay this invoice right now. Contact my legal representative at marcus73@example.net.
INT-2026-04385,CUST-19990,14/01/2026 13:36,webchat,Small Business,East of England,AGT-377,???
INT-2026-02951,CUST-89417,20/05/2026 03:09,,Standard,North West,AGT-124,What are your customer support opening hours over the bank holiday weekend?
INT-2026-00035,CUST-30861,29/03/2026 09:28,Call Transcript,Small Business,East of England,AGT-344,Please delete all my data and process my Subject Access Request under UK GDPR rules immediately. Contact me at margaret98@example.com.
INT-2026-01946,CUST-87021,03/02/2026 16:03,EMAIL,Standard,Greater London,AGT-402,How do I update my password on the online customer portal?
INT-2026-00436,CUST-72391,28/01/2026 18:50,E-Mail,Standard,Yorkshire & Humber,AGT-284,How do I update my password on the online customer portal?
INT-2026-01412,CUST-18383,15/06/2026 11:22,email,Small Business,Yorkshire & Humber,AGT-681,How do I update my password on the online customer portal? [DUPLICATE SUBMISSION]
INT-2026-03205,CUST-20428,02/03/2026 21:31,Call Transcript,Standard,Wales,AGT-719,I am issuing a formal right to be forgotten request. Erase all personal records linked to my phone number +44131 496 0629.
INT-2026-01214,CUST-20749,04/03/2026 06:43,CALL,VIP,North West,AGT-992,How do I update my password on the online customer portal?
INT-2026-04364,CUST-48334,23/03/2026 03:11,email,VIP,Wales,AGT-291,I lost my job last month and I simply cannot afford my direct debit payment of £150. My NI number is MT979145O. Please help me reduce my bill.
INT-2026-00361,CUST-17094,04/03/2026 00:07,Email,Standard,East of England,AGT-849,???
INT-2026-00525,CUST-41690,07/02/2026 01:43,call_transcript,Standard,North West,AGT-256,Can someone explain the difference between the standard and enterprise tier plans?
INT-2026-00390,CUST-83454,03/01/2026 04:38,E-Mail,Enterprise,Yorkshire & Humber,AGT-663,Please delete all my data and process my Subject Access Request under UK GDPR rules immediately. Contact me at lynnetaylor@example.net.
INT-2026-03297,CUST-59564,11/03/2026 21:20,Call Transcript,Enterprise,Scotland,AGT-997,Why did my direct debit fail yesterday? I was charged a £25 penalty fee unfairly.
INT-2026-00191,CUST-21401,15/06/2026 11:22,EMAIL,Small Business,North West,AGT-730,Unacceptable service! Your agent was extremely rude. I demand an immediate refund of £85. My account number is linked to NI MD116241G. [DUPLICATE SUBMISSION]
INT-2026-00443,CUST-38369,,Call Transcript,VIP,North West,AGT-435,Why did my direct debit fail yesterday? I was charged a £25 penalty fee unfairly.
INT-2026-04514,CUST-77700,25/01/2026 18:04,Email,Enterprise,Yorkshire & Humber,AGT-364,How do I update my password on the online customer portal?
INT-2026-04236,CUST-81171,10/02/2026 15:18,Email,VIP,Scotland,AGT-162,I am issuing a formal right to be forgotten request. Erase all personal records linked to my phone number +44113 4960990.
INT-2026-03019,CUST-83867,,Email,VIP,East of England,AGT-931,Your company has breached GDPR by sending emails to the wrong recipient. I am reporting this to the Information Commissioner's Office (ICO).
INT-2026-01681,CUST-12301,30/01/2026 19:39,Web Chat,Small Business,Scotland,AGT-392,I was double billed for my monthly subscription on card 4487372590120. Please process a refund.
INT-2026-04834,CUST-87020,27/03/2026 05:16,EMAIL,Standard,East of England,AGT-851,"<html><body><p>Hello support team, I need help logging in.</p></body></html>"
INT-2026-02323,,15/06/2026 11:22,call_transcript,Enterprise,Wales,AGT-157,[DUPLICATE SUBMISSION]
INT-2026-00369,CUST-88263,08/02/2026 14:49,email,VIP,Yorkshire & Humber,AGT-412,I am issuing a formal right to be forgotten request. Erase all personal records linked to my phone number +44141 496 0408.
INT-2026-02075,CUST-15955,12/03/2026 23:05,CALL,Standard,Yorkshire & Humber,AGT-149,Can someone explain the difference between the standard and enterprise tier plans?
INT-2026-02958,CUST-67766,,web_chat,VIP,Wales,AGT-388,Why did my direct debit fail yesterday? I was charged a £25 penalty fee unfairly.
INT-2026-01087,CUST-61748,15/06/2026 11:22,call_transcript,Small Business,Greater London,AGT-177,I would like to update my billing address to PR63 8YQ. [DUPLICATE SUBMISSION]
INT-2026-01462,CUST-61496,09/01/2026 06:28,CALL,VIP,Scotland,AGT-128,Can someone explain the difference between the standard and enterprise tier plans?
INT-2026-00665,CUST-76828,01/03/2026 02:05,Email,VIP,West Midlands,AGT-148,"This is a formal complaint regarding my overcharged invoice. If you do not resolve this today, I will escalate to the Financial Ombudsman and FCA immediately. My postcode is DY5N 5EL."
INT-2026-04123,CUST-56635,14/01/2026 05:01,Email,Standard,West Midlands,AGT-792,Can you send me a copy of my latest VAT invoice for last month?
INT-2026-03146,CUST-98325,15/04/2026 10:56,webchat,Small Business,Wales,AGT-268,I lost my job last month and I simply cannot afford my direct debit payment of £150. My NI number is MF982630M. Please help me reduce my bill.
INT-2026-03901,CUST-54599,08/02/2026 16:32,,Enterprise,North West,AGT-964,How do I update my password on the online customer portal?
INT-2026-03057,CUST-24287,14/03/2026 12:42,webchat,Small Business,Greater London,AGT-742,Can you send me a copy of my latest VAT invoice for last month?
INT-2026-04327,CUST-54717,23/05/2026 02:40,webchat,Enterprise,Scotland,AGT-675,Can someone explain the difference between the standard and enterprise tier plans?
INT-2026-00076,CUST-74569,15/04/2026 09:08,E-Mail,Small Business,Yorkshire & Humber,AGT-860,Can someone explain the difference between the standard and enterprise tier plans?
INT-2026-01891,CUST-31848,29/05/2026 06:40,EMAIL,Small Business,West Midlands,AGT-293,What are your customer support opening hours over the bank holiday weekend?
INT-2026-03426,CUST-96721,04/01/2026 12:05,webchat,VIP,East of England,AGT-373,Can someone explain the difference between the standard and enterprise tier plans?
INT-2026-03623,CUST-87073,31/03/2026 22:40,webchat,Standard,West Midlands,AGT-728,Please delete all my data and process my Subject Access Request under UK GDPR rules immediately. Contact me at mellornatalie@example.net.
INT-2026-00343,CUST-19356,07/02/2026 07:40,email,,Wales,AGT-831,Disgusted by this scam service. I demand to speak with a senior manager immediately regarding my direct debit failure.
INT-2026-02900,CUST-45162,12/01/2026 03:38,Email,Enterprise,Wales,AGT-538,Disgusted by this scam service. I demand to speak with a senior manager immediately regarding my direct debit failure.
INT-2026-00649,CUST-89621,03/02/2026 03:44,Email,Small Business,Scotland,AGT-706,"This is a formal complaint regarding my overcharged invoice. If you do not resolve this today, I will escalate to the Financial Ombudsman and FCA immediately. My postcode is W0 3QB."
INT-2026-03834,CUST-87430,20/05/2026 19:54,call_transcript,,West Midlands,AGT-206,How do I update my password on the online customer portal?
INT-2026-02666,,15/06/2026 11:22,web_chat,VIP,Yorkshire & Humber,AGT-370,Can you send me a copy of my latest VAT invoice for last month? [DUPLICATE SUBMISSION]
INT-2026-01518,CUST-56501,26/05/2026 21:06,CALL,Enterprise,Wales,AGT-751,Can you send me a copy of my latest VAT invoice for last month?
INT-2026-02478,CUST-64194,22/01/2026 07:23,web_chat,Small Business,Scotland,AGT-416,Your company has breached GDPR by sending emails to the wrong recipient. I am reporting this to the Information Commissioner's Office (ICO).
INT-2026-03312,CUST-92748,15/02/2026 03:08,webchat,Standard,North West,AGT-765,???
INT-2026-01156,CUST-93463,1769690707,E-Mail,Enterprise,Yorkshire & Humber,AGT-733,What are your customer support opening hours over the bank holiday weekend?
INT-2026-04333,CUST-54869,23/04/2026 06:12,Call Transcript,Enterprise,Scotland,AGT-185,"This is a formal complaint regarding my overcharged invoice. If you do not resolve this today, I will escalate to the Financial Ombudsman and FCA immediately. My postcode is SR0 9UZ."
INT-2026-01667,CUST-28018,14/04/2026 02:53,CALL,VIP,West Midlands,AGT-507,Can someone explain the difference between the standard and enterprise tier plans?
INT-2026-02551,CUST-72653,02/01/2026 04:56,Web Chat,Small Business,Greater London,AGT-636,Disgusted by this scam service. I demand to speak with a senior manager immediately regarding my direct debit failure.
INT-2026-02435,CUST-12617,28/04/2026 17:51,Email,,East of England,AGT-169,
INT-2026-04507,CUST-58251,30/05/2026 15:00,E-Mail,Enterprise,Greater London,AGT-737,Can someone explain the difference between the standard and enterprise tier plans?
INT-2026-02415,CUST-36798,15/06/2026 11:22,Email,Standard,East of England,AGT-943,Why did my direct debit fail yesterday? I was charged a £25 penalty fee unfairly. [DUPLICATE SUBMISSION]
INT-2026-02249,CUST-98690,24/02/2026 12:40,web_chat,Small Business,Greater London,AGT-109,"This is a formal complaint regarding my overcharged invoice. If you do not resolve this today, I will escalate to the Financial Ombudsman and FCA immediately. My postcode is IV5 3JP."
INT-2026-04557,CUST-18920,13/04/2026 18:15,EMAIL,Enterprise,North West,AGT-538,"<html><body><p>Hello support team, I need help logging in.</p></body></html>"
INT-2026-03280,CUST-80527,12/04/2026 17:30,webchat,VIP,Greater London,AGT-873,"<html><body><p>Hello support team, I need help logging in.</p></body></html>"
INT-2026-01862,CUST-17495,17/02/2026 01:09,CALL,VIP,Wales,AGT-839,Unacceptable service! Your agent was extremely rude. I demand an immediate refund of £85. My account number is linked to NI QP535546V.
INT-2026-03505,CUST-18455,14/02/2026 16:57,webchat,Standard,East of England,AGT-467,What are your customer support opening hours over the bank holiday weekend?
INT-2026-01968,CUST-93376,16/03/2026 21:49,call_transcript,Standard,Wales,AGT-866,Can someone explain the difference between the standard and enterprise tier plans?
INT-2026-04574,CUST-37150,06/05/2026 17:19,E-Mail,Enterprise,Wales,AGT-621,Can you send me a copy of my latest VAT invoice for last month?
INT-2026-00071,CUST-16428,25/02/2026 13:45,Call Transcript,VIP,Yorkshire & Humber,AGT-356,What are your customer support opening hours over the bank holiday weekend?
INT-2026-04549,CUST-22687,08/04/2026 05:54,Email,VIP,Greater London,AGT-588,Please delete all my data and process my Subject Access Request under UK GDPR rules immediately. Contact me at carol34@example.org.
INT-2026-01587,,21/02/2026 20:21,Call Transcript,Small Business,East of England,AGT-550,How do I update my password on the online customer portal?
INT-2026-02468,CUST-67804,03/04/2026 01:24,Call Transcript,VIP,East of England,AGT-749,Can someone explain the difference between the standard and enterprise tier plans?
INT-2026-01476,CUST-79936,07/01/2026 21:11,Email,VIP,Greater London,AGT-586,My business went into administration. I cannot pay this invoice right now. Contact my legal representative at helen53@example.org.
INT-2026-02324,CUST-39840,06/02/2026 14:05,EMAIL,Enterprise,Yorkshire & Humber,AGT-949,I would like to update my billing address to SY6A 0UZ.
INT-2026-03452,CUST-37746,15/05/2026 04:15,Call Transcript,Small Business,East of England,AGT-512,Disgusted by this scam service. I demand to speak with a senior manager immediately regarding my direct debit failure.
INT-2026-01983,CUST-37591,01/04/2026 14:36,Call Transcript,Standard,West Midlands,AGT-758,Disgusted by this scam service. I demand to speak with a senior manager immediately regarding my direct debit failure.
INT-2026-04298,CUST-12016,27/05/2026 21:26,Web Chat,Standard,Scotland,AGT-951,Why did my direct debit fail yesterday? I was charged a £25 penalty fee unfairly.
INT-2026-01608,CUST-20375,1773386474,Call Transcript,Small Business,Wales,AGT-818,Your company has breached GDPR by sending emails to the wrong recipient. I am reporting this to the Information Commissioner's Office (ICO).
INT-2026-01153,CUST-94559,11/01/2026 08:51,EMAIL,,Wales,AGT-148,Can you send me a copy of my latest VAT invoice for last month?
INT-2026-01978,CUST-44995,01/01/2026 11:46,webchat,Enterprise,Greater London,AGT-782,How do I update my password on the online customer portal?
INT-2026-04037,CUST-88324,11/03/2026 16:02,,Small Business,Yorkshire & Humber,AGT-389,I would like to update my billing address to MK5V 5EJ.
INT-2026-01503,CUST-33039,21/04/2026 06:07,email,VIP,Greater London,AGT-770,
INT-2026-04581,CUST-99031,08/01/2026 01:10,,VIP,East of England,AGT-905,My business went into administration. I cannot pay this invoice right now. Contact my legal representative at robin48@example.net.
INT-2026-03800,CUST-37822,,,Enterprise,East of England,AGT-682,I lost my job last month and I simply cannot afford my direct debit payment of £150. My NI number is LT256284K. Please help me reduce my bill.
INT-2026-01479,CUST-90653,27/05/2026 03:32,E-Mail,VIP,Yorkshire & Humber,AGT-932,Why did my direct debit fail yesterday? I was charged a £25 penalty fee unfairly.
INT-2026-00189,CUST-14044,26/02/2026 17:14,E-Mail,Small Business,Yorkshire & Humber,AGT-623,I lost my job last month and I simply cannot afford my direct debit payment of £150. My NI number is BD726257T. Please help me reduce my bill.
INT-2026-01045,CUST-24166,02/03/2026 19:20,webchat,Standard,Greater London,AGT-967,I lost my job last month and I simply cannot afford my direct debit payment of £150. My NI number is NG569939H. Please help me reduce my bill.
INT-2026-01304,CUST-92656,20/03/2026 19:35,Web Chat,Small Business,West Midlands,AGT-821,I'm experiencing severe financial hardship following a bereavement. I live at W20 5TZ and need urgent payment assistance.
INT-2026-02261,CUST-20851,26/01/2026 05:21,call_transcript,Small Business,Greater London,AGT-791,I would like to update my billing address to TN3W 6ZJ.
INT-2026-04371,CUST-97084,05/03/2026 03:05,call_transcript,Small Business,West Midlands,AGT-790,How do I update my password on the online customer portal?
INT-2026-00298,CUST-90785,30/01/2026 14:12,CALL,Standard,West Midlands,AGT-352,Can someone explain the difference between the standard and enterprise tier plans?
INT-2026-01103,CUST-34582,12/01/2026 12:41,E-Mail,Enterprise,West Midlands,AGT-239,Can you send me a copy of my latest VAT invoice for last month?
INT-2026-00957,CUST-73991,02/05/2026 15:52,Email,VIP,East of England,AGT-806,"This is a formal complaint regarding my overcharged invoice. If you do not resolve this today, I will escalate to the Financial Ombudsman and FCA immediately. My postcode is RH5 6DJ."
INT-2026-04450,CUST-48730,10/01/2026 23:14,webchat,Small Business,North West,AGT-676,SELECT * FROM users WHERE customer_id = 'CUST-101' OR 1=1;
INT-2026-00125,CUST-13718,21/02/2026 09:23,CALL,Small Business,East of England,AGT-658,I am issuing a formal right to be forgotten request. Erase all personal records linked to my phone number +44(0)131 496 0562.
INT-2026-02425,CUST-24191,07/01/2026 05:26,E-Mail,Enterprise,East of England,AGT-800,Please delete all my data and process my Subject Access Request under UK GDPR rules immediately. Contact me at watsonleigh@example.net.
INT-2026-02692,CUST-55400,26/01/2026 23:54,email,Enterprise,East of England,AGT-375,How do I update my password on the online customer portal?
INT-2026-03655,CUST-73426,24/02/2026 11:47,webchat,VIP,Greater London,AGT-759,Why did my direct debit fail yesterday? I was charged a £25 penalty fee unfairly.
INT-2026-00069,,12/05/2026 13:53,Web Chat,Enterprise,East of England,AGT-534,Can someone explain the difference between the standard and enterprise tier plans?
INT-2026-02161,CUST-67357,30/01/2026 20:51,EMAIL,Standard,West Midlands,AGT-495,I am issuing a formal right to be forgotten request. Erase all personal records linked to my phone number 01214960269.
INT-2026-04085,CUST-47119,28/03/2026 03:44,email,Enterprise,Wales,AGT-548,Can someone explain the difference between the standard and enterprise tier plans?
INT-2026-04551,CUST-52564,13/04/2026 18:20,Email,Enterprise,East of England,AGT-498,I was double billed for my monthly subscription on card 3563690280484586. Please process a refund.
INT-2026-01989,CUST-74579,20/05/2026 21:08,Call Transcript,Enterprise,East of England,AGT-427,Why did my direct debit fail yesterday? I was charged a £25 penalty fee unfairly.
INT-2026-01271,CUST-72224,08/05/2026 04:46,Email,VIP,Wales,AGT-142,Unacceptable service! Your agent was extremely rude. I demand an immediate refund of £85. My account number is linked to NI KZ786504R.
INT-2026-00517,CUST-94825,24/01/2026 10:02,email,VIP,West Midlands,AGT-781,I'm experiencing severe financial hardship following a bereavement. I live at LN13 1ZE and need urgent payment assistance.
INT-2026-02829,CUST-88816,26/02/2026 18:52,web_chat,Standard,East of England,AGT-230,Why did my direct debit fail yesterday? I was charged a £25 penalty fee unfairly.
INT-2026-03435,CUST-95698,03/01/2026 18:26,Web Chat,Small Business,Greater London,AGT-606,How do I update my password on the online customer portal?
INT-2026-01560,CUST-45922,10/05/2026 16:04,email,VIP,East of England,AGT-126,Can someone explain the difference between the standard and enterprise tier plans?
INT-2026-02452,CUST-23999,15/06/2026 11:22,EMAIL,Standard,North West,AGT-259,What are your customer support opening hours over the bank holiday weekend? [DUPLICATE SUBMISSION]
INT-2026-04558,,20/04/2026 00:27,EMAIL,Small Business,West Midlands,AGT-870,Can someone explain the difference between the standard and enterprise tier plans?
INT-2026-03386,CUST-15708,06/03/2026 05:21,webchat,Standard,West Midlands,AGT-778,How do I update my password on the online customer portal?
INT-2026-00268,CUST-24920,22/02/2026 18:50,Call Transcript,VIP,Greater London,AGT-235,How do I update my password on the online customer portal?
INT-2026-01817,CUST-89875,12/04/2026 18:05,webchat,,Yorkshire & Humber,AGT-830,Why did my direct debit fail yesterday? I was charged a £25 penalty fee unfairly.
INT-2026-03096,CUST-75827,03/01/2026 08:54,E-Mail,Enterprise,West Midlands,AGT-599,I would like to update my billing address to OX0E 8XE.
INT-2026-01492,CUST-90240,11/04/2026 05:28,,Enterprise,Greater London,AGT-515,How do I update my password on the online customer portal?
INT-2026-02385,CUST-15376,25/01/2026 01:34,call_transcript,Enterprise,West Midlands,AGT-859,I was double billed for my monthly subscription on card 4699519062944209. Please process a refund.
INT-2026-00490,CUST-71249,30/04/2026 07:24,call_transcript,Standard,Yorkshire & Humber,AGT-305,Why did my direct debit fail yesterday? I was charged a £25 penalty fee unfairly.
INT-2026-02269,CUST-14603,15/02/2026 13:12,call_transcript,Small Business,Scotland,AGT-839,I am issuing a formal right to be forgotten request. Erase all personal records linked to my phone number +44(0)909 8790568.
INT-2026-04582,CUST-14592,24/03/2026 06:56,Web Chat,Standard,Yorkshire & Humber,AGT-823,How do I update my password on the online customer portal?
INT-2026-02807,CUST-17337,17/05/2026 05:31,CALL,Enterprise,North West,AGT-233,How do I update my password on the online customer portal?
INT-2026-02178,CUST-10362,,EMAIL,Small Business,Scotland,AGT-993,I would like to update my billing address to E5E 9WQ.
INT-2026-02238,CUST-62022,17/02/2026 16:24,CALL,Small Business,Greater London,AGT-129,Can you send me a copy of my latest VAT invoice for last month?
INT-2026-01545,CUST-34167,07/04/2026 04:59,Web Chat,Standard,Scotland,AGT-575,How do I update my password on the online customer portal?
INT-2026-00189,CUST-14044,26/02/2026 17:14,E-Mail,Small Business,Yorkshire & Humber,AGT-623,I lost my job last month and I simply cannot afford my direct debit payment of £150. My NI number is BD726257T. Please help me reduce my bill.
INT-2026-04044,CUST-11319,06/01/2026 06:09,EMAIL,Standard,Wales,AGT-374,Why did my direct debit fail yesterday? I was charged a £25 penalty fee unfairly.
INT-2026-00563,CUST-37405,04/05/2026 23:19,,VIP,East of England,AGT-856,Can you send me a copy of my latest VAT invoice for last month?
INT-2026-01475,CUST-36828,16/01/2026 04:06,web_chat,Standard,West Midlands,AGT-952,What are your customer support opening hours over the bank holiday weekend?
INT-2026-04352,CUST-54521,,call_transcript,VIP,Scotland,AGT-784,Why did my direct debit fail yesterday? I was charged a £25 penalty fee unfairly.
INT-2026-00969,CUST-61488,16/04/2026 09:45,EMAIL,Small Business,Greater London,AGT-304,Unacceptable service! Your agent was extremely rude. I demand an immediate refund of £85. My account number is linked to NI WU910385L.
INT-2026-02826,CUST-17053,17/03/2026 12:07,EMAIL,Standard,Wales,AGT-407,How do I update my password on the online customer portal?
INT-2026-00012,CUST-31643,24/03/2026 03:57,CALL,Enterprise,Scotland,AGT-787,Can someone explain the difference between the standard and enterprise tier plans?
INT-2026-04445,CUST-47807,10/05/2026 10:00,EMAIL,Enterprise,Greater London,AGT-208,Can you send me a copy of my latest VAT invoice for last month?
INT-2026-00755,CUST-41804,25/01/2026 17:08,web_chat,Small Business,North West,AGT-512,Can someone explain the difference between the standard and enterprise tier plans?
INT-2026-04075,CUST-72872,16/05/2026 15:19,webchat,Enterprise,West Midlands,AGT-945,Please delete all my data and process my Subject Access Request under UK GDPR rules immediately. Contact me at alexander09@example.org.
INT-2026-04635,CUST-23298,24/03/2026 04:58,EMAIL,Small Business,Scotland,AGT-417,I am currently in hospital due to severe illness and my pension payment hasn't come through. Please call me back on +44117 4960240.
INT-2026-00988,CUST-72973,29/05/2026 05:45,Web Chat,VIP,Greater London,AGT-807,I was double billed for my monthly subscription on card 348828720476766. Please process a refund.
INT-2026-04654,CUST-80965,05/01/2026 12:27,CALL,Standard,Greater London,AGT-705,I would like to update my billing address to M9 2PL.
INT-2026-02422,,1776450705,webchat,Standard,Wales,AGT-172,"<html><body><p>Hello support team, I need help logging in.</p></body></html>"
INT-2026-00198,CUST-97098,11/01/2026 01:20,email,Standard,East of England,AGT-197,My business went into administration. I cannot pay this invoice right now. Contact my legal representative at lloydstephanie@example.org.
INT-2026-03493,CUST-29214,05/03/2026 22:41,Web Chat,Small Business,Scotland,AGT-338,Can someone explain the difference between the standard and enterprise tier plans?
INT-2026-01251,CUST-63429,06/02/2026 05:31,web_chat,Standard,Scotland,AGT-440,How do I update my password on the online customer portal?
INT-2026-00220,CUST-58790,24/04/2026 01:49,EMAIL,VIP,East of England,AGT-554,How do I update my password on the online customer portal?
INT-2026-02443,CUST-60007,23/04/2026 02:33,EMAIL,Enterprise,North West,AGT-794,I lost my job last month and I simply cannot afford my direct debit payment of £150. My NI number is ZF728270I. Please help me reduce my bill.
INT-2026-03841,CUST-69847,22/03/2026 21:08,email,Enterprise,Greater London,AGT-796,I was double billed for my monthly subscription on card 4496154057237487. Please process a refund.
INT-2026-03047,CUST-72599,07/01/2026 05:15,email,Enterprise,East of England,AGT-510,"This is a formal complaint regarding my overcharged invoice. If you do not resolve this today, I will escalate to the Financial Ombudsman and FCA immediately. My postcode is SA6 2ZF."
INT-2026-02803,CUST-91379,06/02/2026 13:57,E-Mail,VIP,Yorkshire & Humber,AGT-331,What are your customer support opening hours over the bank holiday weekend?
INT-2026-00834,CUST-89632,03/02/2026 17:49,Call Transcript,Standard,West Midlands,AGT-129,What are your customer support opening hours over the bank holiday weekend?
INT-2026-03768,CUST-91614,19/03/2026 07:30,web_chat,Enterprise,Scotland,AGT-306,I was double billed for my monthly subscription on card 4113769239034909. Please process a refund.
INT-2026-02155,CUST-99926,1772532282,E-Mail,VIP,Scotland,AGT-697,Unacceptable service! Your agent was extremely rude. I demand an immediate refund of £85. My account number is linked to NI AS153395J.
INT-2026-04309,CUST-46244,12/05/2026 02:42,call_transcript,VIP,West Midlands,AGT-985,Why did my direct debit fail yesterday? I was charged a £25 penalty fee unfairly.
INT-2026-04618,CUST-27118,18/02/2026 04:05,E-Mail,Standard,Scotland,AGT-783,Disgusted by this scam service. I demand to speak with a senior manager immediately regarding my direct debit failure.
INT-2026-01592,CUST-62719,12/05/2026 07:09,CALL,VIP,Wales,AGT-957,Can you send me a copy of my latest VAT invoice for last month?
INT-2026-00232,CUST-54007,10/02/2026 17:11,Web Chat,Standard,East of England,AGT-101,My business went into administration. I cannot pay this invoice right now. Contact my legal representative at andrewszoe@example.org.
INT-2026-00441,CUST-89879,14/03/2026 12:33,webchat,VIP,West Midlands,AGT-230,I lost my job last month and I simply cannot afford my direct debit payment of £150. My NI number is YW989992E. Please help me reduce my bill.
INT-2026-01987,CUST-95671,31/01/2026 04:08,Email,Standard,Wales,AGT-298,Why did my direct debit fail yesterday? I was charged a £25 penalty fee unfairly.
INT-2026-04399,CUST-51143,01/04/2026 15:32,CALL,Standard,North West,AGT-351,Please delete all my data and process my Subject Access Request under UK GDPR rules immediately. Contact me at johndickinson@example.net.
INT-2026-01225,CUST-30787,1770947405,Email,Standard,Yorkshire & Humber,AGT-471,Can someone explain the difference between the standard and enterprise tier plans?
INT-2026-03020,,08/01/2026 09:47,Call Transcript,Enterprise,Yorkshire & Humber,AGT-915,I'm experiencing severe financial hardship following a bereavement. I live at W60 7ZN and need urgent payment assistance.
INT-2026-02482,CUST-25729,15/06/2026 11:22,email,Small Business,Wales,AGT-322,I'm experiencing severe financial hardship following a bereavement. I live at EX4N 6TS and need urgent payment assistance. [DUPLICATE SUBMISSION]
INT-2026-00627,CUST-71184,23/01/2026 11:06,Call Transcript,Standard,Greater London,AGT-545,"<html><body><p>Hello support team, I need help logging in.</p></body></html>"
INT-2026-03215,CUST-62743,21/04/2026 02:30,Web Chat,Small Business,West Midlands,AGT-375,SELECT * FROM users WHERE customer_id = 'CUST-101' OR 1=1;
INT-2026-03543,CUST-23870,05/05/2026 06:10,E-Mail,Small Business,North West,AGT-709,I am issuing a formal right to be forgotten request. Erase all personal records linked to my phone number (0808) 157 0811.
INT-2026-04711,CUST-25781,15/03/2026 08:03,email,VIP,Scotland,AGT-711,"This is a formal complaint regarding my overcharged invoice. If you do not resolve this today, I will escalate to the Financial Ombudsman and FCA immediately. My postcode is BB6M 0WX."
INT-2026-02442,CUST-85849,04/02/2026 10:56,EMAIL,Standard,East of England,AGT-489,Can someone explain the difference between the standard and enterprise tier plans?
INT-2026-02623,CUST-50163,01/04/2026 14:59,Call Transcript,VIP,Yorkshire & Humber,AGT-104,You have failed to address my issue for 3 weeks. I am filing an official grievance and taking this further to legal counsel.
INT-2026-00265,CUST-40737,11/05/2026 10:02,,Standard,Wales,AGT-623,I lost my job last month and I simply cannot afford my direct debit payment of £150. My NI number is KY802714R. Please help me reduce my bill.
INT-2026-04615,CUST-97099,06/05/2026 18:16,email,VIP,East of England,AGT-606,You have failed to address my issue for 3 weeks. I am filing an official grievance and taking this further to legal counsel.
INT-2026-04215,CUST-14681,20/01/2026 09:39,webchat,Enterprise,Yorkshire & Humber,AGT-214,What are your customer support opening hours over the bank holiday weekend?
INT-2026-01199,CUST-19075,08/03/2026 00:11,web_chat,VIP,East of England,AGT-202,I am issuing a formal right to be forgotten request. Erase all personal records linked to my phone number (0114) 4960368.
INT-2026-01687,CUST-69023,06/01/2026 05:42,CALL,Standard,Greater London,AGT-825,Can someone explain the difference between the standard and enterprise tier plans?
INT-2026-00575,CUST-31270,07/04/2026 07:12,Email,VIP,Scotland,AGT-738,Disgusted by this scam service. I demand to speak with a senior manager immediately regarding my direct debit failure.
INT-2026-03415,CUST-34459,12/02/2026 00:30,Web Chat,Small Business,Wales,AGT-582,What are your customer support opening hours over the bank holiday weekend?
INT-2026-04080,CUST-53432,25/02/2026 14:53,Call Transcript,VIP,West Midlands,AGT-807,Can someone explain the difference between the standard and enterprise tier plans?
INT-2026-03256,CUST-69244,14/04/2026 17:14,webchat,Enterprise,Greater London,AGT-397,Why did my direct debit fail yesterday? I was charged a £25 penalty fee unfairly.
INT-2026-00031,CUST-49829,23/04/2026 14:55,webchat,Small Business,Wales,AGT-915,How do I update my password on the online customer portal?
INT-2026-01605,CUST-10769,23/05/2026 21:00,Email,VIP,East of England,AGT-997,I was double billed for my monthly subscription on card 213109188122461. Please process a refund.
INT-2026-01052,CUST-94603,19/05/2026 11:08,Call Transcript,Small Business,Scotland,AGT-841,I was double billed for my monthly subscription on card 4426787032381287. Please process a refund.
INT-2026-04608,CUST-34693,27/05/2026 06:12,Email,Standard,Yorkshire & Humber,AGT-239,You have failed to address my issue for 3 weeks. I am filing an official grievance and taking this further to legal counsel.
INT-2026-02869,CUST-90291,15/06/2026 11:22,webchat,Standard,West Midlands,AGT-465,"This is a formal complaint regarding my overcharged invoice. If you do not resolve this today, I will escalate to the Financial Ombudsman and FCA immediately. My postcode is M6K 8DR. [DUPLICATE SUBMISSION]"
INT-2026-02370,CUST-71255,20/03/2026 08:23,,Small Business,Greater London,AGT-751,How do I update my password on the online customer portal?
INT-2026-01724,CUST-62915,21/01/2026 00:27,Email,Standard,Greater London,AGT-980,Why did my direct debit fail yesterday? I was charged a £25 penalty fee unfairly.
INT-2026-03480,CUST-58069,24/04/2026 23:37,EMAIL,Standard,North West,AGT-732,Can someone explain the difference between the standard and enterprise tier plans?
INT-2026-01058,CUST-89818,24/02/2026 05:31,CALL,VIP,East of England,AGT-720,How do I update my password on the online customer portal?
INT-2026-01470,CUST-77104,11/02/2026 15:24,E-Mail,Standard,North West,AGT-834,I lost my job last month and I simply cannot afford my direct debit payment of £150. My NI number is OF434220F. Please help me reduce my bill.
INT-2026-01892,CUST-35489,17/02/2026 00:09,EMAIL,Standard,Wales,AGT-968,I lost my job last month and I simply cannot afford my direct debit payment of £150. My NI number is NP262168R. Please help me reduce my bill.
INT-2026-00092,CUST-15544,16/01/2026 02:51,Call Transcript,Small Business,West Midlands,AGT-217,I was double billed for my monthly subscription on card 4420678831712101. Please process a refund.
INT-2026-01350,CUST-39171,29/03/2026 22:58,Call Transcript,VIP,Scotland,AGT-103,I lost my job last month and I simply cannot afford my direct debit payment of £150. My NI number is EZ103763W. Please help me reduce my bill.
INT-2026-01110,CUST-72499,01/02/2026 03:47,Web Chat,Small Business,Scotland,AGT-324,   
INT-2026-00993,CUST-25970,24/02/2026 17:44,call_transcript,Small Business,Greater London,AGT-118,I was double billed for my monthly subscription on card 30472643933042. Please process a refund.
INT-2026-03016,CUST-59245,29/01/2026 00:27,E-Mail,Enterprise,Greater London,AGT-924,Why did my direct debit fail yesterday? I was charged a £25 penalty fee unfairly.
INT-2026-00630,CUST-25163,18/01/2026 07:25,EMAIL,Enterprise,North West,AGT-973,I am issuing a formal right to be forgotten request. Erase all personal records linked to my phone number 020 74960281.
INT-2026-03638,CUST-97102,1770934726,,Small Business,East of England,AGT-506,I lost my job last month and I simply cannot afford my direct debit payment of £150. My NI number is HF243127U. Please help me reduce my bill.
INT-2026-03906,CUST-16614,27/04/2026 05:00,web_chat,Enterprise,Scotland,AGT-722,What are your customer support opening hours over the bank holiday weekend?
INT-2026-02841,,06/01/2026 03:07,webchat,Standard,West Midlands,AGT-463,Can someone explain the difference between the standard and enterprise tier plans?
INT-2026-01450,CUST-77725,21/05/2026 15:00,CALL,Enterprise,Wales,AGT-893,I would like to update my billing address to TQ0N 2QS.
INT-2026-00099,CUST-63578,11/01/2026 04:02,CALL,Small Business,West Midlands,AGT-358,What are your customer support opening hours over the bank holiday weekend?
INT-2026-03069,CUST-77385,07/05/2026 15:59,webchat,Enterprise,North West,AGT-430,I would like to update my billing address to W63 3HP.
INT-2026-01613,CUST-72581,18/04/2026 23:02,webchat,Small Business,Greater London,AGT-408,You have failed to address my issue for 3 weeks. I am filing an official grievance and taking this further to legal counsel.
INT-2026-00334,CUST-20494,21/01/2026 00:03,webchat,Small Business,Yorkshire & Humber,AGT-883,"<html><body><p>Hello support team, I need help logging in.</p></body></html>"
INT-2026-02472,CUST-40662,16/05/2026 19:02,web_chat,VIP,Scotland,AGT-763,Unacceptable service! Your agent was extremely rude. I demand an immediate refund of £85. My account number is linked to NI IJ255661L.
INT-2026-01595,CUST-88840,24/02/2026 19:30,EMAIL,Small Business,Yorkshire & Humber,AGT-283,I'm experiencing severe financial hardship following a bereavement. I live at AB1E 1JJ and need urgent payment assistance.
INT-2026-01649,CUST-70323,28/05/2026 06:43,EMAIL,Enterprise,Wales,AGT-835,Why did my direct debit fail yesterday? I was charged a £25 penalty fee unfairly.
INT-2026-01531,CUST-68856,20/01/2026 02:57,web_chat,Standard,West Midlands,AGT-470,Disgusted by this scam service. I demand to speak with a senior manager immediately regarding my direct debit failure.
INT-2026-04068,CUST-64871,27/02/2026 16:33,Web Chat,Standard,Wales,AGT-826,Why did my direct debit fail yesterday? I was charged a £25 penalty fee unfairly.
INT-2026-00190,CUST-58085,28/05/2026 13:52,Email,VIP,West Midlands,AGT-995,???
INT-2026-03122,CUST-59293,21/04/2026 17:47,webchat,Standard,Greater London,AGT-493,What are your customer support opening hours over the bank holiday weekend?
INT-2026-02998,CUST-20939,1779157895,call_transcript,Standard,Greater London,AGT-423,How do I update my password on the online customer portal?
INT-2026-01726,CUST-22531,28/05/2026 02:14,CALL,Enterprise,Yorkshire & Humber,AGT-414,"This is a formal complaint regarding my overcharged invoice. If you do not resolve this today, I will escalate to the Financial Ombudsman and FCA immediately. My postcode is B22 2UQ."
INT-2026-00241,CUST-36465,26/04/2026 13:07,email,Small Business,Yorkshire & Humber,AGT-506,I was double billed for my monthly subscription on card 676219392849. Please process a refund.
INT-2026-01779,CUST-89193,,CALL,VIP,East of England,AGT-695,Can someone explain the difference between the standard and enterprise tier plans?
INT-2026-01382,CUST-84261,28/01/2026 11:08,Email,VIP,East of England,AGT-984,I was double billed for my monthly subscription on card 38331258128763. Please process a refund.
INT-2026-03070,CUST-71942,31/01/2026 07:13,EMAIL,Standard,North West,AGT-502,Please delete all my data and process my Subject Access Request under UK GDPR rules immediately. Contact me at jmills@example.com.
INT-2026-00379,CUST-90364,28/01/2026 14:53,call_transcript,VIP,Wales,AGT-699,What are your customer support opening hours over the bank holiday weekend?
INT-2026-03207,CUST-73819,12/04/2026 03:35,call_transcript,Standard,Yorkshire & Humber,AGT-884,I was double billed for my monthly subscription on card 4532438004607579. Please process a refund.
INT-2026-03033,CUST-39100,03/05/2026 14:19,call_transcript,,North West,AGT-432,I am currently in hospital due to severe illness and my pension payment hasn't come through. Please call me back on 02074960572.
INT-2026-00945,CUST-78664,12/01/2026 19:49,CALL,VIP,Greater London,AGT-641,I'm experiencing severe financial hardship following a bereavement. I live at S1C 3NF and need urgent payment assistance.
INT-2026-01207,CUST-23213,08/05/2026 14:59,web_chat,VIP,North West,AGT-270,I am issuing a formal right to be forgotten request. Erase all personal records linked to my phone number +44191 496 0096.
INT-2026-03438,CUST-17675,24/01/2026 12:38,email,Standard,Greater London,AGT-198,I would like to update my billing address to TQ6 8LT.
INT-2026-04303,CUST-22400,07/02/2026 00:14,web_chat,Small Business,Wales,AGT-134,I'm experiencing severe financial hardship following a bereavement. I live at G8S 0TQ and need urgent payment assistance.
INT-2026-01883,CUST-12863,1776599578,call_transcript,Small Business,East of England,AGT-717,What are your customer support opening hours over the bank holiday weekend?
INT-2026-03532,CUST-15566,22/01/2026 13:26,Call Transcript,VIP,Greater London,AGT-920,Why did my direct debit fail yesterday? I was charged a £25 penalty fee unfairly.
INT-2026-00134,CUST-88238,23/04/2026 03:58,CALL,Small Business,North West,AGT-941,How do I update my password on the online customer portal?
INT-2026-01332,CUST-70240,19/01/2026 15:10,CALL,VIP,Yorkshire & Humber,AGT-191,Can you send me a copy of my latest VAT invoice for last month?
INT-2026-02471,CUST-70548,08/03/2026 22:15,email,VIP,Yorkshire & Humber,AGT-282,I was double billed for my monthly subscription on card 6541607319850470. Please process a refund.
INT-2026-01550,CUST-83821,25/01/2026 08:35,Email,VIP,Scotland,AGT-983,You have failed to address my issue for 3 weeks. I am filing an official grievance and taking this further to legal counsel.
INT-2026-02191,CUST-37478,21/05/2026 10:25,Call Transcript,Standard,Wales,AGT-140,What are your customer support opening hours over the bank holiday weekend?
INT-2026-00461,CUST-65552,28/01/2026 02:25,webchat,Enterprise,Greater London,AGT-704,
INT-2026-03520,CUST-35594,10/01/2026 06:05,web_chat,VIP,Yorkshire & Humber,AGT-369,Why did my direct debit fail yesterday? I was charged a £25 penalty fee unfairly.
INT-2026-03580,CUST-26456,12/03/2026 01:04,Call Transcript,Small Business,West Midlands,AGT-203,I would like to update my billing address to S26 7DY.
INT-2026-02427,CUST-39395,29/05/2026 08:16,E-Mail,Enterprise,North West,AGT-576,
INT-2026-00405,CUST-73783,31/03/2026 21:18,CALL,Enterprise,Scotland,AGT-171,Can you send me a copy of my latest VAT invoice for last month?
INT-2026-00174,CUST-73469,18/02/2026 21:00,web_chat,Small Business,Greater London,AGT-238,I am issuing a formal right to be forgotten request. Erase all personal records linked to my phone number +441614960468.
INT-2026-03644,CUST-50553,31/03/2026 02:07,Email,Small Business,Greater London,AGT-382,I am currently in hospital due to severe illness and my pension payment hasn't come through. Please call me back on +44151 496 0922.
INT-2026-03350,CUST-44718,14/01/2026 23:25,web_chat,Enterprise,East of England,AGT-234,Can someone explain the difference between the standard and enterprise tier plans?
INT-2026-01088,CUST-64624,23/05/2026 06:51,,Standard,Scotland,AGT-694,You have failed to address my issue for 3 weeks. I am filing an official grievance and taking this further to legal counsel.
INT-2026-02230,CUST-50018,01/05/2026 00:24,email,Standard,Yorkshire & Humber,AGT-488,I would like to update my billing address to UB29 2SN.
INT-2026-04771,CUST-45384,04/05/2026 04:44,CALL,Enterprise,North West,AGT-230,What are your customer support opening hours over the bank holiday weekend?
INT-2026-00004,CUST-92397,23/04/2026 02:39,web_chat,Enterprise,Greater London,AGT-975,"This is a formal complaint regarding my overcharged invoice. If you do not resolve this today, I will escalate to the Financial Ombudsman and FCA immediately. My postcode is KW9B 6ZT."
INT-2026-03336,CUST-84761,16/05/2026 19:02,call_transcript,VIP,East of England,AGT-814,
INT-2026-03495,CUST-97176,,EMAIL,Enterprise,Wales,AGT-707,How do I update my password on the online customer portal?
INT-2026-02185,,19/01/2026 01:01,web_chat,VIP,Wales,AGT-554,Can someone explain the difference between the standard and enterprise tier plans?
INT-2026-02070,CUST-76618,23/05/2026 12:01,call_transcript,Standard,West Midlands,AGT-742,My business went into administration. I cannot pay this invoice right now. Contact my legal representative at abigailrowe@example.net.
INT-2026-00100,CUST-28537,08/05/2026 09:26,Web Chat,Enterprise,Yorkshire & Humber,AGT-485,I would like to update my billing address to DE56 2TB.
INT-2026-04797,CUST-50515,15/01/2026 08:24,EMAIL,Enterprise,Scotland,AGT-916,Please delete all my data and process my Subject Access Request under UK GDPR rules immediately. Contact me at harrisamelia@example.net.
INT-2026-00003,CUST-54118,19/01/2026 18:43,webchat,Small Business,Yorkshire & Humber,AGT-227,???
INT-2026-02563,CUST-43154,10/02/2026 23:53,call_transcript,VIP,East of England,AGT-613,Why did my direct debit fail yesterday? I was charged a £25 penalty fee unfairly.
INT-2026-04361,CUST-56920,25/03/2026 15:41,E-Mail,Standard,Scotland,AGT-845,Disgusted by this scam service. I demand to speak with a senior manager immediately regarding my direct debit failure.
INT-2026-03965,CUST-45880,04/05/2026 08:18,E-Mail,VIP,Scotland,AGT-986,What are your customer support opening hours over the bank holiday weekend?
INT-2026-00021,CUST-19016,25/02/2026 08:08,web_chat,Standard,East of England,AGT-936,Can you send me a copy of my latest VAT invoice for last month?
INT-2026-00648,CUST-39127,24/01/2026 23:34,EMAIL,Small Business,Greater London,AGT-641,Your company has breached GDPR by sending emails to the wrong recipient. I am reporting this to the Information Commissioner's Office (ICO).
INT-2026-04603,CUST-62826,03/03/2026 11:04,webchat,Small Business,West Midlands,AGT-961,What are your customer support opening hours over the bank holiday weekend?
INT-2026-04225,,07/01/2026 09:21,Email,Standard,Yorkshire & Humber,AGT-333,Your company has breached GDPR by sending emails to the wrong recipient. I am reporting this to the Information Commissioner's Office (ICO).
INT-2026-00276,CUST-23935,06/04/2026 14:51,email,VIP,North West,AGT-223,Can someone explain the difference between the standard and enterprise tier plans?
INT-2026-02497,CUST-75973,25/04/2026 03:25,call_transcript,Standard,Wales,AGT-132,Can someone explain the difference between the standard and enterprise tier plans?
INT-2026-02861,CUST-56625,23/05/2026 17:24,E-Mail,Enterprise,East of England,AGT-875,Can someone explain the difference between the standard and enterprise tier plans?
INT-2026-02976,CUST-28731,05/03/2026 11:51,CALL,Enterprise,Wales,AGT-984,Disgusted by this scam service. I demand to speak with a senior manager immediately regarding my direct debit failure.
INT-2026-00857,CUST-49017,22/01/2026 16:28,CALL,VIP,North West,AGT-186,Why did my direct debit fail yesterday? I was charged a £25 penalty fee unfairly.
INT-2026-02088,CUST-79863,15/03/2026 20:08,email,Standard,Yorkshire & Humber,AGT-880,
INT-2026-01127,CUST-93080,31/03/2026 11:56,web_chat,Standard,Wales,AGT-127,How do I update my password on the online customer portal?
INT-2026-02055,CUST-66665,20/03/2026 22:47,Call Transcript,Small Business,North West,AGT-962,I would like to update my billing address to E8 9WE.
INT-2026-02652,CUST-52548,04/04/2026 06:20,email,Small Business,West Midlands,AGT-998,Disgusted by this scam service. I demand to speak with a senior manager immediately regarding my direct debit failure.
INT-2026-03981,CUST-83144,05/05/2026 13:25,Email,VIP,Greater London,AGT-390,How do I update my password on the online customer portal?
INT-2026-02744,CUST-93960,25/02/2026 19:45,EMAIL,Standard,Yorkshire & Humber,AGT-426,I would like to update my billing address to ZE08 0NW.
INT-2026-04673,CUST-38339,06/05/2026 07:32,call_transcript,Small Business,North West,AGT-357,Can you send me a copy of my latest VAT invoice for last month?
INT-2026-01743,CUST-36885,14/04/2026 14:11,Web Chat,Enterprise,Greater London,AGT-845,I lost my job last month and I simply cannot afford my direct debit payment of £150. My NI number is ZA178088Z. Please help me reduce my bill.
INT-2026-02635,CUST-44221,13/04/2026 17:28,EMAIL,VIP,Greater London,AGT-447,   
INT-2026-00863,CUST-70377,05/03/2026 20:05,CALL,Enterprise,West Midlands,AGT-942,I was double billed for my monthly subscription on card 180002039221310. Please process a refund.
INT-2026-04234,CUST-79237,19/01/2026 22:14,call_transcript,Standard,Yorkshire & Humber,AGT-434,How do I update my password on the online customer portal?
INT-2026-00181,CUST-55215,21/01/2026 07:14,Call Transcript,VIP,West Midlands,AGT-419,Please delete all my data and process my Subject Access Request under UK GDPR rules immediately. Contact me at holly17@example.net.
INT-2026-03483,CUST-62987,28/05/2026 16:14,EMAIL,Enterprise,Yorkshire & Humber,AGT-828,Disgusted by this scam service. I demand to speak with a senior manager immediately regarding my direct debit failure.
INT-2026-01856,CUST-92026,04/03/2026 22:47,E-Mail,Enterprise,West Midlands,AGT-873,Can someone explain the difference between the standard and enterprise tier plans?
INT-2026-03785,CUST-97981,27/05/2026 12:20,web_chat,Small Business,East of England,AGT-472,I would like to update my billing address to N7J 9WJ.
INT-2026-01774,CUST-58355,29/05/2026 03:19,E-Mail,Enterprise,West Midlands,AGT-285,How do I update my password on the online customer portal?
INT-2026-01828,CUST-40230,13/01/2026 12:26,Web Chat,Standard,Yorkshire & Humber,AGT-857,You have failed to address my issue for 3 weeks. I am filing an official grievance and taking this further to legal counsel.
INT-2026-01485,CUST-80785,08/01/2026 04:41,webchat,Standard,North West,AGT-924,I was double billed for my monthly subscription on card 30461616054332. Please process a refund.
INT-2026-04433,CUST-14337,03/02/2026 14:33,call_transcript,Enterprise,East of England,AGT-269,You have failed to address my issue for 3 weeks. I am filing an official grievance and taking this further to legal counsel.
INT-2026-04101,CUST-33895,12/03/2026 07:21,CALL,Enterprise,Yorkshire & Humber,AGT-407,I'm experiencing severe financial hardship following a bereavement. I live at E5H 2GR and need urgent payment assistance.
INT-2026-04741,CUST-90701,03/03/2026 21:56,EMAIL,VIP,Scotland,AGT-572,Can you send me a copy of my latest VAT invoice for last month?
INT-2026-03009,CUST-57525,13/04/2026 19:31,EMAIL,Small Business,Scotland,AGT-234,What are your customer support opening hours over the bank holiday weekend?
INT-2026-01619,CUST-84499,07/01/2026 14:14,call_transcript,Standard,Greater London,AGT-585,What are your customer support opening hours over the bank holiday weekend?
INT-2026-01696,CUST-40949,08/05/2026 19:26,email,Standard,East of England,AGT-964,Can someone explain the difference between the standard and enterprise tier plans?
INT-2026-02274,,17/01/2026 19:18,web_chat,Small Business,East of England,AGT-590,Why did my direct debit fail yesterday? I was charged a £25 penalty fee unfairly.
INT-2026-01340,CUST-46927,12/03/2026 23:58,email,VIP,Wales,AGT-135,What are your customer support opening hours over the bank holiday weekend?
INT-2026-03916,CUST-94775,12/02/2026 07:42,webchat,Small Business,West Midlands,AGT-783,What are your customer support opening hours over the bank holiday weekend?
INT-2026-00651,CUST-56399,25/02/2026 16:40,call_transcript,VIP,West Midlands,AGT-750,I would like to update my billing address to TA1E 7UP.
INT-2026-01115,CUST-27956,09/02/2026 19:10,Email,Small Business,East of England,AGT-238,Unacceptable service! Your agent was extremely rude. I demand an immediate refund of £85. My account number is linked to NI RX014215Z.
INT-2026-03278,CUST-82757,,email,Small Business,West Midlands,AGT-529,Disgusted by this scam service. I demand to speak with a senior manager immediately regarding my direct debit failure.
INT-2026-02159,CUST-69176,29/01/2026 21:26,Email,Small Business,West Midlands,AGT-371,I would like to update my billing address to W42 7NF.
INT-2026-02592,CUST-98718,05/03/2026 18:33,CALL,VIP,East of England,AGT-772,I am issuing a formal right to be forgotten request. Erase all personal records linked to my phone number (0141) 496 0082.
INT-2026-01711,CUST-26777,22/02/2026 04:04,E-Mail,Small Business,Scotland,AGT-667,Disgusted by this scam service. I demand to speak with a senior manager immediately regarding my direct debit failure.
INT-2026-03099,CUST-46510,09/05/2026 22:02,email,Small Business,East of England,AGT-341,Can you send me a copy of my latest VAT invoice for last month?
INT-2026-01002,CUST-84518,11/01/2026 20:19,call_transcript,VIP,North West,AGT-204,Can you send me a copy of my latest VAT invoice for last month?
INT-2026-02404,CUST-60878,01/03/2026 09:51,EMAIL,Enterprise,North West,AGT-194,I would like to update my billing address to SP13 0FN.
INT-2026-02694,CUST-41157,26/03/2026 20:14,call_transcript,Standard,East of England,AGT-696,I would like to update my billing address to S88 0EE.
INT-2026-02319,CUST-92577,26/02/2026 23:46,Call Transcript,Standard,North West,AGT-901,???
INT-2026-00511,CUST-93447,1770395150,Email,Small Business,Scotland,AGT-218,???
INT-2026-04672,CUST-43045,25/04/2026 13:30,Email,Enterprise,East of England,AGT-946,I would like to update my billing address to B3G 2LS.
INT-2026-01294,CUST-54849,31/03/2026 04:45,Email,VIP,Yorkshire & Humber,AGT-266,I would like to update my billing address to B7 8RD.
INT-2026-02021,CUST-49176,23/01/2026 18:58,webchat,Small Business,Scotland,AGT-414,I would like to update my billing address to KT4 1WW.
INT-2026-04416,CUST-97009,26/02/2026 23:23,email,Enterprise,Greater London,AGT-468,Your company has breached GDPR by sending emails to the wrong recipient. I am reporting this to the Information Commissioner's Office (ICO).
INT-2026-04691,CUST-51375,25/03/2026 02:38,call_transcript,VIP,Yorkshire & Humber,AGT-543,
INT-2026-02589,CUST-87053,29/03/2026 23:52,E-Mail,Standard,West Midlands,AGT-247,I would like to update my billing address to OL2 7QE.
INT-2026-00407,CUST-85750,13/05/2026 08:05,E-Mail,Small Business,East of England,AGT-452,
INT-2026-00112,CUST-99742,03/05/2026 16:06,Call Transcript,Standard,West Midlands,AGT-306,I am currently in hospital due to severe illness and my pension payment hasn't come through. Please call me back on +44(0)9098790002.
INT-2026-00210,CUST-25117,01/01/2026 11:58,call_transcript,Small Business,North West,AGT-283,How do I update my password on the online customer portal?
INT-2026-02256,CUST-18760,09/02/2026 17:56,Call Transcript,Enterprise,Yorkshire & Humber,AGT-288,"This is a formal complaint regarding my overcharged invoice. If you do not resolve this today, I will escalate to the Financial Ombudsman and FCA immediately. My postcode is E5U 2NS."
INT-2026-01208,CUST-85707,09/02/2026 10:55,call_transcript,Small Business,East of England,AGT-861,What are your customer support opening hours over the bank holiday weekend?
INT-2026-01358,CUST-82564,15/06/2026 11:22,call_transcript,Small Business,East of England,AGT-912,Can someone explain the difference between the standard and enterprise tier plans? [DUPLICATE SUBMISSION]
INT-2026-03244,CUST-60067,24/02/2026 12:29,Web Chat,Small Business,Greater London,AGT-540,Can you send me a copy of my latest VAT invoice for last month?
INT-2026-00745,CUST-23106,29/03/2026 21:20,web_chat,Enterprise,West Midlands,AGT-569,I'm experiencing severe financial hardship following a bereavement. I live at IM46 9DJ and need urgent payment assistance.
INT-2026-00998,CUST-25776,23/05/2026 19:39,Email,Small Business,Scotland,AGT-817,How do I update my password on the online customer portal?
INT-2026-01183,CUST-69245,30/04/2026 05:33,EMAIL,Small Business,Scotland,AGT-654,Disgusted by this scam service. I demand to speak with a senior manager immediately regarding my direct debit failure.
INT-2026-03588,CUST-58438,19/04/2026 02:45,Email,Standard,Yorkshire & Humber,AGT-225,I would like to update my billing address to SO42 4HJ.
INT-2026-00129,CUST-41552,10/01/2026 10:45,web_chat,Small Business,West Midlands,AGT-649,I lost my job last month and I simply cannot afford my direct debit payment of £150. My NI number is CI992280K. Please help me reduce my bill.
INT-2026-01573,CUST-21382,16/03/2026 05:44,E-Mail,VIP,Scotland,AGT-597,I would like to update my billing address to DT5Y 5LJ.
INT-2026-04103,CUST-93196,1777655100,webchat,Small Business,Greater London,AGT-585,I'm experiencing severe financial hardship following a bereavement. I live at G92 0AP and need urgent payment assistance.
INT-2026-04636,CUST-76683,23/01/2026 11:39,Call Transcript,Small Business,Yorkshire & Humber,AGT-330,What are your customer support opening hours over the bank holiday weekend?
INT-2026-01210,CUST-67690,06/03/2026 07:04,Email,Small Business,East of England,AGT-215,You have failed to address my issue for 3 weeks. I am filing an official grievance and taking this further to legal counsel.
INT-2026-02352,CUST-42779,04/01/2026 14:26,CALL,Standard,West Midlands,AGT-592,"This is a formal complaint regarding my overcharged invoice. If you do not resolve this today, I will escalate to the Financial Ombudsman and FCA immediately. My postcode is L36 9PT."
INT-2026-01054,CUST-30808,10/01/2026 17:19,call_transcript,VIP,Wales,AGT-546,Please delete all my data and process my Subject Access Request under UK GDPR rules immediately. Contact me at josephknight@example.com.
INT-2026-04155,CUST-12954,29/05/2026 10:49,Call Transcript,Enterprise,West Midlands,AGT-648,Please delete all my data and process my Subject Access Request under UK GDPR rules immediately. Contact me at xbooth@example.org.
INT-2026-04092,CUST-96636,06/01/2026 01:11,E-Mail,Enterprise,Greater London,AGT-729,Can someone explain the difference between the standard and enterprise tier plans?
INT-2026-03542,CUST-53018,27/01/2026 00:14,Email,VIP,Yorkshire & Humber,AGT-176,I am currently in hospital due to severe illness and my pension payment hasn't come through. Please call me back on +44(0)121 4960112.
INT-2026-00707,CUST-31061,10/03/2026 20:59,webchat,VIP,Greater London,AGT-840,What are your customer support opening hours over the bank holiday weekend?
INT-2026-00610,CUST-71220,17/02/2026 13:25,E-Mail,VIP,West Midlands,AGT-983,How do I update my password on the online customer portal?
INT-2026-03535,CUST-41427,15/06/2026 11:22,webchat,VIP,West Midlands,AGT-398,Can someone explain the difference between the standard and enterprise tier plans? [DUPLICATE SUBMISSION]
INT-2026-04831,,16/01/2026 04:14,webchat,VIP,North West,AGT-486,You have failed to address my issue for 3 weeks. I am filing an official grievance and taking this further to legal counsel.
INT-2026-00428,CUST-57044,19/03/2026 19:00,Web Chat,Enterprise,Greater London,AGT-961,I was double billed for my monthly subscription on card 4657692778940. Please process a refund.
INT-2026-01295,CUST-46699,18/01/2026 06:34,,VIP,East of England,AGT-368,What are your customer support opening hours over the bank holiday weekend?
INT-2026-03072,CUST-94582,26/01/2026 06:31,webchat,Enterprise,East of England,AGT-772,What are your customer support opening hours over the bank holiday weekend?
INT-2026-03733,CUST-28157,06/03/2026 23:01,E-Mail,Standard,Wales,AGT-949,I was double billed for my monthly subscription on card 4146946926426289435. Please process a refund.
INT-2026-02609,CUST-24844,05/01/2026 20:32,Email,Standard,Yorkshire & Humber,AGT-339,You have failed to address my issue for 3 weeks. I am filing an official grievance and taking this further to legal counsel.
INT-2026-04102,CUST-80483,19/05/2026 11:23,web_chat,Enterprise,Greater London,AGT-183,I would like to update my billing address to E8 9EQ.
INT-2026-02916,CUST-59896,,webchat,Standard,East of England,AGT-893,I would like to update my billing address to L1U 5AN.
INT-2026-04721,CUST-95225,18/04/2026 14:55,web_chat,,East of England,AGT-967,What are your customer support opening hours over the bank holiday weekend?
INT-2026-01693,CUST-13480,02/01/2026 08:49,Call Transcript,Standard,Wales,AGT-221,I am currently in hospital due to severe illness and my pension payment hasn't come through. Please call me back on +44(0)117 496 0046.
INT-2026-03100,CUST-95676,12/03/2026 19:03,EMAIL,Standard,Greater London,AGT-382,How do I update my password on the online customer portal?
INT-2026-00735,CUST-46771,13/02/2026 20:26,Call Transcript,VIP,East of England,AGT-762,What are your customer support opening hours over the bank holiday weekend?
INT-2026-03860,CUST-19038,07/01/2026 12:54,CALL,Enterprise,West Midlands,AGT-123,I lost my job last month and I simply cannot afford my direct debit payment of £150. My NI number is KF288859D. Please help me reduce my bill.
INT-2026-00553,CUST-32176,,web_chat,Small Business,Greater London,AGT-427,You have failed to address my issue for 3 weeks. I am filing an official grievance and taking this further to legal counsel.
INT-2026-03610,CUST-48331,06/05/2026 19:47,CALL,VIP,Wales,AGT-588,Your company has breached GDPR by sending emails to the wrong recipient. I am reporting this to the Information Commissioner's Office (ICO).
INT-2026-02800,CUST-94218,01/05/2026 15:23,E-Mail,Standard,Wales,AGT-641,Can you send me a copy of my latest VAT invoice for last month?
INT-2026-01158,CUST-69923,05/05/2026 15:38,Email,VIP,Yorkshire & Humber,AGT-721,You have failed to address my issue for 3 weeks. I am filing an official grievance and taking this further to legal counsel.
INT-2026-03063,CUST-94327,14/02/2026 06:05,E-Mail,Small Business,Yorkshire & Humber,AGT-538,Can someone explain the difference between the standard and enterprise tier plans?
INT-2026-03089,CUST-52523,16/02/2026 20:33,email,VIP,Greater London,AGT-418,How do I update my password on the online customer portal?
INT-2026-00185,CUST-80371,08/02/2026 06:25,web_chat,Enterprise,Yorkshire & Humber,AGT-497,How do I update my password on the online customer portal?
INT-2026-04535,CUST-68366,09/04/2026 11:07,email,VIP,Greater London,AGT-960,What are your customer support opening hours over the bank holiday weekend?
INT-2026-02688,,12/02/2026 11:15,web_chat,VIP,North West,AGT-827,You have failed to address my issue for 3 weeks. I am filing an official grievance and taking this further to legal counsel.
INT-2026-04159,CUST-78004,28/03/2026 06:52,web_chat,VIP,Scotland,AGT-344,Your company has breached GDPR by sending emails to the wrong recipient. I am reporting this to the Information Commissioner's Office (ICO).
INT-2026-00484,CUST-58026,06/01/2026 05:21,CALL,Enterprise,Scotland,AGT-459,I am currently in hospital due to severe illness and my pension payment hasn't come through. Please call me back on +44141 4960355.
INT-2026-03864,CUST-39809,13/03/2026 00:06,Call Transcript,Small Business,Wales,AGT-658,Please delete all my data and process my Subject Access Request under UK GDPR rules immediately. Contact me at rogersaaron@example.org.
INT-2026-02009,CUST-85218,16/04/2026 19:05,webchat,VIP,Greater London,AGT-440,How do I update my password on the online customer portal?
INT-2026-01882,CUST-79712,22/03/2026 17:06,E-Mail,Enterprise,Scotland,AGT-651,???
INT-2026-00689,CUST-30732,28/01/2026 10:24,web_chat,Small Business,North West,AGT-883,Unacceptable service! Your agent was extremely rude. I demand an immediate refund of £85. My account number is linked to NI QY422405N.
INT-2026-02294,CUST-11897,17/02/2026 22:45,Call Transcript,Enterprise,Scotland,AGT-911,Unacceptable service! Your agent was extremely rude. I demand an immediate refund of £85. My account number is linked to NI HS516008A.
INT-2026-04328,CUST-60186,13/03/2026 20:36,Email,Standard,Scotland,AGT-657,Disgusted by this scam service. I demand to speak with a senior manager immediately regarding my direct debit failure.
INT-2026-01913,CUST-36399,28/05/2026 23:16,,Small Business,North West,AGT-381,   
INT-2026-03594,CUST-75945,02/04/2026 09:53,email,VIP,Greater London,AGT-551,Can you send me a copy of my latest VAT invoice for last month?
INT-2026-03736,,30/03/2026 11:06,email,Enterprise,North West,AGT-357,What are your customer support opening hours over the bank holiday weekend?
INT-2026-00394,CUST-50407,18/05/2026 20:05,web_chat,Small Business,Wales,AGT-409,You have failed to address my issue for 3 weeks. I am filing an official grievance and taking this further to legal counsel.
INT-2026-01662,CUST-63062,09/05/2026 14:49,call_transcript,Enterprise,Scotland,AGT-846,My business went into administration. I cannot pay this invoice right now. Contact my legal representative at taylorfrancis@example.org.
INT-2026-03040,CUST-30549,10/05/2026 06:58,EMAIL,VIP,Greater London,AGT-142,Can you send me a copy of my latest VAT invoice for last month?
INT-2026-03938,CUST-20927,28/01/2026 16:55,E-Mail,Standard,Greater London,AGT-793,How do I update my password on the online customer portal?
INT-2026-01352,CUST-73418,22/05/2026 15:39,email,VIP,Greater London,AGT-535,I'm experiencing severe financial hardship following a bereavement. I live at B9 0AS and need urgent payment assistance.
INT-2026-00963,CUST-91079,13/03/2026 22:03,web_chat,,Greater London,AGT-676,My business went into administration. I cannot pay this invoice right now. Contact my legal representative at christinewatson@example.org.
INT-2026-04617,CUST-65789,28/01/2026 15:22,EMAIL,Enterprise,East of England,AGT-119,I lost my job last month and I simply cannot afford my direct debit payment of £150. My NI number is WD094404K. Please help me reduce my bill.
INT-2026-04402,CUST-69711,10/02/2026 23:21,Call Transcript,VIP,Greater London,AGT-834,What are your customer support opening hours over the bank holiday weekend?
INT-2026-02682,CUST-91309,29/05/2026 19:27,email,Standard,Wales,AGT-826,I am currently in hospital due to severe illness and my pension payment hasn't come through. Please call me back on 0909 8790171.
INT-2026-02964,CUST-21536,28/03/2026 04:52,E-Mail,Small Business,East of England,AGT-709,What are your customer support opening hours over the bank holiday weekend?
INT-2026-01380,CUST-68398,23/01/2026 08:36,email,Enterprise,North West,AGT-393,Can someone explain the difference between the standard and enterprise tier plans?
INT-2026-03619,CUST-89903,22/03/2026 08:21,Web Chat,,Scotland,AGT-752,Can someone explain the difference between the standard and enterprise tier plans?
INT-2026-01253,CUST-71609,26/05/2026 03:42,Call Transcript,Standard,Yorkshire & Humber,AGT-654,"<html><body><p>Hello support team, I need help logging in.</p></body></html>"
INT-2026-00669,CUST-26755,19/05/2026 04:18,call_transcript,Enterprise,West Midlands,AGT-559,How do I update my password on the online customer portal?
INT-2026-01991,,27/03/2026 02:45,EMAIL,Enterprise,Yorkshire & Humber,AGT-134,I was double billed for my monthly subscription on card 2233917232882399. Please process a refund.
INT-2026-04034,CUST-33596,02/03/2026 12:20,Web Chat,VIP,East of England,AGT-535,I'm experiencing severe financial hardship following a bereavement. I live at IG99 7BE and need urgent payment assistance.
INT-2026-00590,,30/01/2026 20:15,email,Small Business,Scotland,AGT-309,How do I update my password on the online customer portal?
INT-2026-04518,CUST-16600,09/05/2026 03:51,Call Transcript,Enterprise,Scotland,AGT-208,I'm experiencing severe financial hardship following a bereavement. I live at WF9 2QZ and need urgent payment assistance.
INT-2026-03530,CUST-16955,18/01/2026 07:40,Web Chat,Enterprise,East of England,AGT-978,How do I update my password on the online customer portal?
INT-2026-04418,CUST-11663,30/05/2026 15:19,web_chat,VIP,Wales,AGT-118,I am currently in hospital due to severe illness and my pension payment hasn't come through. Please call me back on (0161) 4960286.
INT-2026-00059,CUST-77449,08/05/2026 16:55,Email,Small Business,East of England,AGT-552,What are your customer support opening hours over the bank holiday weekend?
INT-2026-02304,CUST-81038,19/04/2026 12:49,web_chat,Enterprise,Yorkshire & Humber,AGT-681,How do I update my password on the online customer portal?
INT-2026-02196,CUST-78778,06/03/2026 04:54,Call Transcript,Enterprise,Greater London,AGT-341,Please delete all my data and process my Subject Access Request under UK GDPR rules immediately. Contact me at moransusan@example.org.
INT-2026-04278,CUST-90010,24/01/2026 22:00,Web Chat,VIP,Greater London,AGT-134,Can someone explain the difference between the standard and enterprise tier plans?
INT-2026-03301,CUST-78494,06/05/2026 21:26,webchat,Enterprise,West Midlands,AGT-677,Please delete all my data and process my Subject Access Request under UK GDPR rules immediately. Contact me at craig48@example.org.
INT-2026-02030,CUST-85845,02/01/2026 21:41,call_transcript,Standard,West Midlands,AGT-353,???
INT-2026-01937,,1775553467,email,Small Business,East of England,AGT-347,Can someone explain the difference between the standard and enterprise tier plans?
INT-2026-03683,CUST-37677,26/03/2026 21:13,Email,Enterprise,Scotland,AGT-620,Can someone explain the difference between the standard and enterprise tier plans?
INT-2026-03155,CUST-17983,25/02/2026 07:41,webchat,Small Business,West Midlands,AGT-574,I was double billed for my monthly subscription on card 180038649992791. Please process a refund.
INT-2026-00890,CUST-68944,18/03/2026 10:02,CALL,Standard,Scotland,AGT-462,What are your customer support opening hours over the bank holiday weekend?
INT-2026-03463,CUST-47342,07/03/2026 01:47,E-Mail,Small Business,Yorkshire & Humber,AGT-567,How do I update my password on the online customer portal?
INT-2026-03024,CUST-55150,03/01/2026 13:16,email,Enterprise,Greater London,AGT-219,Unacceptable service! Your agent was extremely rude. I demand an immediate refund of £85. My account number is linked to NI TV654499H.
INT-2026-04527,CUST-67550,11/02/2026 19:00,CALL,Small Business,West Midlands,AGT-678,I am currently in hospital due to severe illness and my pension payment hasn't come through. Please call me back on +44(0)2074960783.
INT-2026-04062,CUST-29013,19/03/2026 16:52,Email,Small Business,Scotland,AGT-349,???
INT-2026-04048,CUST-98990,16/03/2026 23:41,email,Enterprise,Scotland,AGT-515,Can you send me a copy of my latest VAT invoice for last month?
INT-2026-01845,CUST-81139,12/03/2026 06:30,E-Mail,Standard,West Midlands,AGT-489,Can someone explain the difference between the standard and enterprise tier plans?
INT-2026-00628,CUST-60264,20/05/2026 15:35,E-Mail,VIP,Yorkshire & Humber,AGT-748,How do I update my password on the online customer portal?
INT-2026-03744,CUST-51117,04/05/2026 01:40,E-Mail,Small Business,West Midlands,AGT-718,I would like to update my billing address to HU1Y 5RH.
INT-2026-02445,CUST-16981,17/04/2026 13:52,Web Chat,VIP,Scotland,AGT-705,What are your customer support opening hours over the bank holiday weekend?
INT-2026-03913,CUST-10034,28/02/2026 09:15,Email,,West Midlands,AGT-493,Why did my direct debit fail yesterday? I was charged a £25 penalty fee unfairly.
INT-2026-01885,CUST-46721,10/01/2026 16:27,Web Chat,Small Business,North West,AGT-231,I was double billed for my monthly subscription on card 4122402387893038144. Please process a refund.
INT-2026-03092,CUST-66600,28/04/2026 06:22,webchat,Standard,West Midlands,AGT-221,My business went into administration. I cannot pay this invoice right now. Contact my legal representative at pollardshane@example.net.
INT-2026-02498,CUST-11199,30/05/2026 07:55,Email,Standard,Wales,AGT-277,Please delete all my data and process my Subject Access Request under UK GDPR rules immediately. Contact me at williamsnatasha@example.com.
INT-2026-04412,CUST-59276,25/05/2026 04:00,web_chat,Standard,West Midlands,AGT-467,I am issuing a formal right to be forgotten request. Erase all personal records linked to my phone number +44(0)8081570489.
INT-2026-00179,CUST-87833,22/01/2026 05:41,EMAIL,Standard,Yorkshire & Humber,AGT-760,Can someone explain the difference between the standard and enterprise tier plans?
INT-2026-02263,CUST-76170,30/03/2026 19:59,CALL,Small Business,North West,AGT-849,I would like to update my billing address to E8 6ZB.
INT-2026-03863,,,Call Transcript,VIP,East of England,AGT-385,Can you send me a copy of my latest VAT invoice for last month?
INT-2026-04410,CUST-66074,16/04/2026 14:54,webchat,Standard,Greater London,AGT-375,Your company has breached GDPR by sending emails to the wrong recipient. I am reporting this to the Information Commissioner's Office (ICO).
INT-2026-00844,,07/03/2026 09:00,web_chat,Small Business,Yorkshire & Humber,AGT-290,Can someone explain the difference between the standard and enterprise tier plans?
INT-2026-00041,CUST-95426,18/02/2026 00:25,Email,VIP,Scotland,AGT-785,I am currently in hospital due to severe illness and my pension payment hasn't come through. Please call me back on (0151)4960449.
INT-2026-03680,CUST-65180,15/02/2026 21:17,Email,Small Business,Scotland,AGT-362,Please delete all my data and process my Subject Access Request under UK GDPR rules immediately. Contact me at watsoncharlene@example.com.
INT-2026-00434,CUST-37948,03/02/2026 16:19,CALL,Enterprise,Yorkshire & Humber,AGT-268,Can you send me a copy of my latest VAT invoice for last month?
INT-2026-02902,CUST-75509,30/04/2026 19:45,Email,Standard,East of England,AGT-999,I am currently in hospital due to severe illness and my pension payment hasn't come through. Please call me back on +4420 74960567.
INT-2026-03364,CUST-33662,17/03/2026 22:33,Call Transcript,Small Business,North West,AGT-923,You have failed to address my issue for 3 weeks. I am filing an official grievance and taking this further to legal counsel.
INT-2026-03353,CUST-14722,15/01/2026 10:38,Call Transcript,Standard,Yorkshire & Humber,AGT-763,ok thanks
INT-2026-00709,CUST-93138,19/01/2026 22:07,CALL,VIP,Yorkshire & Humber,AGT-486,Unacceptable service! Your agent was extremely rude. I demand an immediate refund of £85. My account number is linked to NI AS932664N.
INT-2026-00194,CUST-92288,15/01/2026 15:55,Call Transcript,Enterprise,East of England,AGT-998,I was double billed for my monthly subscription on card 4863759980562655. Please process a refund.
INT-2026-00958,CUST-74033,05/03/2026 13:41,call_transcript,Small Business,West Midlands,AGT-649,Your company has breached GDPR by sending emails to the wrong recipient. I am reporting this to the Information Commissioner's Office (ICO).
INT-2026-02038,CUST-99200,23/02/2026 13:12,Web Chat,Small Business,Greater London,AGT-592,I was double billed for my monthly subscription on card 6569265902827749. Please process a refund.
INT-2026-03241,CUST-55425,23/03/2026 14:44,web_chat,Standard,East of England,AGT-880,How do I update my password on the online customer portal?
INT-2026-00574,CUST-35612,14/01/2026 06:47,E-Mail,Enterprise,Wales,AGT-692,I was double billed for my monthly subscription on card 4214257316094390. Please process a refund.
INT-2026-02164,CUST-63878,04/02/2026 13:16,call_transcript,VIP,Scotland,AGT-676,I am currently in hospital due to severe illness and my pension payment hasn't come through. Please call me back on +449098790406.
INT-2026-01522,CUST-15284,1776615106,webchat,Standard,East of England,AGT-840,I would like to update my billing address to LA60 2JE.
INT-2026-00592,CUST-60579,26/02/2026 12:39,E-Mail,Standard,North West,AGT-434,Can someone explain the difference between the standard and enterprise tier plans?
INT-2026-04362,CUST-30595,18/05/2026 13:23,Web Chat,Standard,Wales,AGT-171,What are your customer support opening hours over the bank holiday weekend?
INT-2026-03252,CUST-55738,03/04/2026 04:15,EMAIL,VIP,Wales,AGT-129,Why did my direct debit fail yesterday? I was charged a £25 penalty fee unfairly.
INT-2026-00871,CUST-36186,13/01/2026 14:02,Web Chat,Small Business,North West,AGT-915,Disgusted by this scam service. I demand to speak with a senior manager immediately regarding my direct debit failure.
INT-2026-04748,CUST-87454,1776064817,EMAIL,Enterprise,Greater London,AGT-274,Unacceptable service! Your agent was extremely rude. I demand an immediate refund of £85. My account number is linked to NI ZG556422L.
INT-2026-01187,CUST-93092,24/05/2026 13:40,call_transcript,VIP,Yorkshire & Humber,AGT-686,I would like to update my billing address to TA9M 7JQ.
INT-2026-00086,CUST-47700,21/01/2026 02:48,web_chat,Standard,West Midlands,AGT-965,Why did my direct debit fail yesterday? I was charged a £25 penalty fee unfairly.
INT-2026-04370,CUST-32964,07/05/2026 17:13,call_transcript,VIP,East of England,AGT-935,I lost my job last month and I simply cannot afford my direct debit payment of £150. My NI number is CD472039E. Please help me reduce my bill.
INT-2026-04696,CUST-23477,12/05/2026 07:41,EMAIL,Small Business,Yorkshire & Humber,AGT-209,Can someone explain the difference between the standard and enterprise tier plans?
INT-2026-03846,CUST-26236,13/01/2026 12:48,Email,VIP,Greater London,AGT-678,I lost my job last month and I simply cannot afford my direct debit payment of £150. My NI number is IT032162H. Please help me reduce my bill.
INT-2026-01100,CUST-82399,20/03/2026 09:08,EMAIL,Small Business,Greater London,AGT-773,Your company has breached GDPR by sending emails to the wrong recipient. I am reporting this to the Information Commissioner's Office (ICO).
INT-2026-00937,CUST-60738,21/02/2026 04:15,web_chat,Enterprise,Greater London,AGT-809,Unacceptable service! Your agent was extremely rude. I demand an immediate refund of £85. My account number is linked to NI DV603208E.
INT-2026-04178,CUST-50671,11/03/2026 11:48,,VIP,East of England,AGT-571,I lost my job last month and I simply cannot afford my direct debit payment of £150. My NI number is GV112887P. Please help me reduce my bill.
INT-2026-01925,CUST-58599,18/01/2026 05:43,webchat,VIP,Wales,AGT-227,I would like to update my billing address to E3D 4NF.
INT-2026-04322,CUST-62318,03/01/2026 11:06,webchat,Enterprise,North West,AGT-693,How do I update my password on the online customer portal?
INT-2026-02285,CUST-26746,26/03/2026 15:29,webchat,Standard,Scotland,AGT-761,I was double billed for my monthly subscription on card 3543389025471272. Please process a refund.
INT-2026-02199,CUST-41772,21/03/2026 01:19,web_chat,Small Business,North West,AGT-822,Unacceptable service! Your agent was extremely rude. I demand an immediate refund of £85. My account number is linked to NI QW284088W.
INT-2026-01832,CUST-65337,1774073923,Call Transcript,Small Business,Wales,AGT-597,Can you send me a copy of my latest VAT invoice for last month?
INT-2026-00108,CUST-43544,17/04/2026 13:36,email,VIP,West Midlands,AGT-224,My business went into administration. I cannot pay this invoice right now. Contact my legal representative at xthornton@example.org.
INT-2026-00244,CUST-53449,25/05/2026 19:26,Email,Enterprise,West Midlands,AGT-387,How do I update my password on the online customer portal?
INT-2026-01857,CUST-64772,16/04/2026 14:22,email,Small Business,Greater London,AGT-963,"This is a formal complaint regarding my overcharged invoice. If you do not resolve this today, I will escalate to the Financial Ombudsman and FCA immediately. My postcode is S1K 3SL."
INT-2026-01000,CUST-24122,23/02/2026 14:01,Call Transcript,Enterprise,Greater London,AGT-226,I'm experiencing severe financial hardship following a bereavement. I live at S7W 3HS and need urgent payment assistance.
INT-2026-03272,CUST-47609,15/04/2026 05:26,call_transcript,VIP,West Midlands,AGT-210,Can you send me a copy of my latest VAT invoice for last month?
INT-2026-03377,,02/02/2026 21:20,Email,Enterprise,Wales,AGT-914,Can you send me a copy of my latest VAT invoice for last month?
INT-2026-02271,CUST-46199,09/04/2026 23:59,CALL,Small Business,Yorkshire & Humber,AGT-458,I lost my job last month and I simply cannot afford my direct debit payment of £150. My NI number is ER984800J. Please help me reduce my bill.
INT-2026-03381,CUST-23721,1778196634,E-Mail,VIP,East of England,AGT-598,I was double billed for my monthly subscription on card 3554660964847458. Please process a refund.
INT-2026-01574,CUST-99795,03/04/2026 01:00,Email,Enterprise,Greater London,AGT-115,Why did my direct debit fail yesterday? I was charged a £25 penalty fee unfairly.
INT-2026-03275,CUST-27755,16/05/2026 09:41,Call Transcript,VIP,Wales,AGT-953,How do I update my password on the online customer portal?
INT-2026-03907,CUST-49502,17/01/2026 13:15,CALL,Small Business,North West,AGT-188,ok thanks
INT-2026-01606,CUST-30474,12/03/2026 17:26,Call Transcript,Small Business,Wales,AGT-935,How do I update my password on the online customer portal?
INT-2026-04459,CUST-82184,1772770956,Email,VIP,Scotland,AGT-752,Can you send me a copy of my latest VAT invoice for last month?
INT-2026-02689,CUST-53256,24/04/2026 00:32,EMAIL,VIP,Greater London,AGT-478,I was double billed for my monthly subscription on card 3536958000489167. Please process a refund.
INT-2026-00699,CUST-21425,02/03/2026 22:02,Call Transcript,Enterprise,Greater London,AGT-172,Disgusted by this scam service. I demand to speak with a senior manager immediately regarding my direct debit failure.
INT-2026-02889,CUST-30646,15/04/2026 10:04,email,Enterprise,North West,AGT-173,I'm experiencing severe financial hardship following a bereavement. I live at LU1 8UW and need urgent payment assistance.
INT-2026-01528,CUST-12027,10/01/2026 02:20,E-Mail,Enterprise,Wales,AGT-926,Can someone explain the difference between the standard and enterprise tier plans?
INT-2026-02987,CUST-69499,19/03/2026 20:56,EMAIL,Enterprise,North West,AGT-261,Can you send me a copy of my latest VAT invoice for last month?
INT-2026-01041,CUST-53908,24/02/2026 02:00,webchat,VIP,Wales,AGT-888,What are your customer support opening hours over the bank holiday weekend?
INT-2026-02074,CUST-73020,26/03/2026 10:13,Email,Enterprise,Wales,AGT-603,How do I update my password on the online customer portal?
INT-2026-04652,CUST-51219,20/02/2026 21:14,Call Transcript,Enterprise,Yorkshire & Humber,AGT-825,"<html><body><p>Hello support team, I need help logging in.</p></body></html>"
INT-2026-01444,CUST-18997,06/05/2026 02:42,E-Mail,Small Business,Yorkshire & Humber,AGT-647,How do I update my password on the online customer portal?
INT-2026-03595,CUST-28788,10/02/2026 21:01,call_transcript,Enterprise,Greater London,AGT-536,Why did my direct debit fail yesterday? I was charged a £25 penalty fee unfairly.
INT-2026-00912,CUST-47001,18/02/2026 12:03,EMAIL,Small Business,East of England,AGT-704,Can you send me a copy of my latest VAT invoice for last month?
INT-2026-03274,CUST-20420,09/04/2026 08:12,CALL,Enterprise,Yorkshire & Humber,AGT-827,I lost my job last month and I simply cannot afford my direct debit payment of £150. My NI number is RU495092S. Please help me reduce my bill.
INT-2026-02223,CUST-92464,28/02/2026 03:09,EMAIL,VIP,Greater London,AGT-923,Unacceptable service! Your agent was extremely rude. I demand an immediate refund of £85. My account number is linked to NI YO015277M.
INT-2026-01238,CUST-24934,03/01/2026 20:19,Call Transcript,VIP,Greater London,AGT-319,Can you send me a copy of my latest VAT invoice for last month?
INT-2026-02995,CUST-68366,15/02/2026 20:03,E-Mail,Standard,Greater London,AGT-776,I would like to update my billing address to SL7 9XQ.
INT-2026-00357,,1775909644,Email,VIP,Wales,AGT-422,I'm experiencing severe financial hardship following a bereavement. I live at BL6 2LF and need urgent payment assistance.
INT-2026-04518,CUST-16600,09/05/2026 03:51,Call Transcript,Enterprise,Scotland,AGT-208,I'm experiencing severe financial hardship following a bereavement. I live at WF9 2QZ and need urgent payment assistance.
INT-2026-02970,CUST-12031,23/03/2026 15:29,web_chat,Enterprise,Wales,AGT-768,Why did my direct debit fail yesterday? I was charged a £25 penalty fee unfairly.
INT-2026-04768,CUST-69849,20/02/2026 14:12,Email,Small Business,Greater London,AGT-597,I'm experiencing severe financial hardship following a bereavement. I live at UB8 0UZ and need urgent payment assistance.
INT-2026-00494,CUST-63347,19/03/2026 01:39,EMAIL,Standard,Yorkshire & Humber,AGT-780,I would like to update my billing address to W6B 3WP.
INT-2026-00324,CUST-42728,31/01/2026 06:59,web_chat,Small Business,Yorkshire & Humber,AGT-106,How do I update my password on the online customer portal?
INT-2026-00690,CUST-49257,28/03/2026 05:04,web_chat,Standard,Yorkshire & Humber,AGT-869,
INT-2026-03500,CUST-50153,09/03/2026 11:16,CALL,Enterprise,North West,AGT-796,Unacceptable service! Your agent was extremely rude. I demand an immediate refund of £85. My account number is linked to NI JN142235T.
INT-2026-02076,CUST-12130,09/03/2026 20:44,email,VIP,North West,AGT-889,I was double billed for my monthly subscription on card 6513904080862832. Please process a refund.
INT-2026-03295,CUST-98384,18/02/2026 12:21,webchat,Standard,Wales,AGT-370,What are your customer support opening hours over the bank holiday weekend?
INT-2026-04287,CUST-94589,10/04/2026 15:15,Call Transcript,Small Business,Wales,AGT-529,I would like to update my billing address to DA89 1PP.
INT-2026-01487,CUST-45289,05/01/2026 14:08,Web Chat,Standard,Yorkshire & Humber,AGT-212,I was double billed for my monthly subscription on card 2263840397267540. Please process a refund.
INT-2026-04573,CUST-58842,30/01/2026 16:48,email,Standard,West Midlands,AGT-574,Can you send me a copy of my latest VAT invoice for last month?
INT-2026-01286,CUST-84379,1769898304,webchat,Small Business,Yorkshire & Humber,AGT-668,Can you send me a copy of my latest VAT invoice for last month?
INT-2026-03243,CUST-45100,17/04/2026 18:26,Email,VIP,Greater London,AGT-507,Why did my direct debit fail yesterday? I was charged a £25 penalty fee unfairly.
INT-2026-02390,CUST-15051,13/01/2026 01:31,,Enterprise,Yorkshire & Humber,AGT-952,Your company has breached GDPR by sending emails to the wrong recipient. I am reporting this to the Information Commissioner's Office (ICO).
INT-2026-04484,CUST-40742,24/01/2026 17:05,email,Standard,Wales,AGT-309,Can you send me a copy of my latest VAT invoice for last month?
INT-2026-01783,CUST-75398,19/05/2026 03:49,webchat,Small Business,East of England,AGT-877,Why did my direct debit fail yesterday? I was charged a £25 penalty fee unfairly.
INT-2026-01499,CUST-10147,28/01/2026 07:53,webchat,Enterprise,North West,AGT-578,You have failed to address my issue for 3 weeks. I am filing an official grievance and taking this further to legal counsel.
INT-2026-01600,CUST-77263,11/04/2026 12:06,Email,Small Business,North West,AGT-641,Disgusted by this scam service. I demand to speak with a senior manager immediately regarding my direct debit failure.
INT-2026-01916,CUST-56988,01/01/2026 00:14,web_chat,Small Business,Greater London,AGT-802,My business went into administration. I cannot pay this invoice right now. Contact my legal representative at lynnelliott@example.org.
INT-2026-02557,CUST-73000,20/04/2026 03:45,Email,Enterprise,Wales,AGT-756,Disgusted by this scam service. I demand to speak with a senior manager immediately regarding my direct debit failure.
INT-2026-01704,CUST-59271,14/01/2026 09:26,web_chat,Small Business,Wales,AGT-498,My business went into administration. I cannot pay this invoice right now. Contact my legal representative at williamfisher@example.net.
INT-2026-03352,CUST-90784,07/01/2026 22:39,EMAIL,Enterprise,East of England,AGT-994,I was double billed for my monthly subscription on card 4053986555106119. Please process a refund.
INT-2026-00586,CUST-99592,18/05/2026 00:31,E-Mail,Enterprise,Greater London,AGT-888,I am issuing a formal right to be forgotten request. Erase all personal records linked to my phone number +44(0)117 496 0095.
INT-2026-00147,CUST-38627,16/01/2026 21:32,CALL,Standard,Greater London,AGT-948,Can you send me a copy of my latest VAT invoice for last month?
INT-2026-00401,CUST-71377,13/05/2026 21:53,Web Chat,VIP,Wales,AGT-731,You have failed to address my issue for 3 weeks. I am filing an official grievance and taking this further to legal counsel.
INT-2026-02340,CUST-78860,18/04/2026 21:10,webchat,Standard,Scotland,AGT-118,Disgusted by this scam service. I demand to speak with a senior manager immediately regarding my direct debit failure.
INT-2026-01511,CUST-66731,24/05/2026 08:31,CALL,Standard,Scotland,AGT-775,I would like to update my billing address to DD2Y 8FG.
INT-2026-03724,CUST-54396,25/01/2026 16:39,email,Enterprise,Wales,AGT-185,You have failed to address my issue for 3 weeks. I am filing an official grievance and taking this further to legal counsel.
INT-2026-00968,CUST-79459,19/05/2026 08:54,E-Mail,Enterprise,Scotland,AGT-661,Can someone explain the difference between the standard and enterprise tier plans?
INT-2026-04456,CUST-67715,03/03/2026 08:41,EMAIL,Enterprise,West Midlands,AGT-354,I am currently in hospital due to severe illness and my pension payment hasn't come through. Please call me back on (0116) 496 0663.
INT-2026-02914,CUST-72336,07/02/2026 07:02,Email,Small Business,Scotland,AGT-191,I was double billed for my monthly subscription on card 5503626533656438. Please process a refund.
INT-2026-04154,CUST-60408,22/02/2026 10:22,CALL,Enterprise,North West,AGT-871,How do I update my password on the online customer portal?
INT-2026-02576,CUST-33556,25/03/2026 02:34,webchat,VIP,Yorkshire & Humber,AGT-372,"This is a formal complaint regarding my overcharged invoice. If you do not resolve this today, I will escalate to the Financial Ombudsman and FCA immediately. My postcode is SK0B 4HQ."
INT-2026-02303,,07/02/2026 11:33,Call Transcript,Standard,Greater London,AGT-288,I would like to update my billing address to N64 4BU.
INT-2026-04774,CUST-88899,06/04/2026 05:28,Web Chat,Small Business,North West,AGT-610,Can someone explain the difference between the standard and enterprise tier plans?
INT-2026-00173,CUST-21101,17/02/2026 03:15,call_transcript,Enterprise,West Midlands,AGT-604,Unacceptable service! Your agent was extremely rude. I demand an immediate refund of £85. My account number is linked to NI YB832723J.
INT-2026-01918,CUST-94634,21/03/2026 07:52,webchat,Enterprise,Greater London,AGT-238,I would like to update my billing address to L1K 7YY.
INT-2026-00432,CUST-91051,03/01/2026 18:56,email,Standard,Scotland,AGT-725,"This is a formal complaint regarding my overcharged invoice. If you do not resolve this today, I will escalate to the Financial Ombudsman and FCA immediately. My postcode is M2 5TT."
INT-2026-04175,CUST-36136,13/01/2026 07:02,Call Transcript,Standard,East of England,AGT-661,???
INT-2026-01448,CUST-66362,11/01/2026 05:24,web_chat,Standard,Greater London,AGT-645,I was double billed for my monthly subscription on card 3591791969091365. Please process a refund.
INT-2026-01838,CUST-19171,25/04/2026 14:40,email,Standard,Yorkshire & Humber,AGT-645,Can you send me a copy of my latest VAT invoice for last month?
INT-2026-00270,CUST-63907,20/02/2026 19:12,EMAIL,VIP,East of England,AGT-994,Your company has breached GDPR by sending emails to the wrong recipient. I am reporting this to the Information Commissioner's Office (ICO).
INT-2026-03262,CUST-76696,19/03/2026 04:58,webchat,Standard,West Midlands,AGT-185,What are your customer support opening hours over the bank holiday weekend?
INT-2026-00919,CUST-93140,26/05/2026 20:23,E-Mail,VIP,West Midlands,AGT-150,???
INT-2026-02042,CUST-82051,25/01/2026 12:43,web_chat,Standard,Wales,AGT-375,Why did my direct debit fail yesterday? I was charged a £25 penalty fee unfairly.
INT-2026-01093,CUST-35450,06/01/2026 18:49,web_chat,Small Business,North West,AGT-271,Disgusted by this scam service. I demand to speak with a senior manager immediately regarding my direct debit failure.
INT-2026-01473,CUST-45666,31/01/2026 23:36,E-Mail,Standard,Greater London,AGT-736,Can you send me a copy of my latest VAT invoice for last month?
INT-2026-02663,CUST-51274,,Email,Standard,Scotland,AGT-241,
INT-2026-02089,CUST-44562,08/04/2026 08:30,EMAIL,VIP,East of England,AGT-422,Can someone explain the difference between the standard and enterprise tier plans?
INT-2026-00528,CUST-18324,02/04/2026 21:54,webchat,Small Business,Greater London,AGT-265,Please delete all my data and process my Subject Access Request under UK GDPR rules immediately. Contact me at leon82@example.org.
INT-2026-01173,CUST-70713,10/05/2026 13:43,Call Transcript,Standard,Scotland,AGT-940,Why did my direct debit fail yesterday? I was charged a £25 penalty fee unfairly.
INT-2026-02530,CUST-40531,21/01/2026 11:26,E-Mail,Enterprise,Greater London,AGT-859,I am issuing a formal right to be forgotten request. Erase all personal records linked to my phone number +44115 496 0513.
INT-2026-03839,CUST-24354,07/02/2026 14:47,email,Small Business,Scotland,AGT-943,I was double billed for my monthly subscription on card 3569408812514331. Please process a refund.
INT-2026-03931,CUST-47031,26/03/2026 06:36,email,Small Business,North West,AGT-760,I would like to update my billing address to B6A 9DZ.
INT-2026-03772,CUST-54515,10/03/2026 08:18,EMAIL,Small Business,Wales,AGT-121,Can someone explain the difference between the standard and enterprise tier plans?
INT-2026-02474,CUST-58131,16/01/2026 15:49,EMAIL,VIP,West Midlands,AGT-355,I am issuing a formal right to be forgotten request. Erase all personal records linked to my phone number (020) 74960596.
INT-2026-03607,CUST-58564,19/01/2026 14:46,EMAIL,VIP,West Midlands,AGT-104,I lost my job last month and I simply cannot afford my direct debit payment of £150. My NI number is EX601724F. Please help me reduce my bill.
INT-2026-01708,CUST-73812,06/01/2026 00:22,Web Chat,Small Business,West Midlands,AGT-780,What are your customer support opening hours over the bank holiday weekend?
INT-2026-02469,CUST-65916,28/02/2026 17:12,Call Transcript,Small Business,Wales,AGT-237,My business went into administration. I cannot pay this invoice right now. Contact my legal representative at xlloyd@example.com.
INT-2026-03387,CUST-88764,30/04/2026 23:56,EMAIL,Small Business,Greater London,AGT-177,Can you send me a copy of my latest VAT invoice for last month?
INT-2026-00810,CUST-51799,16/05/2026 08:06,web_chat,Small Business,Yorkshire & Humber,AGT-521,How do I update my password on the online customer portal?
INT-2026-00688,CUST-17322,1778898863,EMAIL,Enterprise,Greater London,AGT-818,I lost my job last month and I simply cannot afford my direct debit payment of £150. My NI number is ZA001440P. Please help me reduce my bill.
INT-2026-02301,CUST-82253,19/05/2026 01:17,call_transcript,Standard,Greater London,AGT-906,How do I update my password on the online customer portal?
INT-2026-00295,CUST-11461,15/06/2026 11:22,call_transcript,Standard,West Midlands,AGT-315,I would like to update my billing address to N7U 5NQ. [DUPLICATE SUBMISSION]
INT-2026-01796,CUST-13175,13/04/2026 20:34,CALL,VIP,Wales,AGT-348,Unacceptable service! Your agent was extremely rude. I demand an immediate refund of £85. My account number is linked to NI OX490994Q.
INT-2026-01673,CUST-68511,14/04/2026 02:25,webchat,Small Business,West Midlands,AGT-361,Please delete all my data and process my Subject Access Request under UK GDPR rules immediately. Contact me at jonesmolly@example.org.
INT-2026-03576,CUST-93083,09/01/2026 10:59,email,Small Business,Wales,AGT-893,Can someone explain the difference between the standard and enterprise tier plans?
INT-2026-03045,CUST-73781,15/02/2026 14:52,EMAIL,VIP,Greater London,AGT-960,I was double billed for my monthly subscription on card 3524967269619129. Please process a refund.
INT-2026-02722,CUST-77010,23/04/2026 15:01,webchat,VIP,North West,AGT-747,Why did my direct debit fail yesterday? I was charged a £25 penalty fee unfairly.
INT-2026-02350,CUST-63220,07/01/2026 10:31,Email,Enterprise,West Midlands,AGT-638,ok thanks
INT-2026-04826,CUST-95552,18/03/2026 06:38,Email,Standard,East of England,AGT-610,I am currently in hospital due to severe illness and my pension payment hasn't come through. Please call me back on 0909 8790880.
INT-2026-02450,CUST-59488,01/01/2026 22:12,Call Transcript,Enterprise,North West,AGT-892,I would like to update my billing address to W5 1HS.
INT-2026-03593,CUST-73693,17/01/2026 05:25,email,Small Business,Yorkshire & Humber,AGT-179,I'm experiencing severe financial hardship following a bereavement. I live at SW6 4FH and need urgent payment assistance.
INT-2026-00496,CUST-43332,06/04/2026 05:14,Email,Small Business,East of England,AGT-352,SELECT * FROM users WHERE customer_id = 'CUST-101' OR 1=1;
INT-2026-02057,CUST-84829,01/03/2026 09:01,E-Mail,,West Midlands,AGT-974,Unacceptable service! Your agent was extremely rude. I demand an immediate refund of £85. My account number is linked to NI PO865176F.
INT-2026-03831,CUST-50261,1779761060,Call Transcript,Enterprise,Scotland,AGT-338,   
INT-2026-00365,CUST-40603,31/01/2026 06:58,web_chat,VIP,Wales,AGT-952,How do I update my password on the online customer portal?
INT-2026-03158,CUST-30070,,web_chat,Small Business,West Midlands,AGT-952,Can you send me a copy of my latest VAT invoice for last month?
INT-2026-03222,CUST-50228,17/02/2026 17:09,Call Transcript,Enterprise,East of England,AGT-538,I was double billed for my monthly subscription on card 3553537495252567. Please process a refund.
INT-2026-01888,CUST-63637,11/03/2026 02:49,webchat,Standard,Greater London,AGT-543,I am currently in hospital due to severe illness and my pension payment hasn't come through. Please call me back on +44306 9990004.
INT-2026-02779,CUST-83679,15/06/2026 11:22,Call Transcript,Small Business,East of England,AGT-277,I would like to update my billing address to N7 6DQ. [DUPLICATE SUBMISSION]
INT-2026-00349,CUST-82682,31/01/2026 02:28,call_transcript,Small Business,East of England,AGT-289,I would like to update my billing address to W8H 3PT.
INT-2026-01445,CUST-81212,25/02/2026 09:19,Email,VIP,Greater London,AGT-555,Can someone explain the difference between the standard and enterprise tier plans?
INT-2026-02637,CUST-32018,04/05/2026 10:31,Email,Small Business,Greater London,AGT-842,My business went into administration. I cannot pay this invoice right now. Contact my legal representative at jporter@example.net.
INT-2026-00245,CUST-49384,04/03/2026 07:21,Call Transcript,VIP,Wales,AGT-516,I would like to update my billing address to L38 5PZ.
INT-2026-00439,CUST-80432,05/04/2026 04:32,Email,Small Business,Yorkshire & Humber,AGT-693,Please delete all my data and process my Subject Access Request under UK GDPR rules immediately. Contact me at josephjones@example.org.
INT-2026-03527,CUST-56648,01/03/2026 00:02,EMAIL,Standard,East of England,AGT-455,ok thanks
INT-2026-04076,CUST-15541,10/05/2026 21:18,Web Chat,Small Business,North West,AGT-115,How do I update my password on the online customer portal?
INT-2026-00098,CUST-18109,1779209826,web_chat,Small Business,Yorkshire & Humber,AGT-635,I would like to update my billing address to NP6 7YJ.
INT-2026-03531,CUST-84182,24/01/2026 01:27,Web Chat,VIP,North West,AGT-391,What are your customer support opening hours over the bank holiday weekend?
INT-2026-02990,CUST-31678,15/03/2026 23:06,CALL,Small Business,North West,AGT-176,How do I update my password on the online customer portal?
INT-2026-00819,CUST-58473,05/05/2026 19:45,EMAIL,VIP,North West,AGT-985,What are your customer support opening hours over the bank holiday weekend?
INT-2026-00492,CUST-41258,06/01/2026 09:06,E-Mail,Small Business,Scotland,AGT-762,What are your customer support opening hours over the bank holiday weekend?
INT-2026-01603,CUST-71898,04/01/2026 00:29,email,Standard,Scotland,AGT-158,What are your customer support opening hours over the bank holiday weekend?
INT-2026-00884,CUST-72394,25/04/2026 10:41,call_transcript,Standard,East of England,AGT-553,What are your customer support opening hours over the bank holiday weekend?
INT-2026-04111,CUST-17449,1774785313,email,Enterprise,Scotland,AGT-343,Can someone explain the difference between the standard and enterprise tier plans?
INT-2026-02913,CUST-36724,19/05/2026 15:17,Call Transcript,Small Business,Yorkshire & Humber,AGT-428,I am issuing a formal right to be forgotten request. Erase all personal records linked to my phone number +4429 2018 0115.
INT-2026-02087,CUST-80345,07/02/2026 03:57,webchat,Enterprise,West Midlands,AGT-142,"This is a formal complaint regarding my overcharged invoice. If you do not resolve this today, I will escalate to the Financial Ombudsman and FCA immediately. My postcode is DG99 5EJ."
INT-2026-03416,CUST-64965,10/05/2026 22:02,Web Chat,Standard,East of England,AGT-513,What are your customer support opening hours over the bank holiday weekend?
INT-2026-00487,CUST-57622,07/04/2026 11:57,E-Mail,VIP,West Midlands,AGT-371,My business went into administration. I cannot pay this invoice right now. Contact my legal representative at aaron01@example.com.
INT-2026-04329,CUST-47259,,Call Transcript,Standard,North West,AGT-567,Can you send me a copy of my latest VAT invoice for last month?
INT-2026-02582,CUST-29693,19/03/2026 06:41,Call Transcript,Small Business,Yorkshire & Humber,AGT-427,How do I update my password on the online customer portal?
INT-2026-02928,CUST-30095,10/01/2026 15:16,call_transcript,VIP,West Midlands,AGT-178,Can you send me a copy of my latest VAT invoice for last month?
INT-2026-00668,CUST-95767,17/05/2026 19:57,E-Mail,Enterprise,West Midlands,AGT-842,Why did my direct debit fail yesterday? I was charged a £25 penalty fee unfairly.
INT-2026-04376,CUST-90842,03/04/2026 23:19,,Enterprise,North West,AGT-427,Disgusted by this scam service. I demand to speak with a senior manager immediately regarding my direct debit failure.
INT-2026-03634,CUST-32744,24/03/2026 18:28,webchat,VIP,Scotland,AGT-981,Your company has breached GDPR by sending emails to the wrong recipient. I am reporting this to the Information Commissioner's Office (ICO).
INT-2026-03455,CUST-49916,20/03/2026 21:24,EMAIL,Small Business,West Midlands,AGT-794,I am issuing a formal right to be forgotten request. Erase all personal records linked to my phone number 01164960102.
INT-2026-04008,CUST-18577,26/01/2026 22:05,web_chat,VIP,East of England,AGT-156,I was double billed for my monthly subscription on card 4941300578771. Please process a refund.
INT-2026-00827,CUST-91854,19/04/2026 22:58,Web Chat,VIP,West Midlands,AGT-282,"This is a formal complaint regarding my overcharged invoice. If you do not resolve this today, I will escalate to the Financial Ombudsman and FCA immediately. My postcode is TA9 3XH."
INT-2026-03617,CUST-78722,08/01/2026 17:29,Web Chat,VIP,Greater London,AGT-868,Disgusted by this scam service. I demand to speak with a senior manager immediately regarding my direct debit failure.
INT-2026-01773,CUST-62208,14/04/2026 19:18,web_chat,Standard,Scotland,AGT-278,
INT-2026-00165,CUST-56457,16/01/2026 08:15,webchat,VIP,West Midlands,AGT-800,How do I update my password on the online customer portal?
INT-2026-01169,CUST-36563,26/01/2026 18:16,EMAIL,Enterprise,Scotland,AGT-211,Why did my direct debit fail yesterday? I was charged a £25 penalty fee unfairly.
INT-2026-01211,CUST-78019,06/01/2026 10:51,email,Small Business,East of England,AGT-909,How do I update my password on the online customer portal?
INT-2026-02226,CUST-21606,12/03/2026 05:37,Email,Standard,East of England,AGT-127,I am issuing a formal right to be forgotten request. Erase all personal records linked to my phone number 0121 496 0890.
INT-2026-02409,CUST-60468,12/05/2026 05:21,web_chat,Enterprise,Wales,AGT-920,I was double billed for my monthly subscription on card 4828661982859044. Please process a refund.
INT-2026-04181,CUST-19344,26/03/2026 10:23,,VIP,East of England,AGT-692,Can you send me a copy of my latest VAT invoice for last month?
INT-2026-01369,CUST-98467,07/03/2026 20:24,Call Transcript,Small Business,West Midlands,AGT-342,What are your customer support opening hours over the bank holiday weekend?
INT-2026-01194,CUST-21421,04/02/2026 10:23,web_chat,Small Business,Yorkshire & Humber,AGT-161,What are your customer support opening hours over the bank holiday weekend?
INT-2026-00034,CUST-25906,10/05/2026 15:08,Call Transcript,Small Business,Yorkshire & Humber,AGT-934,Can someone explain the difference between the standard and enterprise tier plans?
INT-2026-03163,CUST-50001,25/05/2026 16:27,web_chat,Small Business,Yorkshire & Humber,AGT-267,Why did my direct debit fail yesterday? I was charged a £25 penalty fee unfairly.
INT-2026-04055,CUST-92775,29/04/2026 09:01,Email,Standard,Scotland,AGT-738,I'm experiencing severe financial hardship following a bereavement. I live at BL3 9TT and need urgent payment assistance.
INT-2026-03715,CUST-80322,1768585594,webchat,Enterprise,Scotland,AGT-286,Disgusted by this scam service. I demand to speak with a senior manager immediately regarding my direct debit failure.
INT-2026-01290,CUST-57344,23/01/2026 20:53,web_chat,VIP,Scotland,AGT-403,Why did my direct debit fail yesterday? I was charged a £25 penalty fee unfairly.
INT-2026-02504,,21/01/2026 10:39,EMAIL,Enterprise,North West,AGT-239,You have failed to address my issue for 3 weeks. I am filing an official grievance and taking this further to legal counsel.
INT-2026-04807,CUST-97286,11/02/2026 13:57,CALL,Small Business,Greater London,AGT-546,Can someone explain the difference between the standard and enterprise tier plans?
INT-2026-02603,CUST-93513,12/05/2026 19:51,E-Mail,VIP,Scotland,AGT-146,"This is a formal complaint regarding my overcharged invoice. If you do not resolve this today, I will escalate to the Financial Ombudsman and FCA immediately. My postcode is E05 2PJ."
INT-2026-00771,CUST-56911,25/02/2026 22:29,email,Enterprise,Scotland,AGT-733,I lost my job last month and I simply cannot afford my direct debit payment of £150. My NI number is XS758015I. Please help me reduce my bill.
INT-2026-01567,CUST-52026,27/01/2026 05:01,Call Transcript,Small Business,North West,AGT-774,Why did my direct debit fail yesterday? I was charged a £25 penalty fee unfairly.
INT-2026-04424,CUST-35940,01/03/2026 16:32,E-Mail,Standard,Greater London,AGT-272,"This is a formal complaint regarding my overcharged invoice. If you do not resolve this today, I will escalate to the Financial Ombudsman and FCA immediately. My postcode is W8E 7GP."
INT-2026-02375,CUST-90522,23/01/2026 20:26,,Small Business,Wales,AGT-362,"This is a formal complaint regarding my overcharged invoice. If you do not resolve this today, I will escalate to the Financial Ombudsman and FCA immediately. My postcode is WD2 4WP."
INT-2026-04279,CUST-34900,20/04/2026 02:13,Web Chat,VIP,Greater London,AGT-165,Can someone explain the difference between the standard and enterprise tier plans?
INT-2026-04120,CUST-36503,09/02/2026 19:04,email,Small Business,Scotland,AGT-277,My business went into administration. I cannot pay this invoice right now. Contact my legal representative at farmerduncan@example.com.
INT-2026-02166,CUST-17316,19/02/2026 02:22,E-Mail,Small Business,North West,AGT-217,Can you send me a copy of my latest VAT invoice for last month?
INT-2026-04167,CUST-62435,05/02/2026 21:05,Web Chat,Enterprise,East of England,AGT-215,Why did my direct debit fail yesterday? I was charged a £25 penalty fee unfairly.
INT-2026-01568,CUST-93577,16/01/2026 13:32,web_chat,Enterprise,Greater London,AGT-873,I am currently in hospital due to severe illness and my pension payment hasn't come through. Please call me back on +44(0)151 496 0939.
INT-2026-02789,CUST-48091,23/03/2026 22:46,Call Transcript,Enterprise,Yorkshire & Humber,AGT-636,Can someone explain the difference between the standard and enterprise tier plans?
INT-2026-00660,CUST-25570,07/04/2026 05:30,call_transcript,Small Business,Yorkshire & Humber,AGT-843,Can someone explain the difference between the standard and enterprise tier plans?
INT-2026-00491,CUST-49357,03/03/2026 21:01,webchat,Enterprise,Wales,AGT-393,I would like to update my billing address to G0T 4YG.
INT-2026-02593,CUST-13151,09/04/2026 05:06,Call Transcript,Enterprise,East of England,AGT-675,"This is a formal complaint regarding my overcharged invoice. If you do not resolve this today, I will escalate to the Financial Ombudsman and FCA immediately. My postcode is S2U 6NZ."
INT-2026-03143,CUST-94257,08/04/2026 11:30,EMAIL,VIP,Greater London,AGT-197,I was double billed for my monthly subscription on card 4761818283103196. Please process a refund.
INT-2026-02797,CUST-67093,16/02/2026 14:26,email,VIP,West Midlands,AGT-225,Can you send me a copy of my latest VAT invoice for last month?
INT-2026-02989,CUST-32474,27/03/2026 21:56,webchat,Small Business,Yorkshire & Humber,AGT-185,I lost my job last month and I simply cannot afford my direct debit payment of £150. My NI number is DY067733A. Please help me reduce my bill.
INT-2026-04819,CUST-27629,1774851714,Call Transcript,VIP,East of England,AGT-864,I lost my job last month and I simply cannot afford my direct debit payment of £150. My NI number is HD207032A. Please help me reduce my bill.
INT-2026-00010,CUST-93748,30/01/2026 16:16,E-Mail,Standard,Yorkshire & Humber,AGT-431,Why did my direct debit fail yesterday? I was charged a £25 penalty fee unfairly.
INT-2026-03291,CUST-58969,,webchat,Enterprise,Scotland,AGT-937,
INT-2026-03293,CUST-25216,18/03/2026 08:11,Email,Small Business,Greater London,AGT-736,Can someone explain the difference between the standard and enterprise tier plans?
INT-2026-04009,CUST-16221,22/05/2026 07:18,EMAIL,VIP,Greater London,AGT-141,I lost my job last month and I simply cannot afford my direct debit payment of £150. My NI number is CZ149971Y. Please help me reduce my bill.
INT-2026-01902,CUST-81339,26/02/2026 08:22,Web Chat,Enterprise,North West,AGT-785,"<html><body><p>Hello support team, I need help logging in.</p></body></html>"
INT-2026-00583,CUST-50107,21/04/2026 22:46,webchat,Standard,West Midlands,AGT-555,Why did my direct debit fail yesterday? I was charged a £25 penalty fee unfairly.
INT-2026-04179,CUST-69361,1768690646,E-Mail,VIP,West Midlands,AGT-511,I lost my job last month and I simply cannot afford my direct debit payment of £150. My NI number is ND184950E. Please help me reduce my bill.
INT-2026-00191,CUST-21401,16/02/2026 00:14,EMAIL,Small Business,North West,AGT-730,Unacceptable service! Your agent was extremely rude. I demand an immediate refund of £85. My account number is linked to NI MD116241G.
INT-2026-02575,CUST-56477,19/03/2026 06:03,Call Transcript,Enterprise,West Midlands,AGT-417,Why did my direct debit fail yesterday? I was charged a £25 penalty fee unfairly.
INT-2026-00676,CUST-45231,31/01/2026 05:20,webchat,Small Business,Greater London,AGT-607,Unacceptable service! Your agent was extremely rude. I demand an immediate refund of £85. My account number is linked to NI XH450786B.
INT-2026-02453,CUST-52068,08/04/2026 15:12,Web Chat,Small Business,Greater London,AGT-975,Disgusted by this scam service. I demand to speak with a senior manager immediately regarding my direct debit failure.
INT-2026-04837,CUST-10917,21/03/2026 13:02,call_transcript,Standard,North West,AGT-417,Why did my direct debit fail yesterday? I was charged a £25 penalty fee unfairly.
INT-2026-02275,CUST-73201,26/04/2026 06:09,CALL,VIP,Scotland,AGT-840,Can someone explain the difference between the standard and enterprise tier plans?
INT-2026-04594,CUST-44083,25/02/2026 12:51,call_transcript,Standard,Wales,AGT-801,I was double billed for my monthly subscription on card 347683488499083. Please process a refund.
INT-2026-03796,CUST-54771,23/01/2026 18:38,E-Mail,VIP,Scotland,AGT-712,Can you send me a copy of my latest VAT invoice for last month?
INT-2026-00776,CUST-58196,26/03/2026 18:21,web_chat,,Scotland,AGT-865,How do I update my password on the online customer portal?
INT-2026-04659,CUST-32678,04/03/2026 15:52,,Small Business,Greater London,AGT-489,Can you send me a copy of my latest VAT invoice for last month?
INT-2026-04285,CUST-15442,21/03/2026 13:09,call_transcript,Small Business,North West,AGT-615,I was double billed for my monthly subscription on card 30260778562557. Please process a refund.
INT-2026-04454,CUST-85882,29/01/2026 22:13,Call Transcript,Standard,Scotland,AGT-991,???
INT-2026-03732,CUST-13597,14/03/2026 03:24,Email,Enterprise,West Midlands,AGT-741,Why did my direct debit fail yesterday? I was charged a £25 penalty fee unfairly.
INT-2026-00448,CUST-98428,1769087309,Email,Standard,Yorkshire & Humber,AGT-826,What are your customer support opening hours over the bank holiday weekend?
INT-2026-01376,CUST-78749,21/04/2026 16:00,call_transcript,Small Business,North West,AGT-405,ok thanks
INT-2026-00243,CUST-63856,22/04/2026 01:49,Call Transcript,VIP,Yorkshire & Humber,AGT-723,Can someone explain the difference between the standard and enterprise tier plans?
INT-2026-02006,CUST-23497,13/02/2026 04:19,CALL,Enterprise,East of England,AGT-436,I would like to update my billing address to GU4 9LL.
INT-2026-03418,CUST-20009,21/02/2026 17:18,email,Enterprise,Greater London,AGT-541,Can someone explain the difference between the standard and enterprise tier plans?
INT-2026-02484,CUST-13453,14/04/2026 09:50,,Enterprise,East of England,AGT-194,How do I update my password on the online customer portal?
INT-2026-02299,CUST-15899,1774265446,Web Chat,Standard,North West,AGT-588,I was double billed for my monthly subscription on card 569060771874. Please process a refund.
INT-2026-03087,CUST-22090,1779244465,Email,VIP,Scotland,AGT-769,I was double billed for my monthly subscription on card 3502015812870470. Please process a refund.
INT-2026-02715,CUST-57643,15/06/2026 11:22,Web Chat,Enterprise,Wales,AGT-404,What are your customer support opening hours over the bank holiday weekend? [DUPLICATE SUBMISSION]
INT-2026-03498,CUST-57834,12/02/2026 04:44,webchat,Standard,Scotland,AGT-569,Can someone explain the difference between the standard and enterprise tier plans?
INT-2026-02494,CUST-14321,01/03/2026 08:30,Web Chat,Enterprise,West Midlands,AGT-131,What are your customer support opening hours over the bank holiday weekend?
INT-2026-04810,CUST-40418,13/04/2026 20:56,web_chat,VIP,North West,AGT-944,Please delete all my data and process my Subject Access Request under UK GDPR rules immediately. Contact me at jill93@example.com.
INT-2026-00785,CUST-42759,07/03/2026 13:00,Web Chat,Enterprise,East of England,AGT-356,How do I update my password on the online customer portal?
INT-2026-01973,CUST-19435,12/02/2026 13:25,web_chat,Small Business,East of England,AGT-597,I'm experiencing severe financial hardship following a bereavement. I live at HA43 9JL and need urgent payment assistance.
INT-2026-03172,CUST-11281,12/05/2026 14:53,Email,Standard,Wales,AGT-787,You have failed to address my issue for 3 weeks. I am filing an official grievance and taking this further to legal counsel.
INT-2026-03575,CUST-16144,31/01/2026 06:48,web_chat,Enterprise,West Midlands,AGT-513,"This is a formal complaint regarding my overcharged invoice. If you do not resolve this today, I will escalate to the Financial Ombudsman and FCA immediately. My postcode is S1D 3UD."
INT-2026-04162,CUST-74763,22/05/2026 10:01,Call Transcript,VIP,East of England,AGT-146,
INT-2026-01261,CUST-35203,06/01/2026 14:38,CALL,Small Business,Scotland,AGT-902,Unacceptable service! Your agent was extremely rude. I demand an immediate refund of £85. My account number is linked to NI WC169156N.
INT-2026-01772,CUST-28459,11/02/2026 06:44,email,Standard,Scotland,AGT-826,"This is a formal complaint regarding my overcharged invoice. If you do not resolve this today, I will escalate to the Financial Ombudsman and FCA immediately. My postcode is TS8 6ZD."
INT-2026-02447,CUST-67590,03/03/2026 09:54,Email,Standard,Scotland,AGT-407,Unacceptable service! Your agent was extremely rude. I demand an immediate refund of £85. My account number is linked to NI AP426613Y.
INT-2026-04145,CUST-89401,1768675052,EMAIL,Small Business,Wales,AGT-229,Why did my direct debit fail yesterday? I was charged a £25 penalty fee unfairly.
INT-2026-03752,CUST-88291,02/03/2026 19:44,web_chat,Enterprise,North West,AGT-626,SELECT * FROM users WHERE customer_id = 'CUST-101' OR 1=1;
INT-2026-02411,CUST-39385,13/03/2026 09:21,Email,Enterprise,Wales,AGT-359,"This is a formal complaint regarding my overcharged invoice. If you do not resolve this today, I will escalate to the Financial Ombudsman and FCA immediately. My postcode is DG6 5SY."
INT-2026-01146,CUST-50793,13/04/2026 03:09,EMAIL,VIP,Scotland,AGT-642,Why did my direct debit fail yesterday? I was charged a £25 penalty fee unfairly.
INT-2026-01534,CUST-94045,10/05/2026 01:09,Call Transcript,VIP,Yorkshire & Humber,AGT-116,Can someone explain the difference between the standard and enterprise tier plans?
INT-2026-01062,CUST-61951,14/02/2026 02:13,Email,Enterprise,North West,AGT-574,"This is a formal complaint regarding my overcharged invoice. If you do not resolve this today, I will escalate to the Financial Ombudsman and FCA immediately. My postcode is BA48 1HB."
INT-2026-03324,CUST-25809,04/05/2026 12:02,email,VIP,North West,AGT-394,Unacceptable service! Your agent was extremely rude. I demand an immediate refund of £85. My account number is linked to NI FX811863B.
INT-2026-00368,CUST-96898,,web_chat,Small Business,North West,AGT-489,Can you send me a copy of my latest VAT invoice for last month?
INT-2026-01193,CUST-78750,28/03/2026 20:41,webchat,Enterprise,Wales,AGT-253,How do I update my password on the online customer portal?
INT-2026-03340,CUST-19398,1774703165,webchat,Enterprise,Greater London,AGT-856,I am issuing a formal right to be forgotten request. Erase all personal records linked to my phone number +44306 999 0640.
INT-2026-01303,CUST-68694,12/02/2026 12:45,call_transcript,VIP,Yorkshire & Humber,AGT-410,ok thanks
INT-2026-02801,CUST-85119,23/03/2026 22:47,webchat,VIP,Wales,AGT-152,How do I update my password on the online customer portal?
INT-2026-00823,CUST-81707,27/02/2026 14:57,Email,Enterprise,Yorkshire & Humber,AGT-430,I would like to update my billing address to L7U 6SD.
INT-2026-02532,CUST-71875,19/04/2026 21:24,Email,Standard,Yorkshire & Humber,AGT-698,I would like to update my billing address to G61 4LH.
INT-2026-03440,CUST-83869,17/05/2026 10:47,EMAIL,VIP,East of England,AGT-312,"This is a formal complaint regarding my overcharged invoice. If you do not resolve this today, I will escalate to the Financial Ombudsman and FCA immediately. My postcode is NE11 5LL."
INT-2026-04211,CUST-86921,03/04/2026 04:22,EMAIL,Standard,Wales,AGT-389,Why did my direct debit fail yesterday? I was charged a £25 penalty fee unfairly.
INT-2026-03533,CUST-84576,14/01/2026 00:22,E-Mail,Standard,East of England,AGT-186,How do I update my password on the online customer portal?
INT-2026-02597,CUST-66416,09/01/2026 22:14,EMAIL,Small Business,Greater London,AGT-659,My business went into administration. I cannot pay this invoice right now. Contact my legal representative at harrisconor@example.net.
INT-2026-02695,CUST-68143,10/02/2026 10:41,email,VIP,Scotland,AGT-926,I lost my job last month and I simply cannot afford my direct debit payment of £150. My NI number is YL218316C. Please help me reduce my bill.
INT-2026-03657,CUST-56362,14/03/2026 21:57,webchat,Enterprise,Wales,AGT-855,I was double billed for my monthly subscription on card 630420133575. Please process a refund.
INT-2026-03674,CUST-35588,,E-Mail,Small Business,Greater London,AGT-830,Can you send me a copy of my latest VAT invoice for last month?
INT-2026-01750,CUST-76856,27/02/2026 04:46,webchat,Standard,Greater London,AGT-752,Can you send me a copy of my latest VAT invoice for last month?
INT-2026-03625,CUST-24227,04/01/2026 20:05,Call Transcript,Small Business,West Midlands,AGT-434,I am currently in hospital due to severe illness and my pension payment hasn't come through. Please call me back on +441184960444.
INT-2026-02031,CUST-27303,04/04/2026 03:25,Email,Small Business,Yorkshire & Humber,AGT-506,I am currently in hospital due to severe illness and my pension payment hasn't come through. Please call me back on +44(0)1632960644.
INT-2026-02543,CUST-10359,02/05/2026 23:55,Call Transcript,Small Business,West Midlands,AGT-503,What are your customer support opening hours over the bank holiday weekend?
INT-2026-03919,CUST-21199,27/03/2026 13:35,email,Small Business,Yorkshire & Humber,AGT-902,"This is a formal complaint regarding my overcharged invoice. If you do not resolve this today, I will escalate to the Financial Ombudsman and FCA immediately. My postcode is G73 2UY."
INT-2026-01969,CUST-45156,03/03/2026 19:21,web_chat,Standard,Yorkshire & Humber,AGT-512,Can you send me a copy of my latest VAT invoice for last month?
INT-2026-01105,CUST-86048,26/01/2026 17:15,E-Mail,Standard,East of England,AGT-504,Unacceptable service! Your agent was extremely rude. I demand an immediate refund of £85. My account number is linked to NI TB911708C.
INT-2026-03586,CUST-40767,19/04/2026 04:01,CALL,VIP,West Midlands,AGT-263,I lost my job last month and I simply cannot afford my direct debit payment of £150. My NI number is DR655886D. Please help me reduce my bill.
INT-2026-03137,CUST-36830,1771062387,web_chat,VIP,Scotland,AGT-235,Please delete all my data and process my Subject Access Request under UK GDPR rules immediately. Contact me at christopherholmes@example.com.
INT-2026-04520,CUST-19773,04/03/2026 18:37,CALL,VIP,Wales,AGT-987,You have failed to address my issue for 3 weeks. I am filing an official grievance and taking this further to legal counsel.
INT-2026-03837,CUST-77094,22/04/2026 11:28,webchat,Enterprise,Greater London,AGT-434,Why did my direct debit fail yesterday? I was charged a £25 penalty fee unfairly.
INT-2026-03779,CUST-42419,20/01/2026 10:57,call_transcript,Small Business,Scotland,AGT-754,
INT-2026-01732,CUST-67872,29/05/2026 11:41,Web Chat,Small Business,North West,AGT-880,I would like to update my billing address to E8 8EF.
INT-2026-00130,CUST-57943,09/01/2026 18:50,web_chat,Standard,Scotland,AGT-616,Can you send me a copy of my latest VAT invoice for last month?
INT-2026-01532,CUST-98007,01/02/2026 05:16,Call Transcript,Small Business,Wales,AGT-855,I would like to update my billing address to W00 0AE.
INT-2026-03226,CUST-53659,24/05/2026 11:51,E-Mail,Standard,Yorkshire & Humber,AGT-990,How do I update my password on the online customer portal?
INT-2026-00341,CUST-91625,1767551000,web_chat,Enterprise,West Midlands,AGT-228,How do I update my password on the online customer portal?
INT-2026-01187,CUST-93092,24/05/2026 13:40,call_transcript,VIP,Yorkshire & Humber,AGT-686,I would like to update my billing address to TA9M 7JQ.
INT-2026-03970,CUST-34482,1774215781,call_transcript,Small Business,East of England,AGT-396,Why did my direct debit fail yesterday? I was charged a £25 penalty fee unfairly.
INT-2026-04277,CUST-36616,01/01/2026 14:57,call_transcript,VIP,North West,AGT-768,Can someone explain the difference between the standard and enterprise tier plans?
INT-2026-04125,CUST-96839,20/02/2026 10:42,EMAIL,VIP,Yorkshire & Humber,AGT-658,How do I update my password on the online customer portal?
INT-2026-01377,CUST-48293,18/05/2026 16:21,Web Chat,Standard,Scotland,AGT-683,What are your customer support opening hours over the bank holiday weekend?
INT-2026-01996,CUST-12929,09/05/2026 23:21,Email,Small Business,Wales,AGT-473,Why did my direct debit fail yesterday? I was charged a £25 penalty fee unfairly.
INT-2026-04341,,,web_chat,Small Business,West Midlands,AGT-269,Why did my direct debit fail yesterday? I was charged a £25 penalty fee unfairly.
INT-2026-03050,CUST-66813,03/03/2026 01:22,EMAIL,VIP,Yorkshire & Humber,AGT-516,What are your customer support opening hours over the bank holiday weekend?
INT-2026-04775,CUST-14799,1773824123,email,Enterprise,Yorkshire & Humber,AGT-619,   
INT-2026-04625,CUST-78628,06/02/2026 17:20,,Enterprise,Scotland,AGT-465,I would like to update my billing address to ML5 4AL.
INT-2026-04086,CUST-50869,18/03/2026 02:33,,VIP,Wales,AGT-105,Can someone explain the difference between the standard and enterprise tier plans?
INT-2026-00639,CUST-97914,07/05/2026 06:40,Call Transcript,,Greater London,AGT-184,Unacceptable service! Your agent was extremely rude. I demand an immediate refund of £85. My account number is linked to NI GX828518H.
INT-2026-02616,CUST-96491,07/03/2026 23:18,Email,Standard,Scotland,AGT-267,I was double billed for my monthly subscription on card 3540635160984146. Please process a refund.
INT-2026-03018,CUST-25369,,Email,Enterprise,Yorkshire & Humber,AGT-394,SELECT * FROM users WHERE customer_id = 'CUST-101' OR 1=1;
INT-2026-03763,CUST-83837,30/05/2026 07:10,E-Mail,Small Business,West Midlands,AGT-248,Can you send me a copy of my latest VAT invoice for last month?
INT-2026-04242,CUST-94752,09/05/2026 23:10,Call Transcript,VIP,North West,AGT-869,What are your customer support opening hours over the bank holiday weekend?
INT-2026-01716,CUST-37300,26/02/2026 00:43,Web Chat,VIP,Yorkshire & Humber,AGT-648,"This is a formal complaint regarding my overcharged invoice. If you do not resolve this today, I will escalate to the Financial Ombudsman and FCA immediately. My postcode is W8A 7XF."
INT-2026-00591,CUST-24239,05/05/2026 01:58,Call Transcript,VIP,Greater London,AGT-946,Can someone explain the difference between the standard and enterprise tier plans?
INT-2026-04210,CUST-76193,1772426465,Email,Small Business,Yorkshire & Humber,AGT-124,Why did my direct debit fail yesterday? I was charged a £25 penalty fee unfairly.
INT-2026-00395,CUST-14901,28/03/2026 04:08,EMAIL,Enterprise,Scotland,AGT-850,I would like to update my billing address to EH4 0PT.
INT-2026-01525,CUST-25518,16/05/2026 08:10,web_chat,Standard,Wales,AGT-516,What are your customer support opening hours over the bank holiday weekend?
INT-2026-02884,CUST-63664,21/05/2026 00:06,Call Transcript,Standard,Yorkshire & Humber,AGT-749,Can someone explain the difference between the standard and enterprise tier plans?
INT-2026-02931,CUST-27957,11/04/2026 19:11,E-Mail,VIP,East of England,AGT-571,I would like to update my billing address to N6 1UD.
INT-2026-03659,CUST-96026,26/05/2026 16:09,E-Mail,Standard,Yorkshire & Humber,AGT-433,What are your customer support opening hours over the bank holiday weekend?
INT-2026-02678,CUST-78890,15/06/2026 11:22,call_transcript,VIP,Greater London,AGT-455,"This is a formal complaint regarding my overcharged invoice. If you do not resolve this today, I will escalate to the Financial Ombudsman and FCA immediately. My postcode is GL2 8JY. [DUPLICATE SUBMISSION]"
INT-2026-03583,CUST-44161,11/02/2026 16:22,CALL,Small Business,East of England,AGT-224,ok thanks
INT-2026-03213,CUST-98670,18/01/2026 20:42,E-Mail,VIP,Scotland,AGT-516,Can someone explain the difference between the standard and enterprise tier plans?
INT-2026-02058,CUST-32874,15/05/2026 17:52,call_transcript,Standard,North West,AGT-352,My business went into administration. I cannot pay this invoice right now. Contact my legal representative at ellie93@example.net.
INT-2026-02643,CUST-85866,17/05/2026 19:49,call_transcript,Enterprise,Scotland,AGT-431,Can someone explain the difference between the standard and enterprise tier plans?
INT-2026-02279,CUST-80438,10/02/2026 21:11,call_transcript,VIP,West Midlands,AGT-761,Can you send me a copy of my latest VAT invoice for last month?
INT-2026-01920,CUST-74291,27/05/2026 17:12,email,Small Business,Wales,AGT-874,You have failed to address my issue for 3 weeks. I am filing an official grievance and taking this further to legal counsel.
INT-2026-03525,CUST-95929,01/05/2026 16:12,EMAIL,VIP,West Midlands,AGT-924,I was double billed for my monthly subscription on card 5318796192085016. Please process a refund.
INT-2026-02513,CUST-74990,20/05/2026 01:08,Call Transcript,Small Business,Wales,AGT-316,I was double billed for my monthly subscription on card 573796508436. Please process a refund.
INT-2026-03705,CUST-94786,20/01/2026 00:55,E-Mail,VIP,North West,AGT-927,Can someone explain the difference between the standard and enterprise tier plans?
INT-2026-02591,CUST-34928,28/04/2026 22:28,email,Enterprise,Yorkshire & Humber,AGT-503,I would like to update my billing address to B13 2AQ.
INT-2026-02146,CUST-93311,24/04/2026 22:16,call_transcript,Enterprise,Scotland,AGT-208,What are your customer support opening hours over the bank holiday weekend?
INT-2026-03559,CUST-57467,11/04/2026 22:32,web_chat,Enterprise,North West,AGT-191,I'm experiencing severe financial hardship following a bereavement. I live at W2K 7SD and need urgent payment assistance.
INT-2026-01612,CUST-63501,15/03/2026 04:44,web_chat,VIP,Yorkshire & Humber,AGT-854,What are your customer support opening hours over the bank holiday weekend?
INT-2026-02811,CUST-84835,12/05/2026 00:15,webchat,Enterprise,West Midlands,AGT-884,   
INT-2026-04338,CUST-76103,11/02/2026 16:30,E-Mail,Small Business,North West,AGT-166,Can you send me a copy of my latest VAT invoice for last month?
INT-2026-00073,CUST-31567,27/02/2026 07:27,Call Transcript,VIP,Wales,AGT-331,Can someone explain the difference between the standard and enterprise tier plans?
INT-2026-01429,CUST-81350,19/02/2026 01:29,call_transcript,VIP,Wales,AGT-781,I would like to update my billing address to G1T 6XW.
INT-2026-03232,CUST-49522,16/03/2026 16:11,web_chat,VIP,Yorkshire & Humber,AGT-348,I would like to update my billing address to DE20 6EQ.
INT-2026-03658,CUST-20318,15/02/2026 22:30,CALL,Enterprise,West Midlands,AGT-129,Unacceptable service! Your agent was extremely rude. I demand an immediate refund of £85. My account number is linked to NI CU016493Z.
INT-2026-02364,CUST-17256,17/01/2026 23:07,Web Chat,Enterprise,Wales,AGT-130,Please delete all my data and process my Subject Access Request under UK GDPR rules immediately. Contact me at annatkinson@example.net.
INT-2026-00803,CUST-32131,08/01/2026 17:13,,,Wales,AGT-942,I am currently in hospital due to severe illness and my pension payment hasn't come through. Please call me back on +441154960824.
INT-2026-00247,CUST-57235,13/03/2026 12:38,Web Chat,Standard,North West,AGT-481,I was double billed for my monthly subscription on card 4341514888143112. Please process a refund.
INT-2026-02024,CUST-63441,26/01/2026 16:10,call_transcript,Small Business,Scotland,AGT-567,I was double billed for my monthly subscription on card 4283334326032227567. Please process a refund.
INT-2026-02703,CUST-89743,,Email,Standard,Greater London,AGT-561,You have failed to address my issue for 3 weeks. I am filing an official grievance and taking this further to legal counsel.
INT-2026-01868,,26/04/2026 12:14,web_chat,Standard,West Midlands,AGT-380,Please delete all my data and process my Subject Access Request under UK GDPR rules immediately. Contact me at robert27@example.com.
INT-2026-00067,CUST-66881,1774669290,EMAIL,Standard,West Midlands,AGT-467,Why did my direct debit fail yesterday? I was charged a £25 penalty fee unfairly.
INT-2026-00940,CUST-29382,13/01/2026 16:50,web_chat,Standard,East of England,AGT-712,Can you send me a copy of my latest VAT invoice for last month?
INT-2026-04258,CUST-94856,23/05/2026 05:02,webchat,Small Business,North West,AGT-984,I was double billed for my monthly subscription on card 372128632971981. Please process a refund.
INT-2026-01843,CUST-44298,07/05/2026 10:51,webchat,Enterprise,North West,AGT-580,I would like to update my billing address to HR80 2RU.
INT-2026-01063,CUST-93889,14/03/2026 15:07,Web Chat,Small Business,Greater London,AGT-712,Your company has breached GDPR by sending emails to the wrong recipient. I am reporting this to the Information Commissioner's Office (ICO).
INT-2026-02952,CUST-14483,1776431813,Call Transcript,Enterprise,Greater London,AGT-650,My business went into administration. I cannot pay this invoice right now. Contact my legal representative at donnaburgess@example.net.
INT-2026-00204,CUST-57329,17/03/2026 02:47,email,Small Business,Wales,AGT-174,
INT-2026-02937,,29/05/2026 12:53,web_chat,Enterprise,Yorkshire & Humber,AGT-952,I would like to update my billing address to BT1B 0XU.
INT-2026-02813,CUST-43491,10/05/2026 16:11,webchat,Standard,West Midlands,AGT-600,I am issuing a formal right to be forgotten request. Erase all personal records linked to my phone number 0116 496 0754.
INT-2026-01122,CUST-31782,19/05/2026 14:11,call_transcript,Enterprise,Scotland,AGT-261,What are your customer support opening hours over the bank holiday weekend?
INT-2026-01980,CUST-33310,11/04/2026 11:01,E-Mail,Small Business,Scotland,AGT-458,I was double billed for my monthly subscription on card 36667360321123. Please process a refund.
INT-2026-03918,CUST-70295,19/02/2026 07:32,E-Mail,Enterprise,Wales,AGT-338,Your company has breached GDPR by sending emails to the wrong recipient. I am reporting this to the Information Commissioner's Office (ICO).
INT-2026-01722,CUST-85784,21/05/2026 02:22,E-Mail,Standard,Scotland,AGT-134,I am currently in hospital due to severe illness and my pension payment hasn't come through. Please call me back on +44909 8790473.
INT-2026-03589,CUST-83437,,email,VIP,East of England,AGT-702,I would like to update my billing address to S7 6HF.
INT-2026-04066,,10/03/2026 13:54,CALL,Small Business,Greater London,AGT-990,Why did my direct debit fail yesterday? I was charged a £25 penalty fee unfairly.
INT-2026-01022,CUST-50180,28/02/2026 19:25,webchat,Standard,Greater London,AGT-131,Please delete all my data and process my Subject Access Request under UK GDPR rules immediately. Contact me at kchadwick@example.com.
INT-2026-01360,CUST-93196,26/02/2026 16:59,CALL,VIP,East of England,AGT-935,What are your customer support opening hours over the bank holiday weekend?
INT-2026-00640,CUST-85055,26/04/2026 03:00,EMAIL,VIP,Greater London,AGT-433,I am currently in hospital due to severe illness and my pension payment hasn't come through. Please call me back on (028) 9018615.
INT-2026-04827,CUST-64954,16/02/2026 23:30,Email,Small Business,East of England,AGT-720,My business went into administration. I cannot pay this invoice right now. Contact my legal representative at jayreynolds@example.org.
INT-2026-03302,CUST-97185,26/02/2026 01:57,email,Small Business,East of England,AGT-189,I lost my job last month and I simply cannot afford my direct debit payment of £150. My NI number is CO891079Y. Please help me reduce my bill.
INT-2026-04072,,10/04/2026 23:25,call_transcript,Small Business,East of England,AGT-473,Can you send me a copy of my latest VAT invoice for last month?
INT-2026-02107,CUST-14374,12/03/2026 15:36,web_chat,Small Business,Yorkshire & Humber,AGT-228,I lost my job last month and I simply cannot afford my direct debit payment of £150. My NI number is VG200941S. Please help me reduce my bill.
INT-2026-03321,CUST-15100,14/04/2026 20:50,web_chat,VIP,North West,AGT-306,Unacceptable service! Your agent was extremely rude. I demand an immediate refund of £85. My account number is linked to NI XS365975H.
INT-2026-00002,,23/03/2026 11:06,call_transcript,,Wales,AGT-263,I would like to update my billing address to E6B 9QY.
INT-2026-03983,CUST-61033,04/01/2026 08:11,Web Chat,Enterprise,Greater London,AGT-444,Can you send me a copy of my latest VAT invoice for last month?
INT-2026-04685,CUST-70899,22/01/2026 14:39,webchat,VIP,East of England,AGT-832,Your company has breached GDPR by sending emails to the wrong recipient. I am reporting this to the Information Commissioner's Office (ICO).
INT-2026-02262,CUST-10265,24/01/2026 11:04,CALL,Enterprise,West Midlands,AGT-490,How do I update my password on the online customer portal?
INT-2026-03582,CUST-13262,03/04/2026 08:43,EMAIL,Standard,North West,AGT-895,Can you send me a copy of my latest VAT invoice for last month?
INT-2026-04005,CUST-59390,21/03/2026 19:17,E-Mail,Standard,North West,AGT-412,???
INT-2026-02260,CUST-57081,22/04/2026 10:00,Call Transcript,Small Business,West Midlands,AGT-487,I am issuing a formal right to be forgotten request. Erase all personal records linked to my phone number 0115 4960560.
INT-2026-03684,CUST-71211,01/03/2026 03:21,call_transcript,Enterprise,Scotland,AGT-817,Why did my direct debit fail yesterday? I was charged a £25 penalty fee unfairly.
INT-2026-01524,,10/05/2026 21:15,CALL,Small Business,Greater London,AGT-498,I would like to update my billing address to G5E 5LU.
INT-2026-02343,CUST-11454,06/05/2026 00:32,web_chat,Standard,Scotland,AGT-510,Can someone explain the difference between the standard and enterprise tier plans?
INT-2026-00287,CUST-56934,13/04/2026 00:31,web_chat,Small Business,Yorkshire & Humber,AGT-649,I was double billed for my monthly subscription on card 30245723084815. Please process a refund.
INT-2026-02297,CUST-61782,12/01/2026 05:10,web_chat,Small Business,West Midlands,AGT-502,What are your customer support opening hours over the bank holiday weekend?
INT-2026-03630,CUST-18097,29/04/2026 20:46,Web Chat,Small Business,Scotland,AGT-500,Can someone explain the difference between the standard and enterprise tier plans?
INT-2026-04293,CUST-85993,1776806820,Email,VIP,Greater London,AGT-679,Can you send me a copy of my latest VAT invoice for last month?
INT-2026-02573,CUST-34129,05/05/2026 04:59,CALL,Enterprise,West Midlands,AGT-104,Please delete all my data and process my Subject Access Request under UK GDPR rules immediately. Contact me at nathanlewis@example.org.
INT-2026-04142,CUST-86910,12/05/2026 05:44,web_chat,VIP,East of England,AGT-603,I would like to update my billing address to B3D 5TJ.
INT-2026-02533,CUST-94302,22/03/2026 07:10,CALL,Small Business,West Midlands,AGT-217,I was double billed for my monthly subscription on card 4083523391995. Please process a refund.
INT-2026-04753,CUST-96358,22/01/2026 01:07,web_chat,Small Business,Yorkshire & Humber,AGT-302,I am currently in hospital due to severe illness and my pension payment hasn't come through. Please call me back on +44(0)20 7496 0478.
INT-2026-01657,CUST-36442,,E-Mail,Small Business,Wales,AGT-391,SELECT * FROM users WHERE customer_id = 'CUST-101' OR 1=1;
INT-2026-00985,CUST-19932,27/05/2026 20:32,web_chat,Small Business,Yorkshire & Humber,AGT-755,I am issuing a formal right to be forgotten request. Erase all personal records linked to my phone number (0115) 496 0505.
INT-2026-03710,CUST-24943,05/01/2026 20:48,call_transcript,Standard,East of England,AGT-301,I would like to update my billing address to B7 0EH.
INT-2026-04423,CUST-21826,,CALL,Small Business,North West,AGT-466,I was double billed for my monthly subscription on card 3562334418255342. Please process a refund.
INT-2026-04461,CUST-32411,19/02/2026 07:34,webchat,Small Business,Greater London,AGT-813,???
INT-2026-02725,CUST-75771,13/03/2026 11:16,web_chat,VIP,Greater London,AGT-367,How do I update my password on the online customer portal?
INT-2026-02740,CUST-16233,27/01/2026 22:21,web_chat,,Wales,AGT-261,I was double billed for my monthly subscription on card 3591076432631421. Please process a refund.
INT-2026-01754,CUST-76412,12/02/2026 21:29,CALL,Enterprise,Scotland,AGT-562,Your company has breached GDPR by sending emails to the wrong recipient. I am reporting this to the Information Commissioner's Office (ICO).
INT-2026-01627,CUST-22509,20/02/2026 14:21,Call Transcript,Standard,Scotland,AGT-148,
INT-2026-04478,CUST-12231,11/03/2026 12:02,Call Transcript,VIP,West Midlands,AGT-378,I would like to update my billing address to WF28 7SA.
INT-2026-04050,CUST-41566,27/05/2026 14:06,Web Chat,Standard,Yorkshire & Humber,AGT-276,Can you send me a copy of my latest VAT invoice for last month?
INT-2026-02833,CUST-67301,30/05/2026 02:06,email,VIP,Wales,AGT-341,Why did my direct debit fail yesterday? I was charged a £25 penalty fee unfairly.
INT-2026-00753,CUST-85781,18/02/2026 13:10,E-Mail,Small Business,Yorkshire & Humber,AGT-287,I was double billed for my monthly subscription on card 676143769922. Please process a refund.
INT-2026-01322,CUST-28542,12/04/2026 02:27,web_chat,VIP,Greater London,AGT-555,I'm experiencing severe financial hardship following a bereavement. I live at PH56 5BY and need urgent payment assistance.
INT-2026-04221,CUST-46698,17/04/2026 01:14,EMAIL,Small Business,Greater London,AGT-744,"This is a formal complaint regarding my overcharged invoice. If you do not resolve this today, I will escalate to the Financial Ombudsman and FCA immediately. My postcode is DH2A 3TU."
INT-2026-02671,CUST-13651,10/05/2026 07:55,Web Chat,Small Business,North West,AGT-376,Can someone explain the difference between the standard and enterprise tier plans?
INT-2026-03689,CUST-13968,01/02/2026 23:01,CALL,VIP,Yorkshire & Humber,AGT-534,I was double billed for my monthly subscription on card 6521248987901719. Please process a refund.
INT-2026-01467,CUST-96412,21/04/2026 14:50,Email,Small Business,Wales,AGT-376,I would like to update my billing address to CR2A 2BL.
INT-2026-02152,,18/02/2026 10:41,Web Chat,Enterprise,East of England,AGT-752,How do I update my password on the online customer portal?
INT-2026-00177,CUST-37479,15/05/2026 12:50,Web Chat,VIP,East of England,AGT-410,Unacceptable service! Your agent was extremely rude. I demand an immediate refund of £85. My account number is linked to NI KD674783Y.
INT-2026-02353,CUST-85011,17/03/2026 04:02,E-Mail,Standard,Wales,AGT-285,Can someone explain the difference between the standard and enterprise tier plans?
INT-2026-02514,CUST-46765,06/04/2026 14:28,Call Transcript,Small Business,West Midlands,AGT-913,Why did my direct debit fail yesterday? I was charged a £25 penalty fee unfairly.
INT-2026-03730,CUST-65186,18/04/2026 02:44,CALL,,Wales,AGT-347,I was double billed for my monthly subscription on card 4087702989185037. Please process a refund.
INT-2026-00897,CUST-52869,24/02/2026 21:13,Call Transcript,Standard,Yorkshire & Humber,AGT-262,How do I update my password on the online customer portal?
INT-2026-02934,CUST-96836,27/01/2026 09:32,CALL,Standard,Wales,AGT-884,I was double billed for my monthly subscription on card 3522464428722319. Please process a refund.
INT-2026-03501,CUST-64800,24/01/2026 05:34,E-Mail,VIP,North West,AGT-248,I am currently in hospital due to severe illness and my pension payment hasn't come through. Please call me back on +44115 4960856.
INT-2026-04349,CUST-48621,15/05/2026 23:11,EMAIL,VIP,West Midlands,AGT-812,Why did my direct debit fail yesterday? I was charged a £25 penalty fee unfairly.
INT-2026-02919,CUST-65761,25/01/2026 12:34,Web Chat,Small Business,Greater London,AGT-329,Can you send me a copy of my latest VAT invoice for last month?
INT-2026-00252,CUST-95389,11/04/2026 10:45,email,Small Business,East of England,AGT-427,How do I update my password on the online customer portal?
INT-2026-01642,CUST-70747,27/02/2026 08:05,Call Transcript,VIP,Greater London,AGT-426,Your company has breached GDPR by sending emails to the wrong recipient. I am reporting this to the Information Commissioner's Office (ICO).
INT-2026-02373,CUST-94040,24/03/2026 23:26,Email,Enterprise,Scotland,AGT-643,What are your customer support opening hours over the bank holiday weekend?
INT-2026-00934,CUST-96925,29/01/2026 07:18,Web Chat,Standard,Wales,AGT-853,I would like to update my billing address to S2 4TQ.
INT-2026-02355,CUST-57714,01/05/2026 00:22,Call Transcript,,Greater London,AGT-797,Your company has breached GDPR by sending emails to the wrong recipient. I am reporting this to the Information Commissioner's Office (ICO).
INT-2026-02880,CUST-26249,24/02/2026 20:08,E-Mail,VIP,Wales,AGT-540,How do I update my password on the online customer portal?
INT-2026-02854,CUST-12057,11/05/2026 05:44,Web Chat,Small Business,West Midlands,AGT-308,Can you send me a copy of my latest VAT invoice for last month?
INT-2026-02750,CUST-12387,18/05/2026 14:05,CALL,Small Business,Scotland,AGT-674,Your company has breached GDPR by sending emails to the wrong recipient. I am reporting this to the Information Commissioner's Office (ICO).
INT-2026-03149,CUST-12420,09/03/2026 23:32,CALL,Enterprise,North West,AGT-930,Why did my direct debit fail yesterday? I was charged a £25 penalty fee unfairly.
INT-2026-02144,CUST-99499,01/01/2026 02:37,webchat,Small Business,Greater London,AGT-917,I would like to update my billing address to DY31 7NT.
INT-2026-00781,CUST-45428,28/02/2026 08:01,webchat,Small Business,Scotland,AGT-119,Can someone explain the difference between the standard and enterprise tier plans?
INT-2026-03962,CUST-34536,07/02/2026 21:38,,Enterprise,Yorkshire & Humber,AGT-587,You have failed to address my issue for 3 weeks. I am filing an official grievance and taking this further to legal counsel.
INT-2026-04310,CUST-67124,12/01/2026 07:40,Web Chat,Small Business,West Midlands,AGT-484,"This is a formal complaint regarding my overcharged invoice. If you do not resolve this today, I will escalate to the Financial Ombudsman and FCA immediately. My postcode is E12 8PN."
INT-2026-02104,CUST-24636,03/04/2026 17:52,CALL,Enterprise,Wales,AGT-537,What are your customer support opening hours over the bank holiday weekend?
INT-2026-04099,CUST-36419,24/03/2026 18:17,webchat,Standard,Scotland,AGT-313,Why did my direct debit fail yesterday? I was charged a £25 penalty fee unfairly.
INT-2026-03331,CUST-31052,08/02/2026 05:07,E-Mail,Enterprise,North West,AGT-839,You have failed to address my issue for 3 weeks. I am filing an official grievance and taking this further to legal counsel.
INT-2026-04255,CUST-98107,10/03/2026 14:20,Email,Enterprise,West Midlands,AGT-899,I would like to update my billing address to S63 0WU.
INT-2026-04138,CUST-32686,12/01/2026 06:22,webchat,Standard,West Midlands,AGT-723,Why did my direct debit fail yesterday? I was charged a £25 penalty fee unfairly.
INT-2026-01562,CUST-56377,,web_chat,VIP,East of England,AGT-890,"This is a formal complaint regarding my overcharged invoice. If you do not resolve this today, I will escalate to the Financial Ombudsman and FCA immediately. My postcode is S42 7JH."
INT-2026-02224,CUST-91652,,Call Transcript,VIP,West Midlands,AGT-158,You have failed to address my issue for 3 weeks. I am filing an official grievance and taking this further to legal counsel.
INT-2026-00981,CUST-24031,14/03/2026 12:06,email,Standard,Greater London,AGT-840,I'm experiencing severe financial hardship following a bereavement. I live at SW6 8DZ and need urgent payment assistance.
INT-2026-01366,CUST-52079,11/03/2026 11:14,Call Transcript,VIP,Greater London,AGT-359,Unacceptable service! Your agent was extremely rude. I demand an immediate refund of £85. My account number is linked to NI BX824055X.
INT-2026-02864,CUST-17768,1776953928,Web Chat,Small Business,Wales,AGT-796,How do I update my password on the online customer portal?
INT-2026-03754,CUST-33490,11/03/2026 18:59,,Standard,Scotland,AGT-801,How do I update my password on the online customer portal?
INT-2026-02025,CUST-36885,29/01/2026 00:33,webchat,Small Business,Greater London,AGT-786,How do I update my password on the online customer portal?
INT-2026-00187,CUST-60293,04/05/2026 09:39,Call Transcript,VIP,Scotland,AGT-395,You have failed to address my issue for 3 weeks. I am filing an official grievance and taking this further to legal counsel.
INT-2026-00290,CUST-76680,27/02/2026 13:28,Email,VIP,Wales,AGT-650,Can you send me a copy of my latest VAT invoice for last month?
INT-2026-00731,CUST-49452,19/03/2026 17:44,web_chat,Enterprise,East of England,AGT-565,Can you send me a copy of my latest VAT invoice for last month?
INT-2026-00128,CUST-90658,05/03/2026 13:57,email,Small Business,Scotland,AGT-415,Why did my direct debit fail yesterday? I was charged a £25 penalty fee unfairly.
INT-2026-00154,CUST-40692,03/03/2026 22:11,CALL,VIP,East of England,AGT-633,You have failed to address my issue for 3 weeks. I am filing an official grievance and taking this further to legal counsel.
INT-2026-01792,CUST-25769,20/03/2026 23:48,,Small Business,West Midlands,AGT-492,I was double billed for my monthly subscription on card 4290300810391114073. Please process a refund.
INT-2026-01745,CUST-15066,23/03/2026 00:25,call_transcript,Standard,East of England,AGT-174,How do I update my password on the online customer portal?
INT-2026-03537,CUST-19870,28/04/2026 21:46,Email,Enterprise,Wales,AGT-590,Disgusted by this scam service. I demand to speak with a senior manager immediately regarding my direct debit failure.
INT-2026-01795,CUST-82103,25/02/2026 16:55,Email,VIP,West Midlands,AGT-219,I would like to update my billing address to G4F 2JJ.
INT-2026-01569,CUST-93313,28/03/2026 20:12,Web Chat,VIP,East of England,AGT-113,I am currently in hospital due to severe illness and my pension payment hasn't come through. Please call me back on 0141 496 0522.
INT-2026-02515,CUST-16929,17/03/2026 01:22,Email,Small Business,North West,AGT-859,I would like to update my billing address to WS74 7PH.
INT-2026-02098,CUST-14908,05/01/2026 03:21,Web Chat,Enterprise,Yorkshire & Humber,AGT-487,I would like to update my billing address to M06 6FZ.
INT-2026-00979,,15/03/2026 19:00,Call Transcript,Enterprise,Wales,AGT-624,Can someone explain the difference between the standard and enterprise tier plans?
INT-2026-01367,CUST-95462,22/05/2026 13:13,email,VIP,Wales,AGT-833,Can you send me a copy of my latest VAT invoice for last month?
INT-2026-04206,CUST-55638,14/05/2026 09:01,CALL,Small Business,Wales,AGT-673,Please delete all my data and process my Subject Access Request under UK GDPR rules immediately. Contact me at victor62@example.net.
INT-2026-03368,CUST-25420,22/01/2026 06:34,call_transcript,Small Business,Scotland,AGT-634,"This is a formal complaint regarding my overcharged invoice. If you do not resolve this today, I will escalate to the Financial Ombudsman and FCA immediately. My postcode is SN92 0XS."
INT-2026-01089,CUST-60990,04/02/2026 09:58,web_chat,VIP,Scotland,AGT-121,I'm experiencing severe financial hardship following a bereavement. I live at FK6Y 2BE and need urgent payment assistance.
INT-2026-01474,CUST-28932,15/06/2026 11:22,Web Chat,Small Business,North West,AGT-862,I was double billed for my monthly subscription on card 2585125927291694. Please process a refund. [DUPLICATE SUBMISSION]
INT-2026-02525,CUST-56728,20/05/2026 10:54,call_transcript,Small Business,Wales,AGT-379,Unacceptable service! Your agent was extremely rude. I demand an immediate refund of £85. My account number is linked to NI CU792682S.
INT-2026-03529,CUST-40394,15/06/2026 11:22,E-Mail,Enterprise,Greater London,AGT-684,What are your customer support opening hours over the bank holiday weekend? [DUPLICATE SUBMISSION]
INT-2026-02726,CUST-39446,31/01/2026 18:43,,Standard,West Midlands,AGT-557,Can you send me a copy of my latest VAT invoice for last month?
INT-2026-00852,CUST-60700,07/01/2026 18:18,Call Transcript,Standard,Scotland,AGT-925,I lost my job last month and I simply cannot afford my direct debit payment of £150. My NI number is CK836030G. Please help me reduce my bill.
INT-2026-03695,CUST-74976,29/05/2026 22:15,call_transcript,Enterprise,Greater London,AGT-849,Can someone explain the difference between the standard and enterprise tier plans?
INT-2026-04763,CUST-35371,22/03/2026 14:05,web_chat,VIP,West Midlands,AGT-722,I was double billed for my monthly subscription on card 36619132415048. Please process a refund.
INT-2026-04840,CUST-94064,15/02/2026 01:00,webchat,VIP,Wales,AGT-560,SELECT * FROM users WHERE customer_id = 'CUST-101' OR 1=1;
INT-2026-04301,CUST-65672,08/05/2026 09:09,E-Mail,Standard,Greater London,AGT-260,I would like to update my billing address to SE56 6JY.
INT-2026-00483,CUST-72378,09/04/2026 09:19,email,Enterprise,Wales,AGT-391,Please delete all my data and process my Subject Access Request under UK GDPR rules immediately. Contact me at jane42@example.org.
INT-2026-03630,CUST-18097,29/04/2026 20:46,Web Chat,Small Business,Scotland,AGT-500,Can someone explain the difference between the standard and enterprise tier plans?
INT-2026-03459,CUST-13022,02/05/2026 18:22,Call Transcript,Enterprise,East of England,AGT-414,Please delete all my data and process my Subject Access Request under UK GDPR rules immediately. Contact me at aahmed@example.net.
INT-2026-02869,CUST-90291,1773959598,webchat,Standard,West Midlands,AGT-465,"This is a formal complaint regarding my overcharged invoice. If you do not resolve this today, I will escalate to the Financial Ombudsman and FCA immediately. My postcode is M6K 8DR."
INT-2026-01116,CUST-43614,25/04/2026 01:56,,VIP,Greater London,AGT-448,How do I update my password on the online customer portal?
INT-2026-04384,,10/03/2026 17:08,,VIP,East of England,AGT-307,Can you send me a copy of my latest VAT invoice for last month?
INT-2026-00472,CUST-97896,29/01/2026 06:20,EMAIL,VIP,Wales,AGT-612,What are your customer support opening hours over the bank holiday weekend?
INT-2026-00997,CUST-52888,04/04/2026 16:51,CALL,Enterprise,Yorkshire & Humber,AGT-649,Unacceptable service! Your agent was extremely rude. I demand an immediate refund of £85. My account number is linked to NI MM907615B.
INT-2026-02691,CUST-10521,05/03/2026 16:37,EMAIL,Standard,North West,AGT-509,Can someone explain the difference between the standard and enterprise tier plans?
INT-2026-03199,CUST-87177,19/03/2026 17:19,CALL,Standard,Yorkshire & Humber,AGT-577,How do I update my password on the online customer portal?
INT-2026-02938,CUST-32351,1770268313,email,VIP,Yorkshire & Humber,AGT-870,Your company has breached GDPR by sending emails to the wrong recipient. I am reporting this to the Information Commissioner's Office (ICO).
INT-2026-01756,,,Email,Enterprise,Wales,AGT-769,How do I update my password on the online customer portal?
INT-2026-03517,CUST-29473,05/04/2026 09:49,webchat,Enterprise,Yorkshire & Humber,AGT-816,I would like to update my billing address to L54 8NL.
INT-2026-00137,CUST-42311,13/02/2026 15:57,Web Chat,Small Business,West Midlands,AGT-591,Your company has breached GDPR by sending emails to the wrong recipient. I am reporting this to the Information Commissioner's Office (ICO).
INT-2026-04156,CUST-73368,26/01/2026 04:06,Email,Small Business,North West,AGT-443,Unacceptable service! Your agent was extremely rude. I demand an immediate refund of £85. My account number is linked to NI WG211479N.
INT-2026-03376,CUST-47870,20/05/2026 07:53,webchat,Small Business,East of England,AGT-960,What are your customer support opening hours over the bank holiday weekend?
INT-2026-01764,CUST-26547,28/05/2026 18:17,call_transcript,Small Business,Wales,AGT-565,Your company has breached GDPR by sending emails to the wrong recipient. I am reporting this to the Information Commissioner's Office (ICO).
INT-2026-03181,CUST-42758,23/03/2026 21:28,E-Mail,VIP,Greater London,AGT-549,You have failed to address my issue for 3 weeks. I am filing an official grievance and taking this further to legal counsel.
INT-2026-03753,CUST-18738,11/05/2026 06:20,EMAIL,Standard,West Midlands,AGT-413,Please delete all my data and process my Subject Access Request under UK GDPR rules immediately. Contact me at jennabray@example.org.
INT-2026-00473,CUST-85777,15/06/2026 11:22,call_transcript,Standard,East of England,AGT-201,Can someone explain the difference between the standard and enterprise tier plans? [DUPLICATE SUBMISSION]
INT-2026-02212,CUST-29974,26/02/2026 09:08,web_chat,VIP,Yorkshire & Humber,AGT-914,I was double billed for my monthly subscription on card 676185174445. Please process a refund.
INT-2026-00924,CUST-54744,16/03/2026 01:55,Email,VIP,East of England,AGT-808,Can someone explain the difference between the standard and enterprise tier plans?
INT-2026-02205,CUST-51431,22/02/2026 21:59,CALL,VIP,Yorkshire & Humber,AGT-613,I would like to update my billing address to S73 6WE.
INT-2026-01412,CUST-18383,29/04/2026 18:53,email,Small Business,Yorkshire & Humber,AGT-681,How do I update my password on the online customer portal?
INT-2026-00396,CUST-22878,1778579032,call_transcript,Standard,Greater London,AGT-418,How do I update my password on the online customer portal?
INT-2026-02559,CUST-66508,15/06/2026 11:22,call_transcript,Small Business,Wales,AGT-795,Disgusted by this scam service. I demand to speak with a senior manager immediately regarding my direct debit failure. [DUPLICATE SUBMISSION]
INT-2026-02305,CUST-58978,07/03/2026 06:04,web_chat,VIP,Wales,AGT-690,I was double billed for my monthly subscription on card 4767034700826374642. Please process a refund.
INT-2026-04262,CUST-49439,26/03/2026 02:30,webchat,Enterprise,Yorkshire & Humber,AGT-543,Why did my direct debit fail yesterday? I was charged a £25 penalty fee unfairly.
INT-2026-01834,CUST-61971,31/03/2026 07:14,email,Small Business,Scotland,AGT-627,How do I update my password on the online customer portal?
INT-2026-03933,CUST-31546,25/04/2026 06:14,email,Small Business,Scotland,AGT-733,How do I update my password on the online customer portal?
INT-2026-03042,CUST-51722,23/05/2026 23:04,Call Transcript,Standard,Scotland,AGT-820,Can you send me a copy of my latest VAT invoice for last month?
INT-2026-03838,CUST-70451,21/04/2026 19:41,E-Mail,Standard,Scotland,AGT-107,ok thanks
INT-2026-01565,CUST-74580,08/02/2026 12:01,CALL,Small Business,West Midlands,AGT-197,Can you send me a copy of my latest VAT invoice for last month?
INT-2026-02242,CUST-24754,22/04/2026 20:51,EMAIL,VIP,Wales,AGT-869,Disgusted by this scam service. I demand to speak with a senior manager immediately regarding my direct debit failure.
INT-2026-01384,CUST-57250,20/02/2026 08:46,E-Mail,Enterprise,Greater London,AGT-309,Please delete all my data and process my Subject Access Request under UK GDPR rules immediately. Contact me at hweston@example.org.
INT-2026-02037,CUST-91200,11/01/2026 18:53,EMAIL,Enterprise,East of England,AGT-857,I lost my job last month and I simply cannot afford my direct debit payment of £150. My NI number is XY657760U. Please help me reduce my bill.
INT-2026-03505,CUST-18455,14/02/2026 16:57,webchat,Standard,East of England,AGT-467,What are your customer support opening hours over the bank holiday weekend?
INT-2026-03504,CUST-52287,03/03/2026 17:10,E-Mail,VIP,Greater London,AGT-813,Why did my direct debit fail yesterday? I was charged a £25 penalty fee unfairly.
INT-2026-01148,CUST-48528,21/03/2026 01:54,call_transcript,Standard,Wales,AGT-911,I am issuing a formal right to be forgotten request. Erase all personal records linked to my phone number +44(0)191 4960876.
INT-2026-02765,CUST-75968,26/05/2026 11:19,web_chat,Enterprise,Yorkshire & Humber,AGT-828,Can you send me a copy of my latest VAT invoice for last month?
INT-2026-03870,CUST-97472,11/05/2026 01:51,call_transcript,VIP,Greater London,AGT-438,How do I update my password on the online customer portal?
INT-2026-01683,CUST-94067,16/05/2026 05:08,webchat,VIP,East of England,AGT-884,Disgusted by this scam service. I demand to speak with a senior manager immediately regarding my direct debit failure.
INT-2026-03234,CUST-73215,1771289863,call_transcript,Small Business,Wales,AGT-470,I would like to update my billing address to WR0 5RX.
INT-2026-04732,CUST-88684,13/03/2026 19:44,Web Chat,Standard,Wales,AGT-606,I am issuing a formal right to be forgotten request. Erase all personal records linked to my phone number 028 9018 0664.
INT-2026-01884,CUST-20322,05/02/2026 04:06,CALL,Standard,East of England,AGT-759,"This is a formal complaint regarding my overcharged invoice. If you do not resolve this today, I will escalate to the Financial Ombudsman and FCA immediately. My postcode is TN7V 3LW."
INT-2026-02809,CUST-77735,20/05/2026 08:09,E-Mail,Enterprise,Yorkshire & Humber,AGT-835,Your company has breached GDPR by sending emails to the wrong recipient. I am reporting this to the Information Commissioner's Office (ICO).
INT-2026-02432,CUST-78043,21/05/2026 07:56,Web Chat,Enterprise,Wales,AGT-463,I would like to update my billing address to WA21 0GU.
INT-2026-01690,CUST-83115,10/04/2026 00:26,web_chat,VIP,Yorkshire & Humber,AGT-369,I was double billed for my monthly subscription on card 6011521653897396. Please process a refund.
INT-2026-01787,CUST-15248,25/05/2026 22:44,,VIP,Wales,AGT-349,How do I update my password on the online customer portal?
INT-2026-01247,CUST-89930,18/02/2026 06:48,call_transcript,Enterprise,North West,AGT-166,Why did my direct debit fail yesterday? I was charged a £25 penalty fee unfairly.
INT-2026-04353,CUST-19921,13/02/2026 13:40,CALL,Standard,West Midlands,AGT-449,How do I update my password on the online customer portal?
INT-2026-02996,CUST-20059,30/04/2026 17:28,call_transcript,Enterprise,Greater London,AGT-100,Why did my direct debit fail yesterday? I was charged a £25 penalty fee unfairly.
INT-2026-00888,CUST-23489,10/02/2026 20:01,CALL,VIP,Wales,AGT-261,What are your customer support opening hours over the bank holiday weekend?
INT-2026-03038,CUST-76255,1774332732,EMAIL,Small Business,Wales,AGT-911,Can you send me a copy of my latest VAT invoice for last month?
INT-2026-04010,CUST-44394,06/03/2026 09:06,Email,Small Business,Scotland,AGT-647,I would like to update my billing address to CB5 7TT.
INT-2026-01609,CUST-84705,18/02/2026 07:21,Call Transcript,VIP,North West,AGT-336,I was double billed for my monthly subscription on card 3596577583352191. Please process a refund.
INT-2026-01125,CUST-33565,25/01/2026 13:11,E-Mail,Standard,North West,AGT-651,I was double billed for my monthly subscription on card 6011529461426209. Please process a refund.
INT-2026-02338,CUST-27148,25/04/2026 17:09,CALL,VIP,Yorkshire & Humber,AGT-230,I was double billed for my monthly subscription on card 180000213613997. Please process a refund.
INT-2026-03442,CUST-32264,05/01/2026 09:26,call_transcript,VIP,Yorkshire & Humber,AGT-790,   
INT-2026-02339,CUST-37611,02/02/2026 12:02,email,Small Business,Greater London,AGT-396,Can you send me a copy of my latest VAT invoice for last month?
INT-2026-04590,CUST-40263,06/03/2026 15:20,Web Chat,VIP,Scotland,AGT-370,Can someone explain the difference between the standard and enterprise tier plans?
INT-2026-04432,CUST-19701,19/01/2026 02:43,call_transcript,Standard,North West,AGT-300,Can you send me a copy of my latest VAT invoice for last month?
INT-2026-01291,CUST-98208,29/01/2026 02:08,call_transcript,Small Business,West Midlands,AGT-281,Disgusted by this scam service. I demand to speak with a senior manager immediately regarding my direct debit failure.
INT-2026-01641,CUST-58631,13/03/2026 04:47,CALL,Small Business,Greater London,AGT-150,Can someone explain the difference between the standard and enterprise tier plans?
INT-2026-01137,CUST-43010,17/03/2026 18:23,Email,Enterprise,Wales,AGT-397,How do I update my password on the online customer portal?
INT-2026-02570,,21/03/2026 05:34,webchat,Enterprise,Greater London,AGT-634,Unacceptable service! Your agent was extremely rude. I demand an immediate refund of £85. My account number is linked to NI VL683282O.
INT-2026-01548,,07/01/2026 07:30,CALL,Enterprise,Yorkshire & Humber,AGT-846,I would like to update my billing address to WN2 9DS.
INT-2026-00289,CUST-91412,13/05/2026 12:55,Email,Enterprise,Yorkshire & Humber,AGT-841,Your company has breached GDPR by sending emails to the wrong recipient. I am reporting this to the Information Commissioner's Office (ICO).
INT-2026-03698,CUST-68793,24/01/2026 21:07,Call Transcript,Standard,Scotland,AGT-488,
INT-2026-02313,CUST-63026,25/02/2026 23:08,Email,Standard,Wales,AGT-322,How do I update my password on the online customer portal?
INT-2026-03140,CUST-83854,13/02/2026 17:55,webchat,VIP,North West,AGT-719,I'm experiencing severe financial hardship following a bereavement. I live at MK8V 3ZB and need urgent payment assistance.
INT-2026-02384,CUST-27236,08/04/2026 22:52,EMAIL,Small Business,Wales,AGT-640,How do I update my password on the online customer portal?
INT-2026-00765,CUST-62923,23/05/2026 07:27,Email,Small Business,West Midlands,AGT-878,Unacceptable service! Your agent was extremely rude. I demand an immediate refund of £85. My account number is linked to NI SP070339H.
INT-2026-03888,CUST-90316,27/01/2026 21:54,email,Standard,North West,AGT-464,ok thanks
INT-2026-00711,CUST-81102,23/01/2026 00:23,web_chat,VIP,Yorkshire & Humber,AGT-546,Can you send me a copy of my latest VAT invoice for last month?
INT-2026-04470,CUST-44733,12/01/2026 00:30,Call Transcript,VIP,Wales,AGT-230,I am issuing a formal right to be forgotten request. Erase all personal records linked to my phone number (0116) 4960449.
INT-2026-03374,,19/02/2026 22:05,E-Mail,Standard,Yorkshire & Humber,AGT-575,Your company has breached GDPR by sending emails to the wrong recipient. I am reporting this to the Information Commissioner's Office (ICO).
INT-2026-04104,CUST-23750,07/02/2026 04:16,CALL,Standard,Yorkshire & Humber,AGT-789,I would like to update my billing address to S5H 6PT.
INT-2026-02462,CUST-24438,12/02/2026 00:29,EMAIL,VIP,Yorkshire & Humber,AGT-223,Please delete all my data and process my Subject Access Request under UK GDPR rules immediately. Contact me at bethan16@example.net.
INT-2026-00175,CUST-53193,07/05/2026 10:03,webchat,VIP,Scotland,AGT-421,Disgusted by this scam service. I demand to speak with a senior manager immediately regarding my direct debit failure.
INT-2026-04194,CUST-16022,03/02/2026 20:54,EMAIL,VIP,East of England,AGT-606,I would like to update my billing address to SG6 6RL.
INT-2026-03121,CUST-96088,30/05/2026 19:57,Web Chat,Small Business,Greater London,AGT-314,I was double billed for my monthly subscription on card 676156918754. Please process a refund.
INT-2026-03707,CUST-95883,28/04/2026 02:11,CALL,VIP,Wales,AGT-914,What are your customer support opening hours over the bank holiday weekend?
INT-2026-04675,CUST-86774,06/02/2026 04:36,call_transcript,,Scotland,AGT-365,Please delete all my data and process my Subject Access Request under UK GDPR rules immediately. Contact me at davidcooper@example.net.
INT-2026-00811,CUST-63609,20/02/2026 19:10,web_chat,Enterprise,Greater London,AGT-374,Why did my direct debit fail yesterday? I was charged a £25 penalty fee unfairly.
INT-2026-01896,CUST-40575,11/03/2026 12:26,Web Chat,Enterprise,North West,AGT-196,Please delete all my data and process my Subject Access Request under UK GDPR rules immediately. Contact me at beverley13@example.com.
INT-2026-02111,,10/05/2026 13:28,EMAIL,Small Business,Greater London,AGT-525,My business went into administration. I cannot pay this invoice right now. Contact my legal representative at michael15@example.org.
INT-2026-01269,CUST-29089,22/01/2026 15:10,EMAIL,Enterprise,Wales,AGT-650,Can someone explain the difference between the standard and enterprise tier plans?
INT-2026-02642,CUST-47475,27/01/2026 11:44,Web Chat,Small Business,North West,AGT-352,Can someone explain the difference between the standard and enterprise tier plans?
INT-2026-03851,CUST-99271,11/05/2026 17:48,Web Chat,Enterprise,East of England,AGT-653,Can someone explain the difference between the standard and enterprise tier plans?
INT-2026-01966,CUST-52460,04/04/2026 03:14,E-Mail,Small Business,West Midlands,AGT-250,I'm experiencing severe financial hardship following a bereavement. I live at BB2 6EF and need urgent payment assistance.
INT-2026-03220,CUST-84792,16/02/2026 21:30,E-Mail,Enterprise,North West,AGT-120,I'm experiencing severe financial hardship following a bereavement. I live at CH0A 1SJ and need urgent payment assistance.
INT-2026-04764,CUST-19800,25/05/2026 03:17,Call Transcript,Standard,East of England,AGT-736,My business went into administration. I cannot pay this invoice right now. Contact my legal representative at michaelevans@example.com.
INT-2026-04773,CUST-25110,,call_transcript,Enterprise,Scotland,AGT-562,I lost my job last month and I simply cannot afford my direct debit payment of £150. My NI number is YX680078W. Please help me reduce my bill.
INT-2026-02162,CUST-97975,19/02/2026 20:10,,Standard,North West,AGT-517,You have failed to address my issue for 3 weeks. I am filing an official grievance and taking this further to legal counsel.
INT-2026-01894,CUST-38551,29/01/2026 06:04,email,Enterprise,Greater London,AGT-953,What are your customer support opening hours over the bank holiday weekend?
INT-2026-04637,CUST-63303,02/03/2026 10:17,E-Mail,Enterprise,Greater London,AGT-452,Can you send me a copy of my latest VAT invoice for last month?
INT-2026-04334,CUST-39710,20/03/2026 04:44,Call Transcript,Enterprise,Wales,AGT-716,Can you send me a copy of my latest VAT invoice for last month?
INT-2026-00724,CUST-22054,07/05/2026 14:11,call_transcript,Small Business,North West,AGT-356,You have failed to address my issue for 3 weeks. I am filing an official grievance and taking this further to legal counsel.
INT-2026-02818,CUST-79734,10/01/2026 08:06,web_chat,Small Business,Yorkshire & Humber,AGT-194,Disgusted by this scam service. I demand to speak with a senior manager immediately regarding my direct debit failure.
INT-2026-03603,CUST-46980,27/03/2026 15:03,E-Mail,Small Business,East of England,AGT-965,Disgusted by this scam service. I demand to speak with a senior manager immediately regarding my direct debit failure.
INT-2026-00373,CUST-29025,31/01/2026 16:33,CALL,Enterprise,Wales,AGT-249,I would like to update my billing address to L9 2YA.
INT-2026-02397,CUST-82874,30/04/2026 15:03,Email,Standard,Yorkshire & Humber,AGT-689,   
INT-2026-02018,CUST-40563,28/05/2026 15:16,Call Transcript,Small Business,East of England,AGT-948,Can someone explain the difference between the standard and enterprise tier plans?
INT-2026-01870,CUST-62398,10/01/2026 04:06,webchat,VIP,West Midlands,AGT-517,Can someone explain the difference between the standard and enterprise tier plans?
INT-2026-00915,CUST-46609,07/03/2026 12:09,call_transcript,Small Business,Wales,AGT-662,Why did my direct debit fail yesterday? I was charged a £25 penalty fee unfairly.
INT-2026-00508,CUST-88411,02/01/2026 00:59,Email,Enterprise,North West,AGT-672,I am currently in hospital due to severe illness and my pension payment hasn't come through. Please call me back on 0909 879 0888.
INT-2026-03348,CUST-64296,17/01/2026 14:55,Web Chat,Enterprise,East of England,AGT-311,I'm experiencing severe financial hardship following a bereavement. I live at L3C 5RZ and need urgent payment assistance.
INT-2026-03098,CUST-80085,27/05/2026 02:09,Web Chat,Standard,East of England,AGT-345,I was double billed for my monthly subscription on card 3533009898939617. Please process a refund.
INT-2026-03257,CUST-50745,07/03/2026 04:23,CALL,Enterprise,Scotland,AGT-554,Can someone explain the difference between the standard and enterprise tier plans?
INT-2026-01166,CUST-94157,10/01/2026 18:24,email,,Scotland,AGT-551,I was double billed for my monthly subscription on card 3568480316367814. Please process a refund.
INT-2026-01430,CUST-80891,26/04/2026 12:55,CALL,Enterprise,Scotland,AGT-986,Unacceptable service! Your agent was extremely rude. I demand an immediate refund of £85. My account number is linked to NI IS876144Q.
INT-2026-01447,CUST-68024,26/04/2026 01:12,email,VIP,Wales,AGT-505,You have failed to address my issue for 3 weeks. I am filing an official grievance and taking this further to legal counsel.
INT-2026-02614,CUST-54920,04/03/2026 14:16,,Enterprise,North West,AGT-660,I am issuing a formal right to be forgotten request. Erase all personal records linked to my phone number +44191 4960369.
INT-2026-03645,CUST-27567,15/03/2026 02:08,Email,Enterprise,North West,AGT-618,How do I update my password on the online customer portal?
INT-2026-00345,CUST-36047,10/05/2026 11:01,Email,VIP,Wales,AGT-382,I was double billed for my monthly subscription on card 3529800615581088. Please process a refund.
INT-2026-02845,CUST-72486,27/03/2026 03:58,E-Mail,Enterprise,Yorkshire & Humber,AGT-566,I was double billed for my monthly subscription on card 5546125595692315. Please process a refund.
INT-2026-03910,CUST-98646,17/04/2026 15:16,EMAIL,Enterprise,West Midlands,AGT-564,My business went into administration. I cannot pay this invoice right now. Contact my legal representative at denisemartin@example.org.
INT-2026-02605,CUST-11801,02/01/2026 02:34,,Standard,Scotland,AGT-485,What are your customer support opening hours over the bank holiday weekend?
INT-2026-02604,CUST-73426,05/02/2026 12:31,EMAIL,Standard,East of England,AGT-891,Can you send me a copy of my latest VAT invoice for last month?
INT-2026-00950,CUST-87481,18/01/2026 15:52,call_transcript,Small Business,Wales,AGT-659,I would like to update my billing address to G5J 4QP.
INT-2026-00556,CUST-28660,17/02/2026 14:32,email,Standard,Wales,AGT-575,   
INT-2026-01420,CUST-72504,20/03/2026 20:22,Email,Small Business,Wales,AGT-744,
INT-2026-02170,CUST-30811,15/05/2026 16:53,call_transcript,VIP,Scotland,AGT-690,I was double billed for my monthly subscription on card 3533640976282718. Please process a refund.
INT-2026-03797,CUST-94825,09/03/2026 02:32,Call Transcript,Small Business,North West,AGT-136,I would like to update my billing address to GL8 6NA.
INT-2026-01984,CUST-90551,09/05/2026 18:47,E-Mail,VIP,North West,AGT-460,Can someone explain the difference between the standard and enterprise tier plans?
INT-2026-00424,CUST-93726,30/05/2026 09:28,Web Chat,VIP,Wales,AGT-175,Please delete all my data and process my Subject Access Request under UK GDPR rules immediately. Contact me at owalton@example.com.
INT-2026-03174,CUST-22279,29/03/2026 15:47,E-Mail,Standard,West Midlands,AGT-447,
INT-2026-02190,CUST-42805,10/04/2026 08:35,webchat,VIP,Greater London,AGT-348,Can you send me a copy of my latest VAT invoice for last month?
INT-2026-01070,CUST-42151,26/03/2026 05:59,Email,Small Business,Greater London,AGT-705,I am issuing a formal right to be forgotten request. Erase all personal records linked to my phone number +44(0)115 496 0761.
INT-2026-01731,CUST-42281,12/01/2026 18:19,call_transcript,Enterprise,North West,AGT-355,Can you send me a copy of my latest VAT invoice for last month?
INT-2026-00933,CUST-52304,06/02/2026 20:29,,VIP,Scotland,AGT-733,What are your customer support opening hours over the bank holiday weekend?
INT-2026-01824,CUST-31816,11/05/2026 01:32,Call Transcript,VIP,Greater London,AGT-659,Why did my direct debit fail yesterday? I was charged a £25 penalty fee unfairly.
INT-2026-04533,CUST-27282,05/05/2026 05:24,call_transcript,Standard,West Midlands,AGT-924,Can you send me a copy of my latest VAT invoice for last month?
INT-2026-02771,CUST-84641,14/05/2026 12:14,Email,Small Business,Scotland,AGT-507,Unacceptable service! Your agent was extremely rude. I demand an immediate refund of £85. My account number is linked to NI TQ526465B.
INT-2026-02372,CUST-37145,1775584502,E-Mail,Standard,Scotland,AGT-692,I lost my job last month and I simply cannot afford my direct debit payment of £150. My NI number is EW181342R. Please help me reduce my bill.
INT-2026-01982,CUST-63808,28/01/2026 08:28,email,Standard,Scotland,AGT-514,What are your customer support opening hours over the bank holiday weekend?
INT-2026-00809,CUST-92578,16/04/2026 12:29,web_chat,Enterprise,Scotland,AGT-557,Your company has breached GDPR by sending emails to the wrong recipient. I am reporting this to the Information Commissioner's Office (ICO).
INT-2026-02873,CUST-30114,22/01/2026 16:34,E-Mail,Small Business,Yorkshire & Humber,AGT-612,Why did my direct debit fail yesterday? I was charged a £25 penalty fee unfairly.
INT-2026-02476,CUST-59530,25/01/2026 07:41,webchat,Enterprise,Greater London,AGT-725,I would like to update my billing address to OL53 1UD.
INT-2026-00311,CUST-79444,30/05/2026 06:16,Call Transcript,Standard,Scotland,AGT-237,Unacceptable service! Your agent was extremely rude. I demand an immediate refund of £85. My account number is linked to NI FM580040H.
INT-2026-02812,CUST-84736,18/04/2026 13:37,Call Transcript,Standard,Yorkshire & Humber,AGT-835,How do I update my password on the online customer portal?
INT-2026-04426,CUST-75921,03/02/2026 21:55,Web Chat,Enterprise,Wales,AGT-746,You have failed to address my issue for 3 weeks. I am filing an official grievance and taking this further to legal counsel.
INT-2026-02860,CUST-65712,25/01/2026 00:07,call_transcript,Small Business,Greater London,AGT-508,I was double billed for my monthly subscription on card 6011227359471458. Please process a refund.
INT-2026-01395,CUST-67764,03/05/2026 02:59,Call Transcript,Enterprise,Yorkshire & Humber,AGT-141,I would like to update my billing address to N86 6XQ.
INT-2026-00845,CUST-85492,02/04/2026 23:00,webchat,Small Business,West Midlands,AGT-141,SELECT * FROM users WHERE customer_id = 'CUST-101' OR 1=1;
INT-2026-00536,CUST-39908,22/03/2026 06:37,webchat,Enterprise,Greater London,AGT-553,"This is a formal complaint regarding my overcharged invoice. If you do not resolve this today, I will escalate to the Financial Ombudsman and FCA immediately. My postcode is IM48 6US."
INT-2026-00158,CUST-34662,21/05/2026 15:30,CALL,Enterprise,Greater London,AGT-316,How do I update my password on the online customer portal?
INT-2026-03026,CUST-21507,26/05/2026 08:59,web_chat,Standard,Scotland,AGT-364,How do I update my password on the online customer portal?
INT-2026-01644,CUST-47092,20/03/2026 20:46,webchat,Standard,Scotland,AGT-731,I was double billed for my monthly subscription on card 38751900322607. Please process a refund.
INT-2026-04132,CUST-26711,10/02/2026 10:30,webchat,VIP,North West,AGT-977,I'm experiencing severe financial hardship following a bereavement. I live at BS3 0XN and need urgent payment assistance.
INT-2026-00976,CUST-98784,22/01/2026 13:09,email,Enterprise,West Midlands,AGT-828,How do I update my password on the online customer portal?
INT-2026-03330,CUST-69044,16/04/2026 14:43,E-Mail,VIP,Greater London,AGT-386,Can you send me a copy of my latest VAT invoice for last month?
INT-2026-01848,CUST-48106,30/05/2026 19:14,webchat,Enterprise,North West,AGT-992,???
INT-2026-04610,CUST-99369,03/03/2026 02:35,call_transcript,VIP,Scotland,AGT-339,Please delete all my data and process my Subject Access Request under UK GDPR rules immediately. Contact me at henryolivia@example.org.
INT-2026-04682,CUST-64890,01/02/2026 22:11,,VIP,North West,AGT-602,What are your customer support opening hours over the bank holiday weekend?
INT-2026-03713,CUST-44703,1776858390,call_transcript,Small Business,West Midlands,AGT-143,What are your customer support opening hours over the bank holiday weekend?
INT-2026-00721,CUST-12877,02/05/2026 11:53,Call Transcript,Small Business,Wales,AGT-264,"This is a formal complaint regarding my overcharged invoice. If you do not resolve this today, I will escalate to the Financial Ombudsman and FCA immediately. My postcode is W9 3UF."
INT-2026-03577,CUST-54282,17/03/2026 12:16,E-Mail,Enterprise,Greater London,AGT-748,How do I update my password on the online customer portal?
INT-2026-04168,CUST-69808,11/03/2026 04:11,,Enterprise,Greater London,AGT-992,Can you send me a copy of my latest VAT invoice for last month?
INT-2026-02962,CUST-39976,17/05/2026 00:58,email,Enterprise,West Midlands,AGT-484,I'm experiencing severe financial hardship following a bereavement. I live at WS9 4RX and need urgent payment assistance.
INT-2026-00939,CUST-16973,07/04/2026 12:48,Call Transcript,Standard,Yorkshire & Humber,AGT-559,Why did my direct debit fail yesterday? I was charged a £25 penalty fee unfairly.
INT-2026-02500,CUST-66807,28/02/2026 08:59,Web Chat,Small Business,Scotland,AGT-184,I lost my job last month and I simply cannot afford my direct debit payment of £150. My NI number is TC265683C. Please help me reduce my bill.
INT-2026-00951,CUST-35957,20/03/2026 11:53,webchat,Standard,West Midlands,AGT-674,I was double billed for my monthly subscription on card 2293712063175527. Please process a refund.
INT-2026-00048,CUST-72031,24/03/2026 14:59,web_chat,Enterprise,West Midlands,AGT-336,Unacceptable service! Your agent was extremely rude. I demand an immediate refund of £85. My account number is linked to NI ZI170430Y.
INT-2026-01377,CUST-48293,15/06/2026 11:22,Web Chat,Standard,Scotland,AGT-683,What are your customer support opening hours over the bank holiday weekend? [DUPLICATE SUBMISSION]
INT-2026-00941,CUST-61936,02/03/2026 03:53,Call Transcript,Small Business,North West,AGT-884,Can you send me a copy of my latest VAT invoice for last month?
INT-2026-04575,CUST-45802,22/02/2026 15:46,E-Mail,VIP,Scotland,AGT-565,Why did my direct debit fail yesterday? I was charged a £25 penalty fee unfairly.
INT-2026-01411,CUST-25565,12/02/2026 06:36,email,Small Business,Wales,AGT-248,Unacceptable service! Your agent was extremely rude. I demand an immediate refund of £85. My account number is linked to NI ZU338789X.
INT-2026-03687,CUST-12736,1772778171,webchat,VIP,West Midlands,AGT-196,I am currently in hospital due to severe illness and my pension payment hasn't come through. Please call me back on (0114) 4960074.
INT-2026-00694,CUST-11438,1770375418,Web Chat,Standard,Yorkshire & Humber,AGT-909,Why did my direct debit fail yesterday? I was charged a £25 penalty fee unfairly.
INT-2026-00635,CUST-61296,22/05/2026 02:55,call_transcript,Small Business,Greater London,AGT-234,Your company has breached GDPR by sending emails to the wrong recipient. I am reporting this to the Information Commissioner's Office (ICO).
INT-2026-00399,CUST-54399,,Email,Standard,Greater London,AGT-492,My business went into administration. I cannot pay this invoice right now. Contact my legal representative at dmoore@example.com.
INT-2026-01007,CUST-46885,10/04/2026 04:52,web_chat,VIP,West Midlands,AGT-366,Can you send me a copy of my latest VAT invoice for last month?
INT-2026-04556,CUST-59792,01/01/2026 15:25,Web Chat,Standard,Scotland,AGT-802,How do I update my password on the online customer portal?
INT-2026-04051,CUST-77318,1773758365,web_chat,Enterprise,West Midlands,AGT-101,What are your customer support opening hours over the bank holiday weekend?
INT-2026-02679,CUST-84803,05/02/2026 00:52,email,VIP,North West,AGT-104,What are your customer support opening hours over the bank holiday weekend?
INT-2026-04323,CUST-77027,14/03/2026 18:00,email,Small Business,Yorkshire & Humber,AGT-866,Can you send me a copy of my latest VAT invoice for last month?
INT-2026-03608,CUST-93797,1779032527,Email,VIP,West Midlands,AGT-639,I would like to update my billing address to KY3 4NW.
INT-2026-01632,CUST-17002,05/04/2026 15:21,webchat,Standard,Yorkshire & Humber,AGT-272,I lost my job last month and I simply cannot afford my direct debit payment of £150. My NI number is BR357236Q. Please help me reduce my bill.
INT-2026-03878,CUST-18688,22/03/2026 18:12,E-Mail,VIP,West Midlands,AGT-701,Why did my direct debit fail yesterday? I was charged a £25 penalty fee unfairly.
INT-2026-04392,CUST-37231,09/01/2026 02:57,Email,Small Business,East of England,AGT-514,What are your customer support opening hours over the bank holiday weekend?
INT-2026-04422,CUST-61515,21/01/2026 00:28,CALL,Enterprise,Scotland,AGT-372,Unacceptable service! Your agent was extremely rude. I demand an immediate refund of £85. My account number is linked to NI HH728095H.
INT-2026-00798,CUST-56447,16/02/2026 21:10,call_transcript,Standard,East of England,AGT-146,I'm experiencing severe financial hardship following a bereavement. I live at LU6R 0BA and need urgent payment assistance.
INT-2026-03773,CUST-93928,26/05/2026 09:46,email,Small Business,Greater London,AGT-117,Can you send me a copy of my latest VAT invoice for last month?
INT-2026-01847,CUST-38289,1772253958,webchat,Small Business,Scotland,AGT-473,Why did my direct debit fail yesterday? I was charged a £25 penalty fee unfairly.
INT-2026-01005,CUST-28045,1773727195,web_chat,Small Business,Greater London,AGT-785,Can someone explain the difference between the standard and enterprise tier plans?
INT-2026-00929,CUST-92328,10/05/2026 22:05,webchat,Enterprise,Greater London,AGT-399,How do I update my password on the online customer portal?
INT-2026-01305,CUST-20493,31/01/2026 23:07,webchat,Enterprise,Wales,AGT-432,My business went into administration. I cannot pay this invoice right now. Contact my legal representative at craig10@example.org.
INT-2026-03944,CUST-44032,07/05/2026 11:12,webchat,Small Business,Scotland,AGT-619,What are your customer support opening hours over the bank holiday weekend?
INT-2026-03128,CUST-74795,11/02/2026 05:55,webchat,Standard,East of England,AGT-616,I'm experiencing severe financial hardship following a bereavement. I live at M2 5UZ and need urgent payment assistance.
INT-2026-00144,CUST-35318,25/03/2026 01:14,webchat,VIP,North West,AGT-588,
INT-2026-00023,CUST-16658,23/02/2026 17:25,webchat,VIP,East of England,AGT-552,I was double billed for my monthly subscription on card 2221679740344718. Please process a refund.
INT-2026-02157,CUST-28119,03/03/2026 04:17,webchat,Enterprise,Wales,AGT-221,I am issuing a formal right to be forgotten request. Erase all personal records linked to my phone number (029)2018316.
INT-2026-01252,CUST-46492,29/01/2026 02:05,Call Transcript,VIP,East of England,AGT-396,Your company has breached GDPR by sending emails to the wrong recipient. I am reporting this to the Information Commissioner's Office (ICO).
INT-2026-01086,CUST-70757,22/04/2026 01:14,CALL,Enterprise,East of England,AGT-972,I am currently in hospital due to severe illness and my pension payment hasn't come through. Please call me back on (029) 2018 0065.
INT-2026-01343,CUST-45501,08/04/2026 15:10,CALL,VIP,Greater London,AGT-281,I am issuing a formal right to be forgotten request. Erase all personal records linked to my phone number 01314960030.
INT-2026-04136,CUST-97905,10/03/2026 06:18,email,Enterprise,West Midlands,AGT-809,I was double billed for my monthly subscription on card 4478322881182631. Please process a refund.
INT-2026-04286,CUST-58385,27/03/2026 18:06,CALL,Small Business,Scotland,AGT-739,How do I update my password on the online customer portal?
INT-2026-00759,CUST-68171,28/02/2026 05:44,EMAIL,Enterprise,Wales,AGT-727,How do I update my password on the online customer portal?
INT-2026-02337,CUST-88597,17/05/2026 02:58,call_transcript,Standard,Wales,AGT-587,Why did my direct debit fail yesterday? I was charged a £25 penalty fee unfairly.
INT-2026-04790,CUST-12243,29/05/2026 00:13,web_chat,VIP,East of England,AGT-366,I am currently in hospital due to severe illness and my pension payment hasn't come through. Please call me back on +44(0)1164960509.
INT-2026-01793,CUST-98102,29/05/2026 17:25,webchat,VIP,East of England,AGT-427,Can someone explain the difference between the standard and enterprise tier plans?
INT-2026-00014,CUST-97684,26/01/2026 16:37,call_transcript,Small Business,Wales,AGT-516,"This is a formal complaint regarding my overcharged invoice. If you do not resolve this today, I will escalate to the Financial Ombudsman and FCA immediately. My postcode is BT4V 1JN."
INT-2026-00431,CUST-25491,31/03/2026 00:09,call_transcript,VIP,Greater London,AGT-137,Can someone explain the difference between the standard and enterprise tier plans?
INT-2026-01149,CUST-16076,23/01/2026 14:59,EMAIL,VIP,Wales,AGT-156,Why did my direct debit fail yesterday? I was charged a £25 penalty fee unfairly.
INT-2026-01808,CUST-56732,25/04/2026 04:34,EMAIL,VIP,West Midlands,AGT-345,   
INT-2026-04337,CUST-16535,25/04/2026 05:47,Email,Small Business,Yorkshire & Humber,AGT-529,What are your customer support opening hours over the bank holiday weekend?
INT-2026-03035,CUST-51219,28/04/2026 16:02,call_transcript,VIP,Scotland,AGT-298,Can you send me a copy of my latest VAT invoice for last month?
INT-2026-03132,CUST-28422,13/04/2026 02:47,web_chat,Enterprise,Yorkshire & Humber,AGT-931,Disgusted by this scam service. I demand to speak with a senior manager immediately regarding my direct debit failure.
INT-2026-04719,CUST-70534,26/04/2026 04:06,Email,Small Business,Yorkshire & Humber,AGT-903,Disgusted by this scam service. I demand to speak with a senior manager immediately regarding my direct debit failure.
INT-2026-04244,CUST-55740,07/05/2026 07:13,CALL,VIP,North West,AGT-586,What are your customer support opening hours over the bank holiday weekend?
INT-2026-01588,CUST-25760,05/02/2026 13:00,email,Enterprise,Wales,AGT-183,Can someone explain the difference between the standard and enterprise tier plans?
INT-2026-03281,CUST-81092,21/04/2026 21:32,webchat,Small Business,Scotland,AGT-763,Why did my direct debit fail yesterday? I was charged a £25 penalty fee unfairly.
INT-2026-01572,CUST-12459,15/01/2026 12:55,CALL,VIP,Yorkshire & Humber,AGT-734,Unacceptable service! Your agent was extremely rude. I demand an immediate refund of £85. My account number is linked to NI TB635724D.
INT-2026-03168,CUST-55148,19/05/2026 23:37,Call Transcript,Standard,Greater London,AGT-858,???
INT-2026-03507,CUST-94537,08/03/2026 05:08,Web Chat,Enterprise,West Midlands,AGT-571,My business went into administration. I cannot pay this invoice right now. Contact my legal representative at valerie06@example.com.
INT-2026-01699,CUST-80222,04/03/2026 23:20,EMAIL,Standard,East of England,AGT-138,I was double billed for my monthly subscription on card 4160847818222344947. Please process a refund.
INT-2026-01643,CUST-47396,10/04/2026 18:27,E-Mail,Small Business,West Midlands,AGT-744,Why did my direct debit fail yesterday? I was charged a £25 penalty fee unfairly.
INT-2026-03883,CUST-77590,28/01/2026 19:32,EMAIL,Standard,North West,AGT-760,I would like to update my billing address to M9C 4JA.
INT-2026-03315,CUST-96390,02/02/2026 21:47,web_chat,VIP,West Midlands,AGT-394,What are your customer support opening hours over the bank holiday weekend?
INT-2026-00118,CUST-85225,19/03/2026 06:58,web_chat,VIP,Scotland,AGT-630,Can you send me a copy of my latest VAT invoice for last month?
INT-2026-01200,CUST-60209,20/05/2026 04:14,CALL,VIP,Scotland,AGT-559,Can someone explain the difference between the standard and enterprise tier plans?
INT-2026-03494,CUST-23357,16/02/2026 05:41,web_chat,VIP,Wales,AGT-994,Disgusted by this scam service. I demand to speak with a senior manager immediately regarding my direct debit failure.
INT-2026-03833,CUST-50518,14/04/2026 09:44,Call Transcript,VIP,West Midlands,AGT-693,How do I update my password on the online customer portal?
INT-2026-03460,CUST-44136,19/02/2026 14:39,CALL,VIP,Scotland,AGT-499,Why did my direct debit fail yesterday? I was charged a £25 penalty fee unfairly.
INT-2026-02898,CUST-39938,03/02/2026 19:25,web_chat,Small Business,East of England,AGT-795,You have failed to address my issue for 3 weeks. I am filing an official grievance and taking this further to legal counsel.
INT-2026-02420,CUST-64233,19/03/2026 07:28,web_chat,Small Business,West Midlands,AGT-447,I was double billed for my monthly subscription on card 6011017982109595. Please process a refund.
INT-2026-03668,CUST-22463,12/02/2026 19:04,CALL,VIP,Greater London,AGT-523,Please delete all my data and process my Subject Access Request under UK GDPR rules immediately. Contact me at eric04@example.org.
INT-2026-03706,,13/05/2026 02:41,email,Standard,Greater London,AGT-247,Disgusted by this scam service. I demand to speak with a senior manager immediately regarding my direct debit failure.
INT-2026-03060,CUST-98068,16/01/2026 20:43,EMAIL,Enterprise,North West,AGT-834,Can someone explain the difference between the standard and enterprise tier plans?
INT-2026-01101,CUST-87110,03/04/2026 14:52,,VIP,Yorkshire & Humber,AGT-674,What are your customer support opening hours over the bank holiday weekend?
INT-2026-02656,CUST-56421,17/02/2026 18:45,webchat,Small Business,Yorkshire & Humber,AGT-607,Unacceptable service! Your agent was extremely rude. I demand an immediate refund of £85. My account number is linked to NI HF022124Z.
INT-2026-02966,CUST-81357,15/02/2026 13:26,webchat,Small Business,Yorkshire & Humber,AGT-118,Can someone explain the difference between the standard and enterprise tier plans?
INT-2026-01190,CUST-83227,04/03/2026 05:21,CALL,Standard,North West,AGT-413,How do I update my password on the online customer portal?
INT-2026-02753,CUST-15474,09/03/2026 03:11,call_transcript,VIP,West Midlands,AGT-821,How do I update my password on the online customer portal?
INT-2026-03599,CUST-39736,21/01/2026 19:22,email,VIP,Wales,AGT-585,ok thanks
INT-2026-00734,CUST-32326,31/03/2026 10:59,CALL,Small Business,East of England,AGT-557,What are your customer support opening hours over the bank holiday weekend?
INT-2026-03471,CUST-86070,21/01/2026 02:16,EMAIL,VIP,Greater London,AGT-650,I was double billed for my monthly subscription on card 4672101196206507. Please process a refund.
INT-2026-03225,CUST-66331,10/05/2026 18:44,call_transcript,Standard,Wales,AGT-876,You have failed to address my issue for 3 weeks. I am filing an official grievance and taking this further to legal counsel.
INT-2026-04382,CUST-88352,1778864518,web_chat,Enterprise,North West,AGT-448,Unacceptable service! Your agent was extremely rude. I demand an immediate refund of £85. My account number is linked to NI BH588324M.
INT-2026-04695,CUST-59114,04/04/2026 21:38,web_chat,VIP,West Midlands,AGT-893,I would like to update my billing address to W06 0ZH.
INT-2026-00892,CUST-90944,21/01/2026 17:53,Web Chat,Small Business,Greater London,AGT-899,Can someone explain the difference between the standard and enterprise tier plans?
INT-2026-01068,CUST-14910,13/01/2026 19:59,Call Transcript,Standard,Greater London,AGT-785,I was double billed for my monthly subscription on card 4503943988443. Please process a refund.
INT-2026-04290,CUST-99741,02/01/2026 15:59,EMAIL,VIP,West Midlands,AGT-561,I would like to update my billing address to LE2R 7GQ.
INT-2026-01740,CUST-20475,05/02/2026 05:57,EMAIL,Small Business,Greater London,AGT-735,Can you send me a copy of my latest VAT invoice for last month?
INT-2026-01441,CUST-52951,17/01/2026 07:37,CALL,Standard,West Midlands,AGT-415,I was double billed for my monthly subscription on card 3582247922476863. Please process a refund.
INT-2026-01790,CUST-34115,13/03/2026 14:44,E-Mail,Enterprise,North West,AGT-927,Can someone explain the difference between the standard and enterprise tier plans?
INT-2026-00696,CUST-75821,05/01/2026 14:22,email,Enterprise,North West,AGT-255,How do I update my password on the online customer portal?
INT-2026-01585,CUST-21420,25/05/2026 23:09,call_transcript,Small Business,Scotland,AGT-812,
INT-2026-02676,CUST-25652,14/01/2026 22:23,EMAIL,VIP,West Midlands,AGT-480,What are your customer support opening hours over the bank holiday weekend?
INT-2026-01638,CUST-80073,14/03/2026 14:49,email,Small Business,Yorkshire & Humber,AGT-510,I lost my job last month and I simply cannot afford my direct debit payment of £150. My NI number is AD688867Q. Please help me reduce my bill.
INT-2026-04614,CUST-68441,1778427319,EMAIL,Enterprise,East of England,AGT-933,Why did my direct debit fail yesterday? I was charged a £25 penalty fee unfairly.
INT-2026-01469,CUST-45519,09/02/2026 10:29,Email,Standard,Yorkshire & Humber,AGT-605,Disgusted by this scam service. I demand to speak with a senior manager immediately regarding my direct debit failure.
INT-2026-04727,CUST-20021,17/01/2026 22:52,email,Small Business,West Midlands,AGT-230,How do I update my password on the online customer portal?
INT-2026-00251,,20/04/2026 00:34,web_chat,Standard,West Midlands,AGT-383,I would like to update my billing address to M9D 4HA.
INT-2026-04548,,05/01/2026 04:05,webchat,Enterprise,Scotland,AGT-707,What are your customer support opening hours over the bank holiday weekend?
INT-2026-03871,CUST-71691,20/03/2026 08:09,Web Chat,Small Business,West Midlands,AGT-194,I was double billed for my monthly subscription on card 346833747219316. Please process a refund.
INT-2026-00833,CUST-43260,28/04/2026 19:46,Email,Enterprise,West Midlands,AGT-740,I lost my job last month and I simply cannot afford my direct debit payment of £150. My NI number is VB643016V. Please help me reduce my bill.
INT-2026-01886,CUST-12676,28/03/2026 16:08,EMAIL,Small Business,West Midlands,AGT-793,Can you send me a copy of my latest VAT invoice for last month?
INT-2026-02773,CUST-53969,16/03/2026 13:20,Web Chat,Standard,East of England,AGT-309,Why did my direct debit fail yesterday? I was charged a £25 penalty fee unfairly.
INT-2026-04230,CUST-91723,12/03/2026 05:29,EMAIL,Small Business,Yorkshire & Humber,AGT-581,Please delete all my data and process my Subject Access Request under UK GDPR rules immediately. Contact me at cunninghamshaun@example.org.
INT-2026-01440,CUST-55417,18/04/2026 14:29,web_chat,Enterprise,North West,AGT-829,How do I update my password on the online customer portal?
INT-2026-00103,CUST-91885,21/05/2026 00:57,email,Small Business,Yorkshire & Humber,AGT-391,Can someone explain the difference between the standard and enterprise tier plans?
INT-2026-03650,CUST-66507,16/02/2026 00:06,E-Mail,Standard,Greater London,AGT-863,What are your customer support opening hours over the bank holiday weekend?
INT-2026-01634,CUST-54945,16/02/2026 18:59,webchat,Enterprise,Scotland,AGT-917,What are your customer support opening hours over the bank holiday weekend?
INT-2026-03078,CUST-60190,24/03/2026 03:25,CALL,VIP,Greater London,AGT-921,I lost my job last month and I simply cannot afford my direct debit payment of £150. My NI number is YH243675S. Please help me reduce my bill.
INT-2026-03162,CUST-48435,09/03/2026 15:25,Web Chat,Standard,West Midlands,AGT-353,I was double billed for my monthly subscription on card 639055541390. Please process a refund.
INT-2026-00911,CUST-57917,03/04/2026 18:39,EMAIL,VIP,Wales,AGT-246,"This is a formal complaint regarding my overcharged invoice. If you do not resolve this today, I will escalate to the Financial Ombudsman and FCA immediately. My postcode is E33 8ZR."
INT-2026-01556,CUST-42281,25/04/2026 23:21,email,Enterprise,Yorkshire & Humber,AGT-864,What are your customer support opening hours over the bank holiday weekend?
INT-2026-03776,CUST-51868,21/01/2026 15:52,Call Transcript,Small Business,Scotland,AGT-656,Can someone explain the difference between the standard and enterprise tier plans?
INT-2026-04662,CUST-39606,14/01/2026 18:55,Call Transcript,Small Business,North West,AGT-351,I was double billed for my monthly subscription on card 30168571009025. Please process a refund.
INT-2026-02866,CUST-93980,26/01/2026 06:25,email,Standard,East of England,AGT-493,I am issuing a formal right to be forgotten request. Erase all personal records linked to my phone number +44113 4960859.
INT-2026-02799,CUST-13504,27/02/2026 12:23,CALL,Enterprise,West Midlands,AGT-565,You have failed to address my issue for 3 weeks. I am filing an official grievance and taking this further to legal counsel.
INT-2026-03320,,1767665603,web_chat,Small Business,West Midlands,AGT-900,Your company has breached GDPR by sending emails to the wrong recipient. I am reporting this to the Information Commissioner's Office (ICO).
INT-2026-04598,CUST-62928,02/01/2026 01:27,Web Chat,VIP,East of England,AGT-823,I was double billed for my monthly subscription on card 6589490494068496. Please process a refund.
INT-2026-01952,CUST-84511,06/01/2026 22:01,email,Standard,East of England,AGT-103,I am currently in hospital due to severe illness and my pension payment hasn't come through. Please call me back on +44161 496 0350.
INT-2026-01709,CUST-13758,1777869315,webchat,Small Business,East of England,AGT-938,Unacceptable service! Your agent was extremely rude. I demand an immediate refund of £85. My account number is linked to NI GF048591W.
INT-2026-03011,CUST-35726,24/02/2026 10:42,Call Transcript,Standard,North West,AGT-803,I would like to update my billing address to G9T 2DL.
INT-2026-02973,CUST-91383,04/03/2026 06:36,call_transcript,VIP,Scotland,AGT-364,I would like to update my billing address to EN1N 0RD.
INT-2026-03001,CUST-44531,22/03/2026 14:11,call_transcript,Enterprise,Greater London,AGT-856,I was double billed for my monthly subscription on card 340816957872300. Please process a refund.
INT-2026-01078,CUST-95654,23/03/2026 03:52,webchat,Enterprise,North West,AGT-346,Can you send me a copy of my latest VAT invoice for last month?
INT-2026-00292,CUST-14965,04/02/2026 13:30,Email,Enterprise,Scotland,AGT-497,I was double billed for my monthly subscription on card 4849843624186235. Please process a refund.
INT-2026-04576,CUST-64603,08/03/2026 21:52,Web Chat,Standard,Scotland,AGT-467,   
INT-2026-02942,CUST-40318,13/02/2026 08:48,EMAIL,Small Business,North West,AGT-413,I would like to update my billing address to M83 2FA.
INT-2026-01255,CUST-81554,30/04/2026 21:19,call_transcript,Small Business,West Midlands,AGT-618,I was double billed for my monthly subscription on card 4676497378052. Please process a refund.
INT-2026-03289,CUST-34097,1773900115,call_transcript,VIP,Greater London,AGT-948,I lost my job last month and I simply cannot afford my direct debit payment of £150. My NI number is KF212276R. Please help me reduce my bill.
INT-2026-02044,CUST-12542,06/03/2026 21:42,Call Transcript,Enterprise,North West,AGT-406,I was double billed for my monthly subscription on card 4159028798262251. Please process a refund.
INT-2026-01631,CUST-88684,21/05/2026 06:30,E-Mail,VIP,Yorkshire & Humber,AGT-579,Please delete all my data and process my Subject Access Request under UK GDPR rules immediately. Contact me at sara84@example.org.
INT-2026-00046,CUST-74789,05/04/2026 16:08,email,Enterprise,Yorkshire & Humber,AGT-110,Why did my direct debit fail yesterday? I was charged a £25 penalty fee unfairly.
INT-2026-01737,CUST-10533,15/04/2026 03:21,Web Chat,Standard,Yorkshire & Humber,AGT-243,I was double billed for my monthly subscription on card 6011693805846074. Please process a refund.
INT-2026-04088,CUST-77867,,Call Transcript,Standard,North West,AGT-184,Can someone explain the difference between the standard and enterprise tier plans?
INT-2026-04180,CUST-81050,10/05/2026 14:52,Web Chat,VIP,Scotland,AGT-893,How do I update my password on the online customer portal?
INT-2026-02333,CUST-19470,20/05/2026 04:26,E-Mail,VIP,Scotland,AGT-231,I lost my job last month and I simply cannot afford my direct debit payment of £150. My NI number is LH768079J. Please help me reduce my bill.
INT-2026-04479,CUST-46076,27/02/2026 22:21,CALL,Enterprise,Yorkshire & Humber,AGT-429,I am currently in hospital due to severe illness and my pension payment hasn't come through. Please call me back on +44(0)306 9990294.
INT-2026-04071,CUST-40121,06/02/2026 23:12,Email,Small Business,East of England,AGT-325,I'm experiencing severe financial hardship following a bereavement. I live at HA00 0UB and need urgent payment assistance.
INT-2026-02546,CUST-58157,1770272823,Web Chat,Standard,Wales,AGT-441,What are your customer support opening hours over the bank holiday weekend?
INT-2026-03548,CUST-32986,26/02/2026 17:20,webchat,Small Business,Scotland,AGT-527,Can you send me a copy of my latest VAT invoice for last month?
INT-2026-04653,CUST-41958,11/02/2026 20:19,EMAIL,VIP,West Midlands,AGT-785,I am issuing a formal right to be forgotten request. Erase all personal records linked to my phone number +44(0)118 4960547.
INT-2026-04619,CUST-76790,26/03/2026 20:12,call_transcript,VIP,Wales,AGT-811,You have failed to address my issue for 3 weeks. I am filing an official grievance and taking this further to legal counsel.
INT-2026-03184,CUST-50313,06/02/2026 01:58,webchat,Standard,Scotland,AGT-326,What are your customer support opening hours over the bank holiday weekend?
INT-2026-02115,CUST-19413,17/04/2026 04:58,call_transcript,Small Business,Wales,AGT-394,Disgusted by this scam service. I demand to speak with a senior manager immediately regarding my direct debit failure.
INT-2026-03428,CUST-50404,17/04/2026 04:13,call_transcript,Standard,Wales,AGT-918,Your company has breached GDPR by sending emails to the wrong recipient. I am reporting this to the Information Commissioner's Office (ICO).
INT-2026-04510,CUST-14985,21/05/2026 19:14,call_transcript,Standard,North West,AGT-714,Can you send me a copy of my latest VAT invoice for last month?
INT-2026-01057,CUST-42197,1770107834,web_chat,Standard,Scotland,AGT-238,Disgusted by this scam service. I demand to speak with a senior manager immediately regarding my direct debit failure.
INT-2026-01780,CUST-54631,16/05/2026 22:18,Web Chat,Enterprise,Greater London,AGT-844,Can you send me a copy of my latest VAT invoice for last month?
INT-2026-04779,CUST-15934,18/02/2026 22:31,Call Transcript,Enterprise,North West,AGT-271,???
INT-2026-02653,CUST-86651,30/04/2026 17:22,CALL,Enterprise,West Midlands,AGT-138,Why did my direct debit fail yesterday? I was charged a £25 penalty fee unfairly.
INT-2026-03681,CUST-99613,24/04/2026 16:12,E-Mail,VIP,East of England,AGT-156,What are your customer support opening hours over the bank holiday weekend?
INT-2026-03874,CUST-84274,31/03/2026 22:15,webchat,VIP,North West,AGT-496,Your company has breached GDPR by sending emails to the wrong recipient. I am reporting this to the Information Commissioner's Office (ICO).
INT-2026-03250,CUST-32819,31/03/2026 21:46,,Small Business,West Midlands,AGT-445,You have failed to address my issue for 3 weeks. I am filing an official grievance and taking this further to legal counsel.
INT-2026-00024,CUST-29536,1776998488,web_chat,Standard,West Midlands,AGT-315,How do I update my password on the online customer portal?
INT-2026-02174,CUST-50149,12/01/2026 21:39,call_transcript,Small Business,East of England,AGT-836,My business went into administration. I cannot pay this invoice right now. Contact my legal representative at taylornigel@example.net.
INT-2026-04325,CUST-24468,20/02/2026 03:06,web_chat,Standard,East of England,AGT-899,I am currently in hospital due to severe illness and my pension payment hasn't come through. Please call me back on 0116 4960259.
INT-2026-03245,CUST-79253,01/02/2026 22:43,CALL,VIP,Wales,AGT-722,I'm experiencing severe financial hardship following a bereavement. I live at DN78 7NQ and need urgent payment assistance.
INT-2026-02392,CUST-32119,1774720846,webchat,VIP,Wales,AGT-256,Can you send me a copy of my latest VAT invoice for last month?
INT-2026-02290,CUST-59288,10/03/2026 03:25,email,VIP,North West,AGT-847,Disgusted by this scam service. I demand to speak with a senior manager immediately regarding my direct debit failure.
INT-2026-02728,CUST-60585,27/02/2026 21:02,E-Mail,VIP,North West,AGT-120,I was double billed for my monthly subscription on card 4754055508348400. Please process a refund.
INT-2026-04165,CUST-90783,04/04/2026 03:14,CALL,VIP,East of England,AGT-758,I would like to update my billing address to E56 2EQ.
INT-2026-01960,,23/02/2026 19:21,CALL,Standard,North West,AGT-621,I'm experiencing severe financial hardship following a bereavement. I live at DH88 8DA and need urgent payment assistance.
INT-2026-02473,CUST-95316,1775246854,Email,VIP,West Midlands,AGT-567,What are your customer support opening hours over the bank holiday weekend?
INT-2026-01965,CUST-15470,10/04/2026 20:31,call_transcript,Small Business,Scotland,AGT-519,How do I update my password on the online customer portal?
INT-2026-00454,CUST-73470,30/05/2026 11:17,Web Chat,VIP,East of England,AGT-648,Please delete all my data and process my Subject Access Request under UK GDPR rules immediately. Contact me at ogreenwood@example.com.
INT-2026-01922,CUST-81994,06/03/2026 18:03,CALL,,West Midlands,AGT-758,I would like to update my billing address to L3F 1QD.
INT-2026-03884,CUST-46554,22/01/2026 00:07,Web Chat,Standard,Greater London,AGT-884,I was double billed for my monthly subscription on card 180016797001698. Please process a refund.
INT-2026-00303,CUST-97632,1773736721,web_chat,Enterprise,Greater London,AGT-820,ok thanks
INT-2026-04033,CUST-86017,04/05/2026 03:53,call_transcript,Standard,Greater London,AGT-131,Can you send me a copy of my latest VAT invoice for last month?
INT-2026-01224,CUST-18063,25/03/2026 17:38,EMAIL,Enterprise,Yorkshire & Humber,AGT-765,How do I update my password on the online customer portal?
INT-2026-01064,CUST-72843,1770471644,web_chat,Enterprise,Greater London,AGT-125,Can you send me a copy of my latest VAT invoice for last month?
INT-2026-01081,,17/03/2026 15:28,Web Chat,Enterprise,Scotland,AGT-236,Can someone explain the difference between the standard and enterprise tier plans?
INT-2026-01900,CUST-27836,18/05/2026 05:03,E-Mail,Enterprise,North West,AGT-766,Unacceptable service! Your agent was extremely rude. I demand an immediate refund of £85. My account number is linked to NI IM614491E.
INT-2026-00423,CUST-25725,26/01/2026 05:24,CALL,VIP,Greater London,AGT-812,You have failed to address my issue for 3 weeks. I am filing an official grievance and taking this further to legal counsel.
INT-2026-04516,CUST-17595,27/02/2026 02:40,,VIP,Wales,AGT-640,Why did my direct debit fail yesterday? I was charged a £25 penalty fee unfairly.
INT-2026-04712,CUST-28847,14/03/2026 13:45,call_transcript,Small Business,Greater London,AGT-620,I would like to update my billing address to GL6 1UP.
INT-2026-04017,CUST-85934,14/04/2026 21:37,E-Mail,VIP,North West,AGT-850,I would like to update my billing address to TF2V 7NT.
INT-2026-00885,CUST-69802,27/05/2026 12:30,Web Chat,Small Business,Yorkshire & Humber,AGT-390,ok thanks
INT-2026-01770,CUST-64821,28/02/2026 00:41,EMAIL,Standard,Yorkshire & Humber,AGT-387,Disgusted by this scam service. I demand to speak with a senior manager immediately regarding my direct debit failure.
INT-2026-04750,CUST-77491,29/01/2026 22:13,call_transcript,VIP,East of England,AGT-907,I would like to update my billing address to N9A 1FH.
INT-2026-00043,CUST-19961,20/01/2026 18:53,E-Mail,Standard,West Midlands,AGT-645,I was double billed for my monthly subscription on card 30332214188808. Please process a refund.
INT-2026-03940,CUST-23714,06/05/2026 19:11,CALL,Standard,Wales,AGT-749,I am currently in hospital due to severe illness and my pension payment hasn't come through. Please call me back on (029) 2018642.
INT-2026-00529,CUST-76536,27/04/2026 21:59,web_chat,Small Business,Scotland,AGT-953,I would like to update my billing address to OL14 1DG.
INT-2026-04751,CUST-32745,14/05/2026 01:30,webchat,Small Business,Greater London,AGT-847,Can someone explain the difference between the standard and enterprise tier plans?
INT-2026-00876,CUST-68284,1778962297,Call Transcript,Enterprise,Greater London,AGT-326,I would like to update my billing address to CV2 5RN.
INT-2026-01353,CUST-26176,29/05/2026 04:08,E-Mail,VIP,Greater London,AGT-303,Disgusted by this scam service. I demand to speak with a senior manager immediately regarding my direct debit failure.
INT-2026-04638,CUST-88445,28/03/2026 20:44,Call Transcript,VIP,East of England,AGT-353,Why did my direct debit fail yesterday? I was charged a £25 penalty fee unfairly.
INT-2026-00459,CUST-98744,10/04/2026 09:06,EMAIL,Standard,East of England,AGT-469,Can you send me a copy of my latest VAT invoice for last month?
INT-2026-01373,CUST-14426,,web_chat,Enterprise,East of England,AGT-325,Why did my direct debit fail yesterday? I was charged a £25 penalty fee unfairly.
INT-2026-00146,CUST-50760,13/03/2026 08:52,Web Chat,Enterprise,Scotland,AGT-818,I was double billed for my monthly subscription on card 4812735857306527. Please process a refund.
INT-2026-01477,CUST-17351,07/01/2026 19:48,email,Small Business,East of England,AGT-238,I'm experiencing severe financial hardship following a bereavement. I live at M2 3UN and need urgent payment assistance.
INT-2026-01911,CUST-12845,01/02/2026 16:03,web_chat,Enterprise,Yorkshire & Humber,AGT-378,Can someone explain the difference between the standard and enterprise tier plans?
INT-2026-00477,CUST-78506,24/01/2026 03:35,EMAIL,VIP,Greater London,AGT-472,ok thanks
INT-2026-01218,CUST-14183,09/05/2026 11:49,web_chat,VIP,Greater London,AGT-400,I was double billed for my monthly subscription on card 344415264458295. Please process a refund.
INT-2026-04699,CUST-73855,21/04/2026 22:20,EMAIL,Small Business,Yorkshire & Humber,AGT-447,How do I update my password on the online customer portal?
INT-2026-03021,CUST-16676,26/05/2026 03:57,web_chat,,Scotland,AGT-770,Why did my direct debit fail yesterday? I was charged a £25 penalty fee unfairly.
INT-2026-02904,,10/02/2026 13:05,E-Mail,VIP,North West,AGT-928,"<html><body><p>Hello support team, I need help logging in.</p></body></html>"
INT-2026-01336,CUST-49387,25/03/2026 18:52,Call Transcript,VIP,Yorkshire & Humber,AGT-526,I am issuing a formal right to be forgotten request. Erase all personal records linked to my phone number +44(0)1164960865.
INT-2026-04503,CUST-77109,13/05/2026 13:37,email,Small Business,Greater London,AGT-754,How do I update my password on the online customer portal?
INT-2026-03993,CUST-28962,09/03/2026 20:09,webchat,VIP,Wales,AGT-696,"<html><body><p>Hello support team, I need help logging in.</p></body></html>"
INT-2026-00258,CUST-32099,06/04/2026 01:35,email,Small Business,Scotland,AGT-539,
INT-2026-04559,CUST-18598,19/01/2026 22:24,webchat,VIP,West Midlands,AGT-164,Your company has breached GDPR by sending emails to the wrong recipient. I am reporting this to the Information Commissioner's Office (ICO).
INT-2026-02734,CUST-17881,02/01/2026 04:33,webchat,Enterprise,North West,AGT-623,How do I update my password on the online customer portal?
INT-2026-03117,CUST-27783,,Call Transcript,Enterprise,Wales,AGT-197,I would like to update my billing address to N0 9PS.
INT-2026-03912,CUST-34096,16/01/2026 08:13,E-Mail,Small Business,Scotland,AGT-421,Can you send me a copy of my latest VAT invoice for last month?
INT-2026-00587,CUST-63183,02/04/2026 15:41,Email,VIP,North West,AGT-840,Can someone explain the difference between the standard and enterprise tier plans?
INT-2026-02457,CUST-42746,15/01/2026 22:48,call_transcript,VIP,West Midlands,AGT-236,I lost my job last month and I simply cannot afford my direct debit payment of £150. My NI number is RK365375X. Please help me reduce my bill.
INT-2026-01150,CUST-89616,17/03/2026 00:12,Email,Standard,North West,AGT-886,You have failed to address my issue for 3 weeks. I am filing an official grievance and taking this further to legal counsel.
INT-2026-04023,CUST-33219,24/01/2026 21:48,call_transcript,Enterprise,Greater London,AGT-826,I would like to update my billing address to B7 8AD.
INT-2026-01584,CUST-95436,22/03/2026 17:00,web_chat,Small Business,Wales,AGT-339,Why did my direct debit fail yesterday? I was charged a £25 penalty fee unfairly.
INT-2026-03349,,10/04/2026 17:22,call_transcript,,Scotland,AGT-555,ok thanks
INT-2026-03747,CUST-36314,16/01/2026 22:26,web_chat,Enterprise,Scotland,AGT-216,Can someone explain the difference between the standard and enterprise tier plans?
INT-2026-04248,CUST-76528,01/01/2026 17:36,Web Chat,Small Business,West Midlands,AGT-586,What are your customer support opening hours over the bank holiday weekend?
INT-2026-03904,CUST-72220,06/02/2026 23:41,email,VIP,North West,AGT-592,Why did my direct debit fail yesterday? I was charged a £25 penalty fee unfairly.
INT-2026-01505,CUST-38673,16/03/2026 08:04,Web Chat,Enterprise,North West,AGT-107,Can you send me a copy of my latest VAT invoice for last month?
INT-2026-00355,CUST-65977,05/02/2026 00:42,email,Small Business,West Midlands,AGT-422,I was double billed for my monthly subscription on card 30051843905529. Please process a refund.
INT-2026-03631,CUST-92938,26/03/2026 07:20,CALL,Standard,West Midlands,AGT-911,How do I update my password on the online customer portal?
INT-2026-04538,CUST-51115,10/05/2026 13:20,web_chat,Small Business,West Midlands,AGT-939,I was double billed for my monthly subscription on card 30279658954650. Please process a refund.
INT-2026-03450,CUST-13642,07/03/2026 05:01,web_chat,Small Business,Greater London,AGT-776,"This is a formal complaint regarding my overcharged invoice. If you do not resolve this today, I will escalate to the Financial Ombudsman and FCA immediately. My postcode is W3 2AB."
INT-2026-03337,,19/04/2026 06:23,EMAIL,Small Business,West Midlands,AGT-577,I would like to update my billing address to B8B 6DW.
INT-2026-00020,CUST-98039,1772530173,Call Transcript,Standard,Greater London,AGT-650,You have failed to address my issue for 3 weeks. I am filing an official grievance and taking this further to legal counsel.
INT-2026-01762,CUST-94296,02/01/2026 11:40,email,Enterprise,Scotland,AGT-669,   
INT-2026-04508,CUST-59063,13/03/2026 01:48,Email,Enterprise,Yorkshire & Humber,AGT-164,I would like to update my billing address to E3G 9YE.
INT-2026-02015,CUST-35198,08/04/2026 03:38,webchat,Standard,North West,AGT-359,
INT-2026-01307,CUST-12503,17/05/2026 17:37,Web Chat,VIP,East of England,AGT-124,Can you send me a copy of my latest VAT invoice for last month?
INT-2026-02141,CUST-25431,14/01/2026 02:08,webchat,VIP,Yorkshire & Humber,AGT-325,Can you send me a copy of my latest VAT invoice for last month?
INT-2026-02834,CUST-90277,22/05/2026 00:20,web_chat,Enterprise,Scotland,AGT-260,Can you send me a copy of my latest VAT invoice for last month?
INT-2026-00921,CUST-28847,29/05/2026 11:15,email,VIP,East of England,AGT-529,Why did my direct debit fail yesterday? I was charged a £25 penalty fee unfairly.
INT-2026-01463,CUST-63721,18/02/2026 10:10,,Standard,Wales,AGT-821,How do I update my password on the online customer portal?
INT-2026-02820,CUST-64041,10/05/2026 19:27,Call Transcript,Standard,Scotland,AGT-222,What are your customer support opening hours over the bank holiday weekend?
INT-2026-02192,CUST-30298,09/05/2026 16:23,Call Transcript,Enterprise,Yorkshire & Humber,AGT-946,Disgusted by this scam service. I demand to speak with a senior manager immediately regarding my direct debit failure.
INT-2026-00675,CUST-33165,15/04/2026 08:24,Email,Small Business,East of England,AGT-363,What are your customer support opening hours over the bank holiday weekend?
INT-2026-03358,CUST-65885,04/04/2026 01:15,email,Small Business,Wales,AGT-547,How do I update my password on the online customer portal?
INT-2026-03694,CUST-19811,28/04/2026 14:02,Call Transcript,VIP,East of England,AGT-724,"This is a formal complaint regarding my overcharged invoice. If you do not resolve this today, I will escalate to the Financial Ombudsman and FCA immediately. My postcode is B7J 4UJ."
INT-2026-00972,CUST-16914,02/03/2026 20:03,EMAIL,Enterprise,Wales,AGT-167,I was double billed for my monthly subscription on card 060452890563. Please process a refund.
INT-2026-04611,CUST-90951,11/01/2026 04:14,EMAIL,Enterprise,North West,AGT-798,
INT-2026-03764,CUST-13342,18/05/2026 04:56,CALL,Standard,West Midlands,AGT-770,How do I update my password on the online customer portal?
INT-2026-02868,CUST-76845,05/04/2026 01:59,EMAIL,Enterprise,Wales,AGT-758,I would like to update my billing address to W40 6JZ.
INT-2026-03056,CUST-95303,06/05/2026 13:53,Email,Small Business,East of England,AGT-944,Disgusted by this scam service. I demand to speak with a senior manager immediately regarding my direct debit failure.
INT-2026-02825,CUST-15013,03/05/2026 05:54,EMAIL,Standard,Greater London,AGT-767,I was double billed for my monthly subscription on card 4748262329861889182. Please process a refund.
INT-2026-01071,CUST-39311,18/02/2026 07:12,E-Mail,Enterprise,Scotland,AGT-860,Can you send me a copy of my latest VAT invoice for last month?
INT-2026-00170,CUST-93115,06/04/2026 06:22,Call Transcript,Small Business,Greater London,AGT-890,What are your customer support opening hours over the bank holiday weekend?
INT-2026-04240,CUST-94063,21/05/2026 04:42,EMAIL,VIP,Greater London,AGT-839,I am issuing a formal right to be forgotten request. Erase all personal records linked to my phone number +441614960582.
INT-2026-04717,CUST-91277,27/03/2026 14:26,E-Mail,Enterprise,Greater London,AGT-671,I would like to update my billing address to S0 4PY.
INT-2026-01809,CUST-76739,17/03/2026 07:43,email,Small Business,West Midlands,AGT-672,I'm experiencing severe financial hardship following a bereavement. I live at GU95 9GS and need urgent payment assistance.
INT-2026-01235,CUST-32560,29/04/2026 05:26,CALL,Small Business,Scotland,AGT-902,Can someone explain the difference between the standard and enterprise tier plans?
INT-2026-01971,CUST-85445,03/02/2026 12:09,email,VIP,West Midlands,AGT-890,What are your customer support opening hours over the bank holiday weekend?
INT-2026-03618,CUST-79340,25/04/2026 18:32,Call Transcript,VIP,East of England,AGT-208,   
INT-2026-01330,CUST-29564,26/01/2026 08:34,email,Standard,North West,AGT-481,How do I update my password on the online customer portal?
INT-2026-01554,CUST-31990,08/01/2026 21:50,EMAIL,Standard,Greater London,AGT-733,What are your customer support opening hours over the bank holiday weekend?
INT-2026-04347,CUST-81541,13/02/2026 14:58,EMAIL,VIP,Wales,AGT-956,My business went into administration. I cannot pay this invoice right now. Contact my legal representative at tjones@example.org.
INT-2026-01136,CUST-32396,21/03/2026 03:44,Web Chat,VIP,West Midlands,AGT-839,Can someone explain the difference between the standard and enterprise tier plans?
INT-2026-00435,CUST-92863,04/01/2026 00:50,email,,Greater London,AGT-823,I would like to update my billing address to NP1 3ET.
INT-2026-01512,CUST-26216,06/04/2026 17:48,CALL,VIP,Greater London,AGT-977,What are your customer support opening hours over the bank holiday weekend?
INT-2026-04600,CUST-78238,08/04/2026 06:08,Web Chat,Enterprise,Yorkshire & Humber,AGT-439,You have failed to address my issue for 3 weeks. I am filing an official grievance and taking this further to legal counsel.
INT-2026-01706,CUST-89922,,EMAIL,,North West,AGT-269,I lost my job last month and I simply cannot afford my direct debit payment of £150. My NI number is QR364669O. Please help me reduce my bill.
INT-2026-00604,CUST-18825,28/02/2026 13:15,webchat,VIP,West Midlands,AGT-197,Can you send me a copy of my latest VAT invoice for last month?
INT-2026-02863,CUST-29824,08/04/2026 20:06,Call Transcript,Standard,North West,AGT-395,How do I update my password on the online customer portal?
INT-2026-02135,CUST-10561,25/02/2026 19:21,call_transcript,Standard,Scotland,AGT-516,Your company has breached GDPR by sending emails to the wrong recipient. I am reporting this to the Information Commissioner's Office (ICO).
INT-2026-02496,CUST-99448,27/05/2026 18:06,web_chat,Standard,Scotland,AGT-877,Can someone explain the difference between the standard and enterprise tier plans?
INT-2026-02413,CUST-97906,08/03/2026 02:03,Email,Enterprise,Greater London,AGT-656,I'm experiencing severe financial hardship following a bereavement. I live at G7 0AS and need urgent payment assistance.
INT-2026-03064,CUST-17050,30/03/2026 05:44,Call Transcript,Small Business,North West,AGT-905,What are your customer support opening hours over the bank holiday weekend?
INT-2026-03144,CUST-89167,,,Small Business,Wales,AGT-457,I'm experiencing severe financial hardship following a bereavement. I live at SE7 0UJ and need urgent payment assistance.
INT-2026-01426,CUST-83288,21/04/2026 20:57,CALL,Enterprise,Greater London,AGT-520,I was double billed for my monthly subscription on card 3586039036748675. Please process a refund.
INT-2026-04620,CUST-28549,25/03/2026 05:15,EMAIL,Standard,Greater London,AGT-426,What are your customer support opening hours over the bank holiday weekend?
INT-2026-02412,CUST-99784,18/02/2026 13:21,Call Transcript,Standard,North West,AGT-433,I lost my job last month and I simply cannot afford my direct debit payment of £150. My NI number is NN053032A. Please help me reduce my bill.
INT-2026-01482,CUST-48421,05/02/2026 15:57,email,VIP,West Midlands,AGT-285,You have failed to address my issue for 3 weeks. I am filing an official grievance and taking this further to legal counsel.
INT-2026-04627,CUST-83832,27/05/2026 14:14,email,Standard,North West,AGT-872,Why did my direct debit fail yesterday? I was charged a £25 penalty fee unfairly.
INT-2026-02167,CUST-99897,25/04/2026 05:03,E-Mail,Small Business,Wales,AGT-764,
INT-2026-04511,CUST-68711,1778569649,web_chat,VIP,North West,AGT-311,I lost my job last month and I simply cannot afford my direct debit payment of £150. My NI number is CY151871O. Please help me reduce my bill.
INT-2026-03477,CUST-78718,07/05/2026 19:08,webchat,Small Business,Yorkshire & Humber,AGT-356,I was double billed for my monthly subscription on card 378324082181312. Please process a refund.
INT-2026-01055,CUST-78224,01/05/2026 13:48,EMAIL,VIP,West Midlands,AGT-661,I was double billed for my monthly subscription on card 5265100460104133. Please process a refund.
INT-2026-00347,CUST-30174,25/01/2026 10:23,EMAIL,Enterprise,Wales,AGT-549,How do I update my password on the online customer portal?
INT-2026-03485,CUST-61152,14/03/2026 16:40,webchat,Enterprise,Wales,AGT-633,What are your customer support opening hours over the bank holiday weekend?
INT-2026-00329,,03/05/2026 11:03,email,Standard,Scotland,AGT-201,How do I update my password on the online customer portal?
INT-2026-02881,CUST-26106,08/03/2026 22:18,web_chat,Enterprise,North West,AGT-991,ok thanks
INT-2026-01354,CUST-30207,04/02/2026 04:16,webchat,Small Business,Wales,AGT-352,Your company has breached GDPR by sending emails to the wrong recipient. I am reporting this to the Information Commissioner's Office (ICO).
INT-2026-02083,,08/01/2026 13:32,Web Chat,Standard,North West,AGT-468,I'm experiencing severe financial hardship following a bereavement. I live at M67 6ZS and need urgent payment assistance.
INT-2026-01789,CUST-54891,10/02/2026 20:06,web_chat,Standard,Wales,AGT-497,What are your customer support opening hours over the bank holiday weekend?
INT-2026-02011,CUST-58082,03/01/2026 00:46,call_transcript,Enterprise,Yorkshire & Humber,AGT-336,I would like to update my billing address to G1 2RG.
INT-2026-00686,CUST-80614,15/04/2026 02:55,call_transcript,VIP,East of England,AGT-189,"This is a formal complaint regarding my overcharged invoice. If you do not resolve this today, I will escalate to the Financial Ombudsman and FCA immediately. My postcode is ZE2E 4GZ."
INT-2026-02732,CUST-59197,12/04/2026 18:46,email,Standard,Yorkshire & Humber,AGT-750,Your company has breached GDPR by sending emails to the wrong recipient. I am reporting this to the Information Commissioner's Office (ICO).
INT-2026-00906,CUST-94850,1769586755,Email,VIP,East of England,AGT-581,How do I update my password on the online customer portal?
INT-2026-00239,CUST-60738,14/04/2026 23:40,webchat,Enterprise,Greater London,AGT-504,How do I update my password on the online customer portal?
INT-2026-03957,CUST-28110,08/02/2026 19:50,webchat,Standard,North West,AGT-448,You have failed to address my issue for 3 weeks. I am filing an official grievance and taking this further to legal counsel.
INT-2026-03964,,01/01/2026 20:06,call_transcript,VIP,West Midlands,AGT-281,How do I update my password on the online customer portal?
INT-2026-01498,CUST-44995,28/01/2026 01:05,Email,VIP,East of England,AGT-327,Can you send me a copy of my latest VAT invoice for last month?
INT-2026-00826,CUST-18009,31/01/2026 09:07,CALL,Standard,North West,AGT-381,I am issuing a formal right to be forgotten request. Erase all personal records linked to my phone number +44(0)131 496 0183.
INT-2026-04320,CUST-28035,27/02/2026 05:02,web_chat,Standard,West Midlands,AGT-468,Can you send me a copy of my latest VAT invoice for last month?
INT-2026-04496,CUST-30770,31/01/2026 03:33,CALL,Enterprise,Wales,AGT-145,Can you send me a copy of my latest VAT invoice for last month?
INT-2026-03046,CUST-72976,21/05/2026 07:35,Web Chat,VIP,Scotland,AGT-331,How do I update my password on the online customer portal?
INT-2026-02936,CUST-23047,25/01/2026 18:56,EMAIL,Standard,East of England,AGT-751,I am currently in hospital due to severe illness and my pension payment hasn't come through. Please call me back on +44(0)1164960481.
INT-2026-04401,CUST-24316,09/01/2026 04:19,email,VIP,West Midlands,AGT-985,   
INT-2026-00393,CUST-56346,24/02/2026 11:02,email,VIP,Yorkshire & Humber,AGT-720,Can you send me a copy of my latest VAT invoice for last month?
INT-2026-03053,CUST-63794,1777743179,E-Mail,VIP,Wales,AGT-538,I was double billed for my monthly subscription on card 180068674847586. Please process a refund.
INT-2026-03803,CUST-88130,27/03/2026 01:48,web_chat,VIP,Greater London,AGT-785,How do I update my password on the online customer portal?
INT-2026-00497,CUST-50392,28/04/2026 15:18,,VIP,West Midlands,AGT-665,Can you send me a copy of my latest VAT invoice for last month?
INT-2026-04094,CUST-18950,09/04/2026 18:57,Email,VIP,Wales,AGT-625,Your company has breached GDPR by sending emails to the wrong recipient. I am reporting this to the Information Commissioner's Office (ICO).
INT-2026-03242,CUST-60627,12/02/2026 22:53,call_transcript,Standard,Wales,AGT-604,Your company has breached GDPR by sending emails to the wrong recipient. I am reporting this to the Information Commissioner's Office (ICO).
INT-2026-03546,CUST-57765,20/04/2026 01:47,web_chat,Enterprise,Scotland,AGT-263,I am currently in hospital due to severe illness and my pension payment hasn't come through. Please call me back on +44(0)118 496 0410.
INT-2026-04200,CUST-85825,13/01/2026 07:54,E-Mail,Enterprise,East of England,AGT-792,Can you send me a copy of my latest VAT invoice for last month?
INT-2026-00947,CUST-88606,27/03/2026 13:47,email,Small Business,Greater London,AGT-737,I lost my job last month and I simply cannot afford my direct debit payment of £150. My NI number is PN891918Y. Please help me reduce my bill.
INT-2026-01317,CUST-37854,19/02/2026 12:52,web_chat,Enterprise,North West,AGT-696,I am currently in hospital due to severe illness and my pension payment hasn't come through. Please call me back on (0118) 4960213.
INT-2026-00909,,10/01/2026 00:42,webchat,Standard,Greater London,AGT-457,How do I update my password on the online customer portal?
INT-2026-01914,CUST-77678,29/03/2026 09:01,webchat,,East of England,AGT-209,Can you send me a copy of my latest VAT invoice for last month?
INT-2026-01016,CUST-40345,25/02/2026 15:15,Email,VIP,West Midlands,AGT-774,What are your customer support opening hours over the bank holiday weekend?
INT-2026-01416,CUST-31212,03/02/2026 04:31,CALL,Small Business,Yorkshire & Humber,AGT-814,I was double billed for my monthly subscription on card 3592049930640417. Please process a refund.
INT-2026-04448,CUST-90351,25/04/2026 03:23,webchat,Enterprise,Scotland,AGT-122,My business went into administration. I cannot pay this invoice right now. Contact my legal representative at harriet95@example.com.
INT-2026-04336,CUST-24118,05/05/2026 01:05,CALL,Small Business,West Midlands,AGT-529,ok thanks
INT-2026-02388,CUST-76948,09/04/2026 14:28,Email,Enterprise,West Midlands,AGT-557,Can someone explain the difference between the standard and enterprise tier plans?
INT-2026-02402,CUST-63052,24/02/2026 00:00,Call Transcript,Enterprise,Scotland,AGT-763,Can you send me a copy of my latest VAT invoice for last month?
INT-2026-03288,CUST-90737,02/05/2026 14:55,Call Transcript,Small Business,West Midlands,AGT-700,"This is a formal complaint regarding my overcharged invoice. If you do not resolve this today, I will escalate to the Financial Ombudsman and FCA immediately. My postcode is N0 6BZ."
INT-2026-01646,CUST-63228,08/02/2026 04:52,,Standard,West Midlands,AGT-303,How do I update my password on the online customer portal?
INT-2026-04237,CUST-72510,06/01/2026 12:24,Web Chat,Enterprise,West Midlands,AGT-673,What are your customer support opening hours over the bank holiday weekend?
INT-2026-04828,,28/05/2026 06:44,CALL,VIP,West Midlands,AGT-374,How do I update my password on the online customer portal?
INT-2026-03032,CUST-24128,17/04/2026 21:56,CALL,Standard,North West,AGT-303,I am currently in hospital due to severe illness and my pension payment hasn't come through. Please call me back on (0909)8790927.
INT-2026-03590,CUST-35620,12/05/2026 11:56,CALL,VIP,East of England,AGT-112,Your company has breached GDPR by sending emails to the wrong recipient. I am reporting this to the Information Commissioner's Office (ICO).
INT-2026-00589,CUST-26822,08/04/2026 01:14,Email,Small Business,Wales,AGT-897,I would like to update my billing address to CF0M 7YS.
INT-2026-01074,CUST-20760,30/01/2026 03:15,Email,VIP,Greater London,AGT-102,Why did my direct debit fail yesterday? I was charged a £25 penalty fee unfairly.
INT-2026-04074,CUST-46232,1776650940,Call Transcript,Standard,Wales,AGT-496,Can you send me a copy of my latest VAT invoice for last month?
INT-2026-02918,CUST-19137,02/04/2026 20:27,Web Chat,Enterprise,Wales,AGT-640,Unacceptable service! Your agent was extremely rude. I demand an immediate refund of £85. My account number is linked to NI GI215563G.
INT-2026-01906,CUST-85747,07/01/2026 20:11,email,Small Business,Yorkshire & Humber,AGT-779,Can someone explain the difference between the standard and enterprise tier plans?
INT-2026-03510,CUST-69333,27/05/2026 02:09,Call Transcript,VIP,Scotland,AGT-817,"This is a formal complaint regarding my overcharged invoice. If you do not resolve this today, I will escalate to the Financial Ombudsman and FCA immediately. My postcode is B06 5HJ."
INT-2026-02870,CUST-82107,24/05/2026 01:00,call_transcript,Standard,East of England,AGT-689,Can you send me a copy of my latest VAT invoice for last month?
INT-2026-01734,CUST-81703,22/02/2026 17:03,web_chat,Small Business,North West,AGT-784,I was double billed for my monthly subscription on card 30502259312279. Please process a refund.
INT-2026-04604,,1776794162,web_chat,VIP,North West,AGT-253,"This is a formal complaint regarding my overcharged invoice. If you do not resolve this today, I will escalate to the Financial Ombudsman and FCA immediately. My postcode is B77 3ZS."
INT-2026-00126,CUST-99783,15/01/2026 04:04,Call Transcript,Enterprise,Yorkshire & Humber,AGT-247,Your company has breached GDPR by sending emails to the wrong recipient. I am reporting this to the Information Commissioner's Office (ICO).
INT-2026-02026,CUST-56870,26/04/2026 22:33,call_transcript,VIP,West Midlands,AGT-306,Unacceptable service! Your agent was extremely rude. I demand an immediate refund of £85. My account number is linked to NI WN397498C.
INT-2026-04090,CUST-76517,14/02/2026 15:01,Web Chat,Enterprise,Greater London,AGT-841,What are your customer support opening hours over the bank holiday weekend?
INT-2026-03774,,01/02/2026 12:32,Email,Enterprise,Greater London,AGT-283,My business went into administration. I cannot pay this invoice right now. Contact my legal representative at wilsonjacob@example.com.
INT-2026-04624,CUST-95431,10/01/2026 18:49,EMAIL,Enterprise,East of England,AGT-256,I'm experiencing severe financial hardship following a bereavement. I live at S9K 2DJ and need urgent payment assistance.
INT-2026-04113,CUST-39474,21/02/2026 03:37,EMAIL,Enterprise,Yorkshire & Humber,AGT-802,Unacceptable service! Your agent was extremely rude. I demand an immediate refund of £85. My account number is linked to NI JU878266W.
INT-2026-00889,CUST-72098,22/05/2026 01:35,webchat,Enterprise,West Midlands,AGT-248,Your company has breached GDPR by sending emails to the wrong recipient. I am reporting this to the Information Commissioner's Office (ICO).
INT-2026-03326,CUST-84340,07/03/2026 04:14,E-Mail,Small Business,Scotland,AGT-288,Can you send me a copy of my latest VAT invoice for last month?
INT-2026-02908,CUST-71845,12/03/2026 04:45,E-Mail,VIP,Wales,AGT-639,Can someone explain the difference between the standard and enterprise tier plans?
INT-2026-00371,CUST-39567,08/05/2026 13:31,webchat,VIP,Scotland,AGT-346,I was double billed for my monthly subscription on card 4056876112491256527. Please process a refund.
INT-2026-03977,CUST-78410,07/03/2026 15:13,CALL,Small Business,West Midlands,AGT-787,Why did my direct debit fail yesterday? I was charged a £25 penalty fee unfairly.
INT-2026-00122,CUST-63665,25/01/2026 08:03,EMAIL,Enterprise,North West,AGT-999,What are your customer support opening hours over the bank holiday weekend?
INT-2026-01630,CUST-12757,,call_transcript,VIP,Yorkshire & Humber,AGT-814,I am issuing a formal right to be forgotten request. Erase all personal records linked to my phone number +44(0)114 4960412.
INT-2026-03549,CUST-10586,20/03/2026 23:58,call_transcript,Small Business,West Midlands,AGT-985,Please delete all my data and process my Subject Access Request under UK GDPR rules immediately. Contact me at christopherwilliams@example.org.
INT-2026-03472,,28/01/2026 22:04,webchat,Small Business,West Midlands,AGT-227,Can someone explain the difference between the standard and enterprise tier plans?
INT-2026-02953,CUST-44478,05/03/2026 10:15,webchat,Standard,Wales,AGT-846,I was double billed for my monthly subscription on card 346294204763306. Please process a refund.
INT-2026-01094,CUST-18768,08/05/2026 13:57,E-Mail,Enterprise,East of England,AGT-477,"This is a formal complaint regarding my overcharged invoice. If you do not resolve this today, I will escalate to the Financial Ombudsman and FCA immediately. My postcode is EN3 9SY."
INT-2026-02659,CUST-12083,17/01/2026 22:12,E-Mail,Standard,Greater London,AGT-694,Disgusted by this scam service. I demand to speak with a senior manager immediately regarding my direct debit failure.
INT-2026-01076,CUST-35198,06/04/2026 05:14,webchat,Enterprise,North West,AGT-166,I was double billed for my monthly subscription on card 4939416674070. Please process a refund.
INT-2026-00283,CUST-80932,20/01/2026 21:35,Call Transcript,Small Business,North West,AGT-623,I would like to update my billing address to RG16 7SW.
INT-2026-01421,CUST-80546,18/02/2026 00:47,Web Chat,Small Business,Greater London,AGT-571,How do I update my password on the online customer portal?
INT-2026-04588,CUST-26559,26/05/2026 06:56,web_chat,VIP,East of England,AGT-651,Why did my direct debit fail yesterday? I was charged a £25 penalty fee unfairly.
INT-2026-04529,CUST-18120,26/05/2026 16:44,email,Enterprise,East of England,AGT-495,How do I update my password on the online customer portal?
INT-2026-02399,CUST-16355,14/05/2026 04:51,E-Mail,VIP,Scotland,AGT-701,I lost my job last month and I simply cannot afford my direct debit payment of £150. My NI number is QS981118A. Please help me reduce my bill.
INT-2026-00320,CUST-83220,08/03/2026 00:21,Web Chat,Enterprise,East of England,AGT-553,   
INT-2026-00471,CUST-96479,02/04/2026 02:04,Email,Standard,Wales,AGT-226,What are your customer support opening hours over the bank holiday weekend?
INT-2026-02208,CUST-70655,21/05/2026 06:30,Email,Small Business,Scotland,AGT-674,You have failed to address my issue for 3 weeks. I am filing an official grievance and taking this further to legal counsel.
INT-2026-04800,CUST-12812,20/04/2026 03:57,E-Mail,VIP,Yorkshire & Humber,AGT-820,I'm experiencing severe financial hardship following a bereavement. I live at W0G 2HF and need urgent payment assistance.
INT-2026-01345,CUST-33818,03/01/2026 15:07,E-Mail,Standard,West Midlands,AGT-285,I was double billed for my monthly subscription on card 4930822781469535. Please process a refund.
INT-2026-04813,CUST-42627,28/04/2026 09:59,webchat,,North West,AGT-945,Can someone explain the difference between the standard and enterprise tier plans?
INT-2026-00928,CUST-41275,1774302721,CALL,Small Business,Wales,AGT-571,Can you send me a copy of my latest VAT invoice for last month?
INT-2026-01526,,08/02/2026 08:59,E-Mail,Enterprise,Wales,AGT-260,Please delete all my data and process my Subject Access Request under UK GDPR rules immediately. Contact me at damian99@example.com.
INT-2026-04387,CUST-79325,26/02/2026 22:46,Call Transcript,Enterprise,Scotland,AGT-977,What are your customer support opening hours over the bank holiday weekend?
INT-2026-00482,,18/05/2026 02:28,Web Chat,Standard,Yorkshire & Humber,AGT-791,Can you send me a copy of my latest VAT invoice for last month?
INT-2026-02977,,29/04/2026 11:24,webchat,Enterprise,West Midlands,AGT-653,You have failed to address my issue for 3 weeks. I am filing an official grievance and taking this further to legal counsel.
INT-2026-01945,CUST-60486,17/05/2026 14:54,email,Enterprise,Yorkshire & Humber,AGT-574,What are your customer support opening hours over the bank holiday weekend?
INT-2026-04820,CUST-73676,,Email,Standard,Wales,AGT-469,What are your customer support opening hours over the bank holiday weekend?
INT-2026-03955,CUST-82169,15/04/2026 12:28,CALL,VIP,Wales,AGT-199,I was double billed for my monthly subscription on card 676352597949. Please process a refund.
INT-2026-04390,CUST-85353,18/05/2026 12:17,Email,Enterprise,Scotland,AGT-690,Can someone explain the difference between the standard and enterprise tier plans?
INT-2026-04738,CUST-91604,,Call Transcript,Small Business,Greater London,AGT-539,How do I update my password on the online customer portal?
INT-2026-04166,CUST-42457,17/03/2026 16:56,CALL,VIP,Yorkshire & Humber,AGT-314,My business went into administration. I cannot pay this invoice right now. Contact my legal representative at mannelaine@example.org.
INT-2026-02016,CUST-61401,28/05/2026 17:25,E-Mail,Small Business,Yorkshire & Humber,AGT-365,My business went into administration. I cannot pay this invoice right now. Contact my legal representative at joanna40@example.com.
INT-2026-00381,CUST-21181,22/05/2026 03:28,webchat,Small Business,Greater London,AGT-886,You have failed to address my issue for 3 weeks. I am filing an official grievance and taking this further to legal counsel.
INT-2026-02836,CUST-80758,24/05/2026 16:48,webchat,Enterprise,Yorkshire & Humber,AGT-213,I would like to update my billing address to S0H 8NA.
INT-2026-01582,CUST-40730,,CALL,VIP,Scotland,AGT-646,My business went into administration. I cannot pay this invoice right now. Contact my legal representative at icarroll@example.org.
INT-2026-01414,CUST-17472,23/03/2026 23:49,webchat,Standard,Greater London,AGT-456,What are your customer support opening hours over the bank holiday weekend?
INT-2026-02523,CUST-63563,18/05/2026 23:07,Web Chat,Small Business,West Midlands,AGT-779,Why did my direct debit fail yesterday? I was charged a £25 penalty fee unfairly.
INT-2026-02795,CUST-52324,1776899489,E-Mail,Enterprise,East of England,AGT-935,What are your customer support opening hours over the bank holiday weekend?
INT-2026-00994,CUST-40597,04/05/2026 02:03,web_chat,Enterprise,East of England,AGT-299,I would like to update my billing address to N3B 3LL.
INT-2026-01170,CUST-31531,28/04/2026 01:50,EMAIL,Enterprise,North West,AGT-578,Can you send me a copy of my latest VAT invoice for last month?
INT-2026-04021,CUST-52003,15/02/2026 20:54,,Standard,West Midlands,AGT-137,Why did my direct debit fail yesterday? I was charged a £25 penalty fee unfairly.
INT-2026-00509,CUST-54456,18/01/2026 09:47,email,Standard,North West,AGT-611,I would like to update my billing address to G49 1SP.
INT-2026-04785,CUST-90978,28/04/2026 16:48,Email,Standard,West Midlands,AGT-457,Your company has breached GDPR by sending emails to the wrong recipient. I am reporting this to the Information Commissioner's Office (ICO).
INT-2026-04318,CUST-26879,08/04/2026 07:37,Call Transcript,Standard,Scotland,AGT-695,Why did my direct debit fail yesterday? I was charged a £25 penalty fee unfairly.
INT-2026-00562,CUST-12592,07/02/2026 04:30,web_chat,VIP,Scotland,AGT-471,My business went into administration. I cannot pay this invoice right now. Contact my legal representative at thompsonjenna@example.com.
INT-2026-04710,CUST-58461,30/03/2026 07:16,E-Mail,Enterprise,North West,AGT-561,You have failed to address my issue for 3 weeks. I am filing an official grievance and taking this further to legal counsel.
INT-2026-03265,CUST-93922,13/04/2026 13:54,webchat,VIP,Yorkshire & Humber,AGT-968,I am issuing a formal right to be forgotten request. Erase all personal records linked to my phone number 0114 4960831.
INT-2026-02999,CUST-52988,12/01/2026 06:51,webchat,Enterprise,Wales,AGT-874,I was double billed for my monthly subscription on card 4642231449081725. Please process a refund.
INT-2026-04754,CUST-91105,15/05/2026 11:02,E-Mail,Enterprise,Yorkshire & Humber,AGT-619,I am currently in hospital due to severe illness and my pension payment hasn't come through. Please call me back on +441164960977.
INT-2026-03473,CUST-85573,12/04/2026 13:24,web_chat,VIP,West Midlands,AGT-282,Disgusted by this scam service. I demand to speak with a senior manager immediately regarding my direct debit failure.
INT-2026-01669,CUST-36205,22/04/2026 18:11,Web Chat,Enterprise,Scotland,AGT-125,I would like to update my billing address to DG03 3JW.
INT-2026-01178,CUST-11944,28/03/2026 20:29,call_transcript,Standard,Yorkshire & Humber,AGT-766,What are your customer support opening hours over the bank holiday weekend?
INT-2026-01623,CUST-35346,06/02/2026 20:53,Email,Enterprise,Wales,AGT-559,
INT-2026-02988,CUST-95804,17/02/2026 18:49,call_transcript,Small Business,Yorkshire & Humber,AGT-346,I would like to update my billing address to N0W 7YU.
INT-2026-04488,CUST-65792,04/04/2026 02:47,Email,Enterprise,North West,AGT-316,SELECT * FROM users WHERE customer_id = 'CUST-101' OR 1=1;
INT-2026-00518,CUST-60867,27/04/2026 13:47,CALL,Small Business,East of England,AGT-536,I'm experiencing severe financial hardship following a bereavement. I live at HR8R 3ZH and need urgent payment assistance.
INT-2026-02168,CUST-13262,03/02/2026 15:48,email,VIP,North West,AGT-623,Disgusted by this scam service. I demand to speak with a senior manager immediately regarding my direct debit failure.
INT-2026-03925,CUST-50665,20/01/2026 03:46,CALL,VIP,Scotland,AGT-436,Can someone explain the difference between the standard and enterprise tier plans?
INT-2026-00706,CUST-97771,11/01/2026 10:27,email,VIP,North West,AGT-457,Can someone explain the difference between the standard and enterprise tier plans?
INT-2026-04726,CUST-18975,05/05/2026 00:29,call_transcript,Small Business,North West,AGT-637,Can you send me a copy of my latest VAT invoice for last month?
INT-2026-03950,CUST-57357,22/01/2026 13:52,EMAIL,Standard,North West,AGT-623,
INT-2026-03161,CUST-18541,,EMAIL,,Scotland,AGT-203,Why did my direct debit fail yesterday? I was charged a £25 penalty fee unfairly.
INT-2026-02821,CUST-61124,23/05/2026 18:57,E-Mail,Enterprise,East of England,AGT-247,I would like to update my billing address to PR6P 1SG.
INT-2026-00470,CUST-28659,25/01/2026 08:08,Web Chat,Standard,Greater London,AGT-119,Can someone explain the difference between the standard and enterprise tier plans?
INT-2026-01084,CUST-75677,06/03/2026 13:38,email,Small Business,Yorkshire & Humber,AGT-704,What are your customer support opening hours over the bank holiday weekend?
INT-2026-01725,CUST-28435,23/02/2026 22:59,email,VIP,North West,AGT-780,You have failed to address my issue for 3 weeks. I am filing an official grievance and taking this further to legal counsel.
INT-2026-02661,CUST-42793,22/01/2026 12:29,call_transcript,Standard,Greater London,AGT-151,Unacceptable service! Your agent was extremely rude. I demand an immediate refund of £85. My account number is linked to NI CA746620M.
INT-2026-03972,CUST-23850,22/04/2026 19:27,CALL,VIP,East of England,AGT-238,???
INT-2026-02177,CUST-44407,16/02/2026 06:11,web_chat,Standard,Greater London,AGT-690,I would like to update my billing address to M3F 3AZ.
INT-2026-00725,CUST-87015,21/05/2026 05:02,E-Mail,Enterprise,Yorkshire & Humber,AGT-210,Can someone explain the difference between the standard and enterprise tier plans?
INT-2026-03216,CUST-95175,26/01/2026 14:57,EMAIL,Standard,Wales,AGT-178,What are your customer support opening hours over the bank holiday weekend?
INT-2026-01654,CUST-41032,13/02/2026 11:08,email,VIP,East of England,AGT-286,I lost my job last month and I simply cannot afford my direct debit payment of £150. My NI number is YK479393O. Please help me reduce my bill.
INT-2026-03142,CUST-61292,13/02/2026 17:16,Email,Enterprise,Yorkshire & Humber,AGT-833,I would like to update my billing address to G9 4SU.
INT-2026-03524,CUST-70539,10/01/2026 16:58,E-Mail,Small Business,West Midlands,AGT-178,How do I update my password on the online customer portal?
INT-2026-00730,CUST-85465,1771996466,Call Transcript,Standard,West Midlands,AGT-760,My business went into administration. I cannot pay this invoice right now. Contact my legal representative at marionsavage@example.com.
INT-2026-04504,CUST-21995,29/04/2026 00:46,call_transcript,Small Business,West Midlands,AGT-869,I would like to update my billing address to HS6M 3ZW.
INT-2026-02431,CUST-17498,25/04/2026 12:01,web_chat,Standard,Scotland,AGT-702,Disgusted by this scam service. I demand to speak with a senior manager immediately regarding my direct debit failure.
INT-2026-02272,CUST-27350,06/02/2026 02:22,Email,Standard,North West,AGT-228,Can someone explain the difference between the standard and enterprise tier plans?
INT-2026-02019,CUST-75519,08/03/2026 01:50,Web Chat,Standard,Yorkshire & Humber,AGT-410,Can someone explain the difference between the standard and enterprise tier plans?
INT-2026-00351,CUST-15737,04/02/2026 16:31,email,Small Business,East of England,AGT-601,Can you send me a copy of my latest VAT invoice for last month?
INT-2026-03405,CUST-62908,11/02/2026 02:15,Call Transcript,Small Business,North West,AGT-164,Your company has breached GDPR by sending emails to the wrong recipient. I am reporting this to the Information Commissioner's Office (ICO).
INT-2026-02792,CUST-47409,09/03/2026 01:30,CALL,Small Business,West Midlands,AGT-764,I'm experiencing severe financial hardship following a bereavement. I live at L14 5QQ and need urgent payment assistance.
INT-2026-01874,CUST-99157,17/02/2026 16:16,Call Transcript,Enterprise,East of England,AGT-597,Why did my direct debit fail yesterday? I was charged a £25 penalty fee unfairly.
INT-2026-03062,CUST-31586,20/01/2026 05:13,Email,VIP,East of England,AGT-237,Can someone explain the difference between the standard and enterprise tier plans?
INT-2026-02187,CUST-88474,12/04/2026 03:52,web_chat,Enterprise,Yorkshire & Humber,AGT-726,I lost my job last month and I simply cannot afford my direct debit payment of £150. My NI number is ZH703761N. Please help me reduce my bill.
INT-2026-04542,CUST-74943,,E-Mail,VIP,Greater London,AGT-512,Can someone explain the difference between the standard and enterprise tier plans?
INT-2026-02140,CUST-20807,1776143096,Web Chat,Enterprise,Wales,AGT-646,How do I update my password on the online customer portal?
INT-2026-02201,CUST-41624,27/03/2026 10:30,E-Mail,Small Business,Greater London,AGT-649,Can you send me a copy of my latest VAT invoice for last month?
INT-2026-00196,CUST-54270,20/04/2026 22:24,email,Standard,Greater London,AGT-741,Can someone explain the difference between the standard and enterprise tier plans?
INT-2026-02896,CUST-85833,,,VIP,Greater London,AGT-153,Your company has breached GDPR by sending emails to the wrong recipient. I am reporting this to the Information Commissioner's Office (ICO).
INT-2026-04626,CUST-43693,30/05/2026 14:58,CALL,Enterprise,Wales,AGT-824,ok thanks
INT-2026-03660,CUST-56413,16/05/2026 00:06,E-Mail,Small Business,Greater London,AGT-763,I would like to update my billing address to NW87 2FN.
INT-2026-02923,CUST-15965,25/03/2026 03:43,call_transcript,Standard,Greater London,AGT-670,What are your customer support opening hours over the bank holiday weekend?
INT-2026-00718,CUST-30060,18/05/2026 09:32,,VIP,Scotland,AGT-749,I would like to update my billing address to W17 2GJ.
INT-2026-01288,CUST-13063,,E-Mail,Small Business,East of England,AGT-882,???
INT-2026-02778,CUST-58796,03/03/2026 05:25,EMAIL,Enterprise,Scotland,AGT-108,Why did my direct debit fail yesterday? I was charged a £25 penalty fee unfairly.
INT-2026-04026,CUST-40697,20/04/2026 21:11,,VIP,East of England,AGT-416,Can someone explain the difference between the standard and enterprise tier plans?
INT-2026-01741,CUST-82181,12/02/2026 20:24,web_chat,Standard,North West,AGT-458,How do I update my password on the online customer portal?
INT-2026-04786,CUST-50096,06/05/2026 10:29,CALL,VIP,Wales,AGT-336,You have failed to address my issue for 3 weeks. I am filing an official grievance and taking this further to legal counsel.
INT-2026-04812,CUST-62931,11/03/2026 08:30,email,Standard,Yorkshire & Humber,AGT-418,Unacceptable service! Your agent was extremely rude. I demand an immediate refund of £85. My account number is linked to NI UX280700C.
INT-2026-04043,CUST-28121,23/01/2026 20:22,Call Transcript,Small Business,East of England,AGT-353,Your company has breached GDPR by sending emails to the wrong recipient. I am reporting this to the Information Commissioner's Office (ICO).
INT-2026-01805,CUST-69087,18/01/2026 17:04,Email,Standard,Scotland,AGT-720,Can you send me a copy of my latest VAT invoice for last month?
INT-2026-01239,CUST-32482,11/01/2026 15:57,webchat,Enterprise,Greater London,AGT-970,How do I update my password on the online customer portal?
INT-2026-02772,CUST-28852,17/02/2026 21:07,Web Chat,Standard,West Midlands,AGT-622,I am issuing a formal right to be forgotten request. Erase all personal records linked to my phone number +44(0)1632 960 300.
INT-2026-00408,CUST-62978,13/01/2026 02:51,Web Chat,Enterprise,Greater London,AGT-981,Please delete all my data and process my Subject Access Request under UK GDPR rules immediately. Contact me at cpayne@example.org.
INT-2026-01831,CUST-81890,02/01/2026 14:59,E-Mail,Enterprise,North West,AGT-196,Why did my direct debit fail yesterday? I was charged a £25 penalty fee unfairly.
INT-2026-00608,CUST-53420,15/04/2026 17:22,E-Mail,VIP,Yorkshire & Humber,AGT-993,I was double billed for my monthly subscription on card 3541856302750000. Please process a refund.
INT-2026-01997,,05/02/2026 05:44,web_chat,Enterprise,East of England,AGT-897,What are your customer support opening hours over the bank holiday weekend?
INT-2026-01617,CUST-80798,11/05/2026 08:46,web_chat,VIP,West Midlands,AGT-111,Your company has breached GDPR by sending emails to the wrong recipient. I am reporting this to the Information Commissioner's Office (ICO).
INT-2026-03778,CUST-64332,10/02/2026 07:35,Email,Standard,Greater London,AGT-997,I would like to update my billing address to KT8P 4AZ.
INT-2026-04394,CUST-16758,20/01/2026 19:52,call_transcript,Enterprise,Scotland,AGT-946,Why did my direct debit fail yesterday? I was charged a £25 penalty fee unfairly.
INT-2026-04553,CUST-66401,28/01/2026 05:55,Call Transcript,Enterprise,West Midlands,AGT-573,I am currently in hospital due to severe illness and my pension payment hasn't come through. Please call me back on +44(0)292018628.
INT-2026-04772,CUST-54636,12/03/2026 09:37,Email,Enterprise,Yorkshire & Humber,AGT-287,I am issuing a formal right to be forgotten request. Erase all personal records linked to my phone number +44(0)1514960749.
INT-2026-04415,CUST-64566,09/04/2026 21:41,webchat,Standard,Scotland,AGT-428,I am currently in hospital due to severe illness and my pension payment hasn't come through. Please call me back on +44(0)9098790601.
INT-2026-00344,CUST-36106,12/04/2026 04:41,EMAIL,Enterprise,North West,AGT-744,How do I update my password on the online customer portal?
INT-2026-03550,CUST-51027,22/03/2026 03:55,web_chat,Small Business,West Midlands,AGT-486,???
INT-2026-02424,CUST-79432,17/05/2026 02:15,CALL,Enterprise,Scotland,AGT-937,My business went into administration. I cannot pay this invoice right now. Contact my legal representative at antony67@example.org.
INT-2026-02760,CUST-86919,06/04/2026 06:06,email,VIP,West Midlands,AGT-691,   
INT-2026-04609,CUST-31635,14/03/2026 08:55,CALL,VIP,East of England,AGT-261,How do I update my password on the online customer portal?
INT-2026-01746,CUST-36289,28/02/2026 17:06,web_chat,VIP,Greater London,AGT-535,My business went into administration. I cannot pay this invoice right now. Contact my legal representative at smithsian@example.net.
INT-2026-02683,,29/05/2026 22:25,Web Chat,Small Business,North West,AGT-866,What are your customer support opening hours over the bank holiday weekend?
INT-2026-03943,CUST-53617,28/03/2026 16:37,,Enterprise,Wales,AGT-767,I lost my job last month and I simply cannot afford my direct debit payment of £150. My NI number is EG716501J. Please help me reduce my bill.
INT-2026-01128,CUST-20962,16/01/2026 17:46,CALL,Enterprise,Greater London,AGT-906,How do I update my password on the online customer portal?
INT-2026-01601,CUST-48795,05/03/2026 08:25,call_transcript,Small Business,North West,AGT-628,Can you send me a copy of my latest VAT invoice for last month?
INT-2026-03049,CUST-44480,20/03/2026 00:59,webchat,Small Business,North West,AGT-238,???
INT-2026-00115,CUST-33652,20/01/2026 22:08,web_chat,Small Business,North West,AGT-806,I was double billed for my monthly subscription on card 30113055488519. Please process a refund.
INT-2026-00322,CUST-51383,11/04/2026 07:05,web_chat,Small Business,East of England,AGT-866,How do I update my password on the online customer portal?
INT-2026-04481,CUST-52290,15/03/2026 14:38,E-Mail,Standard,North West,AGT-232,Can you send me a copy of my latest VAT invoice for last month?
INT-2026-00584,CUST-91412,01/04/2026 18:56,Call Transcript,Standard,North West,AGT-552,"This is a formal complaint regarding my overcharged invoice. If you do not resolve this today, I will escalate to the Financial Ombudsman and FCA immediately. My postcode is S35 0QY."
INT-2026-04300,CUST-74673,08/01/2026 17:07,Web Chat,Enterprise,West Midlands,AGT-120,I lost my job last month and I simply cannot afford my direct debit payment of £150. My NI number is GF033963P. Please help me reduce my bill.
INT-2026-02568,CUST-17618,02/03/2026 17:47,CALL,VIP,Yorkshire & Humber,AGT-776,Why did my direct debit fail yesterday? I was charged a £25 penalty fee unfairly.
INT-2026-00036,CUST-54020,16/01/2026 15:31,call_transcript,Standard,Scotland,AGT-517,I am issuing a formal right to be forgotten request. Erase all personal records linked to my phone number +4429 2018711.
INT-2026-04761,CUST-20398,27/05/2026 11:58,web_chat,VIP,North West,AGT-987,
INT-2026-03191,CUST-31213,13/02/2026 06:17,Email,Enterprise,North West,AGT-602,Unacceptable service! Your agent was extremely rude. I demand an immediate refund of £85. My account number is linked to NI KA877291J.
INT-2026-03792,CUST-33370,27/04/2026 10:48,E-Mail,Standard,Yorkshire & Humber,AGT-185,Can you send me a copy of my latest VAT invoice for last month?
INT-2026-02857,CUST-13150,09/01/2026 19:46,E-Mail,Standard,West Midlands,AGT-497,Can you send me a copy of my latest VAT invoice for last month?
INT-2026-01142,CUST-36033,03/05/2026 12:05,EMAIL,VIP,Greater London,AGT-516,How do I update my password on the online customer portal?
INT-2026-01223,,05/01/2026 23:31,email,VIP,Scotland,AGT-336,I was double billed for my monthly subscription on card 213133151801661. Please process a refund.
INT-2026-04189,CUST-42492,22/01/2026 16:15,webchat,Enterprise,North West,AGT-988,SELECT * FROM users WHERE customer_id = 'CUST-101' OR 1=1;
INT-2026-00377,CUST-66040,29/04/2026 01:09,Email,Standard,Yorkshire & Humber,AGT-211,Why did my direct debit fail yesterday? I was charged a £25 penalty fee unfairly.
INT-2026-04501,CUST-25944,21/02/2026 03:02,CALL,Small Business,Scotland,AGT-264,Why did my direct debit fail yesterday? I was charged a £25 penalty fee unfairly.
INT-2026-02129,CUST-12949,16/04/2026 18:48,email,VIP,Scotland,AGT-727,What are your customer support opening hours over the bank holiday weekend?
INT-2026-04035,CUST-66645,07/05/2026 17:22,E-Mail,VIP,Greater London,AGT-146,I would like to update my billing address to N41 2PQ.
INT-2026-03929,CUST-80651,26/04/2026 22:52,web_chat,Small Business,Scotland,AGT-544,Can you send me a copy of my latest VAT invoice for last month?
INT-2026-02700,CUST-41980,21/05/2026 22:29,Web Chat,Small Business,Yorkshire & Humber,AGT-769,Can you send me a copy of my latest VAT invoice for last month?
INT-2026-04324,CUST-80642,12/04/2026 21:06,email,Small Business,West Midlands,AGT-544,How do I update my password on the online customer portal?
INT-2026-03227,CUST-28160,28/05/2026 05:31,Email,Enterprise,Greater London,AGT-234,I lost my job last month and I simply cannot afford my direct debit payment of £150. My NI number is TB748851I. Please help me reduce my bill.
INT-2026-03915,CUST-39256,08/02/2026 11:48,webchat,Small Business,Yorkshire & Humber,AGT-196,I was double billed for my monthly subscription on card 2291625021748619. Please process a refund.
INT-2026-01374,CUST-45703,06/02/2026 05:01,CALL,Enterprise,North West,AGT-682,What are your customer support opening hours over the bank holiday weekend?
INT-2026-02851,CUST-42446,30/03/2026 11:30,Call Transcript,Small Business,Wales,AGT-494,Can you send me a copy of my latest VAT invoice for last month?
INT-2026-00155,CUST-87550,1777728022,email,Small Business,Wales,AGT-637,I am issuing a formal right to be forgotten request. Erase all personal records linked to my phone number +44(0)306 9990940.
INT-2026-02172,CUST-67666,08/03/2026 12:49,Web Chat,Enterprise,Scotland,AGT-606,Can you send me a copy of my latest VAT invoice for last month?
INT-2026-02487,CUST-74956,01/03/2026 13:43,E-Mail,Standard,Wales,AGT-121,
INT-2026-00641,CUST-61615,15/06/2026 11:22,call_transcript,Standard,Wales,AGT-871,"This is a formal complaint regarding my overcharged invoice. If you do not resolve this today, I will escalate to the Financial Ombudsman and FCA immediately. My postcode is M35 1US. [DUPLICATE SUBMISSION]"
INT-2026-02874,CUST-86546,25/05/2026 18:46,Call Transcript,Standard,East of England,AGT-677,Can someone explain the difference between the standard and enterprise tier plans?
INT-2026-03185,CUST-63376,22/03/2026 18:46,,Standard,East of England,AGT-345,Can you send me a copy of my latest VAT invoice for last month?
INT-2026-04032,CUST-47374,10/03/2026 11:25,Email,VIP,North West,AGT-673,Can you send me a copy of my latest VAT invoice for last month?
INT-2026-02890,CUST-41584,19/01/2026 07:13,call_transcript,Standard,Greater London,AGT-789,
INT-2026-00236,CUST-74349,01/01/2026 17:46,web_chat,VIP,Greater London,AGT-126,You have failed to address my issue for 3 weeks. I am filing an official grievance and taking this further to legal counsel.
INT-2026-01887,CUST-78241,03/04/2026 15:16,CALL,Enterprise,North West,AGT-989,Disgusted by this scam service. I demand to speak with a senior manager immediately regarding my direct debit failure.
INT-2026-02915,CUST-14819,29/03/2026 18:10,email,Standard,Scotland,AGT-266,I am currently in hospital due to severe illness and my pension payment hasn't come through. Please call me back on 0909 8790552.
INT-2026-00085,CUST-58843,12/01/2026 15:31,call_transcript,Enterprise,Wales,AGT-781,Can someone explain the difference between the standard and enterprise tier plans?
INT-2026-01230,CUST-47712,23/02/2026 12:08,call_transcript,VIP,Greater London,AGT-117,Why did my direct debit fail yesterday? I was charged a £25 penalty fee unfairly.
INT-2026-04486,CUST-59751,28/04/2026 09:51,email,VIP,Greater London,AGT-442,You have failed to address my issue for 3 weeks. I am filing an official grievance and taking this further to legal counsel.
INT-2026-00107,CUST-22987,29/01/2026 08:38,web_chat,VIP,Wales,AGT-822,
INT-2026-00720,CUST-23555,24/01/2026 19:45,CALL,Small Business,Wales,AGT-470,What are your customer support opening hours over the bank holiday weekend?
INT-2026-00496,CUST-43332,15/06/2026 11:22,Email,Small Business,East of England,AGT-352,SELECT * FROM users WHERE customer_id = 'CUST-101' OR 1=1; [DUPLICATE SUBMISSION]
INT-2026-03714,CUST-25381,16/02/2026 21:59,E-Mail,Small Business,West Midlands,AGT-211,I was double billed for my monthly subscription on card 4419617726207412308. Please process a refund.
INT-2026-03708,CUST-35679,18/04/2026 13:26,webchat,VIP,West Midlands,AGT-625,Disgusted by this scam service. I demand to speak with a senior manager immediately regarding my direct debit failure.
INT-2026-00058,CUST-63523,01/02/2026 05:29,EMAIL,Standard,Scotland,AGT-190,I am issuing a formal right to be forgotten request. Erase all personal records linked to my phone number +44(0)1154960838.
INT-2026-01275,CUST-29278,10/04/2026 12:23,call_transcript,Small Business,Yorkshire & Humber,AGT-640,Why did my direct debit fail yesterday? I was charged a £25 penalty fee unfairly.
INT-2026-03894,CUST-74340,31/01/2026 00:33,CALL,Small Business,Wales,AGT-266,How do I update my password on the online customer portal?
INT-2026-04444,CUST-33317,19/04/2026 02:16,,Small Business,Yorkshire & Humber,AGT-406,How do I update my password on the online customer portal?
INT-2026-00784,CUST-70752,30/05/2026 07:51,CALL,VIP,North West,AGT-115,Your company has breached GDPR by sending emails to the wrong recipient. I am reporting this to the Information Commissioner's Office (ICO).
INT-2026-03152,CUST-96300,25/05/2026 06:38,Web Chat,Enterprise,West Midlands,AGT-170,I was double billed for my monthly subscription on card 5385287763825301. Please process a refund.
INT-2026-02552,CUST-74098,02/05/2026 21:36,E-Mail,Small Business,North West,AGT-528,You have failed to address my issue for 3 weeks. I am filing an official grievance and taking this further to legal counsel.
INT-2026-03134,CUST-19102,28/05/2026 03:18,email,VIP,Yorkshire & Humber,AGT-767,I am currently in hospital due to severe illness and my pension payment hasn't come through. Please call me back on (0141)4960223.
INT-2026-01713,CUST-55935,18/03/2026 18:56,Web Chat,Small Business,Wales,AGT-153,My business went into administration. I cannot pay this invoice right now. Contact my legal representative at jacksonbethany@example.net.
INT-2026-04849,CUST-12672,15/04/2026 23:45,webchat,Standard,Wales,AGT-688,I was double billed for my monthly subscription on card 4102541837743869753. Please process a refund.
INT-2026-02330,CUST-74748,03/03/2026 01:59,email,Enterprise,Greater London,AGT-169,What are your customer support opening hours over the bank holiday weekend?
INT-2026-00133,CUST-76809,28/02/2026 05:07,CALL,Standard,Scotland,AGT-697,Your company has breached GDPR by sending emails to the wrong recipient. I am reporting this to the Information Commissioner's Office (ICO).
INT-2026-01425,CUST-90916,01/03/2026 03:07,CALL,Standard,Yorkshire & Humber,AGT-900,I was double billed for my monthly subscription on card 213167849032172. Please process a refund.
INT-2026-04632,CUST-59283,17/03/2026 18:26,web_chat,,East of England,AGT-402,What are your customer support opening hours over the bank holiday weekend?
INT-2026-01138,CUST-98572,13/05/2026 15:51,call_transcript,Standard,Scotland,AGT-486,I am issuing a formal right to be forgotten request. Erase all personal records linked to my phone number +44(0)191 4960820.
INT-2026-01427,CUST-92564,23/05/2026 08:22,webchat,Standard,West Midlands,AGT-396,Your company has breached GDPR by sending emails to the wrong recipient. I am reporting this to the Information Commissioner's Office (ICO).
INT-2026-01958,CUST-27634,06/04/2026 13:31,call_transcript,Enterprise,Scotland,AGT-813,   
INT-2026-04222,CUST-69431,13/02/2026 20:23,call_transcript,Standard,Wales,AGT-803,How do I update my password on the online customer portal?
INT-2026-01912,CUST-42602,23/03/2026 22:25,CALL,Small Business,Scotland,AGT-436,My business went into administration. I cannot pay this invoice right now. Contact my legal representative at francesca16@example.com.
INT-2026-03147,CUST-82837,06/01/2026 19:14,EMAIL,Small Business,Scotland,AGT-870,I am issuing a formal right to be forgotten request. Erase all personal records linked to my phone number (0118)4960416.
INT-2026-01443,CUST-84852,1772080673,Web Chat,Standard,North West,AGT-299,Unacceptable service! Your agent was extremely rude. I demand an immediate refund of £85. My account number is linked to NI WU822181K.
INT-2026-01833,CUST-72746,08/05/2026 19:26,email,Small Business,Yorkshire & Humber,AGT-638,I would like to update my billing address to SS11 5RX.
INT-2026-00489,CUST-96960,22/03/2026 10:50,E-Mail,VIP,Greater London,AGT-742,What are your customer support opening hours over the bank holiday weekend?
INT-2026-02371,CUST-41346,19/01/2026 10:02,webchat,Enterprise,West Midlands,AGT-712,I would like to update my billing address to BB6R 4JA.
INT-2026-02060,CUST-59061,1769864363,Call Transcript,Small Business,Greater London,AGT-228,Unacceptable service! Your agent was extremely rude. I demand an immediate refund of £85. My account number is linked to NI XW575310C.
INT-2026-01647,CUST-93205,07/04/2026 12:25,webchat,Standard,West Midlands,AGT-232,You have failed to address my issue for 3 weeks. I am filing an official grievance and taking this further to legal counsel.
INT-2026-03716,CUST-55644,1773881775,email,Enterprise,Wales,AGT-332,Can you send me a copy of my latest VAT invoice for last month?
INT-2026-01087,CUST-61748,14/02/2026 12:14,call_transcript,Small Business,Greater London,AGT-177,I would like to update my billing address to PR63 8YQ.
INT-2026-04269,CUST-54064,06/02/2026 02:32,webchat,VIP,West Midlands,AGT-364,"<html><body><p>Hello support team, I need help logging in.</p></body></html>"
INT-2026-00068,CUST-99364,03/02/2026 23:52,email,VIP,North West,AGT-572,Can someone explain the difference between the standard and enterprise tier plans?
INT-2026-02608,CUST-43359,16/02/2026 02:26,CALL,VIP,West Midlands,AGT-742,How do I update my password on the online customer portal?
INT-2026-00714,CUST-61879,14/03/2026 17:57,,Enterprise,Wales,AGT-914,
INT-2026-00873,CUST-44082,24/01/2026 11:49,call_transcript,Small Business,Scotland,AGT-947,I would like to update my billing address to B0 4TS.
INT-2026-03357,CUST-50095,18/05/2026 20:44,web_chat,Enterprise,East of England,AGT-296,I am issuing a formal right to be forgotten request. Erase all personal records linked to my phone number 028 9018 0263.
INT-2026-02465,CUST-23340,23/02/2026 00:47,Web Chat,VIP,Wales,AGT-253,How do I update my password on the online customer portal?
INT-2026-02027,CUST-16800,30/04/2026 18:24,E-Mail,Small Business,Wales,AGT-825,Can someone explain the difference between the standard and enterprise tier plans?
INT-2026-04084,CUST-77529,14/02/2026 19:59,E-Mail,Enterprise,Wales,AGT-478,You have failed to address my issue for 3 weeks. I am filing an official grievance and taking this further to legal counsel.
INT-2026-00705,CUST-37973,28/05/2026 07:24,Email,Standard,West Midlands,AGT-514,My business went into administration. I cannot pay this invoice right now. Contact my legal representative at max52@example.com.
INT-2026-03182,CUST-99013,11/05/2026 11:52,webchat,Small Business,Scotland,AGT-665,I'm experiencing severe financial hardship following a bereavement. I live at TD9 7JX and need urgent payment assistance.
INT-2026-00558,CUST-19166,16/05/2026 14:54,webchat,Small Business,North West,AGT-725,I was double billed for my monthly subscription on card 676194118490. Please process a refund.
INT-2026-02182,CUST-40099,04/02/2026 02:28,CALL,Small Business,West Midlands,AGT-739,Can someone explain the difference between the standard and enterprise tier plans?
INT-2026-04157,CUST-47188,10/03/2026 03:13,Web Chat,Small Business,Scotland,AGT-404,How do I update my password on the online customer portal?
INT-2026-03198,CUST-57440,16/03/2026 15:55,Email,Enterprise,North West,AGT-341,What are your customer support opening hours over the bank holiday weekend?
INT-2026-03359,,20/04/2026 19:32,email,Enterprise,North West,AGT-119,Can someone explain the difference between the standard and enterprise tier plans?
INT-2026-02233,CUST-38528,18/01/2026 21:52,CALL,Standard,West Midlands,AGT-932,How do I update my password on the online customer portal?
INT-2026-02291,CUST-18560,1767310969,webchat,,Yorkshire & Humber,AGT-631,Can you send me a copy of my latest VAT invoice for last month?
INT-2026-04689,CUST-98138,08/02/2026 19:36,EMAIL,Small Business,East of England,AGT-410,How do I update my password on the online customer portal?
INT-2026-02791,CUST-44041,23/03/2026 00:32,web_chat,Small Business,Scotland,AGT-462,Can you send me a copy of my latest VAT invoice for last month?
INT-2026-03866,CUST-55156,17/04/2026 15:11,Call Transcript,VIP,West Midlands,AGT-240,Why did my direct debit fail yesterday? I was charged a £25 penalty fee unfairly.
INT-2026-00111,CUST-12128,08/03/2026 22:53,EMAIL,Enterprise,North West,AGT-145,I was double billed for my monthly subscription on card 3521811437447018. Please process a refund.
INT-2026-03385,CUST-35380,25/05/2026 22:57,E-Mail,Standard,Yorkshire & Humber,AGT-222,ok thanks
INT-2026-00476,CUST-39605,25/03/2026 02:26,Web Chat,Small Business,East of England,AGT-476,Disgusted by this scam service. I demand to speak with a senior manager immediately regarding my direct debit failure.
INT-2026-04160,CUST-26456,23/03/2026 10:32,call_transcript,VIP,North West,AGT-265,What are your customer support opening hours over the bank holiday weekend?
INT-2026-03286,CUST-73995,16/05/2026 13:51,Email,Standard,Wales,AGT-996,I would like to update my billing address to HP5E 5QB.
INT-2026-03141,,18/04/2026 07:23,,Standard,Greater London,AGT-830,Your company has breached GDPR by sending emails to the wrong recipient. I am reporting this to the Information Commissioner's Office (ICO).
INT-2026-00900,CUST-79778,30/05/2026 12:07,E-Mail,VIP,North West,AGT-891,You have failed to address my issue for 3 weeks. I am filing an official grievance and taking this further to legal counsel.
INT-2026-01256,CUST-52903,02/03/2026 21:16,Web Chat,VIP,East of England,AGT-713,How do I update my password on the online customer portal?
INT-2026-01537,CUST-54336,19/03/2026 20:16,call_transcript,Small Business,East of England,AGT-616,How do I update my password on the online customer portal?
INT-2026-01134,CUST-16158,19/02/2026 02:12,webchat,Standard,West Midlands,AGT-740,What are your customer support opening hours over the bank holiday weekend?
INT-2026-01220,CUST-91965,02/01/2026 16:44,web_chat,Small Business,North West,AGT-117,What are your customer support opening hours over the bank holiday weekend?
INT-2026-01570,CUST-45851,22/04/2026 08:13,CALL,,East of England,AGT-770,Why did my direct debit fail yesterday? I was charged a £25 penalty fee unfairly.
INT-2026-02945,CUST-31754,05/04/2026 10:27,call_transcript,Enterprise,Greater London,AGT-428,What are your customer support opening hours over the bank holiday weekend?
INT-2026-00927,CUST-97245,19/04/2026 20:54,Call Transcript,Small Business,Greater London,AGT-716,I lost my job last month and I simply cannot afford my direct debit payment of £150. My NI number is NY974753M. Please help me reduce my bill.
INT-2026-02646,CUST-54695,,webchat,Enterprise,Wales,AGT-664,Can someone explain the difference between the standard and enterprise tier plans?
INT-2026-04252,CUST-69817,27/01/2026 17:26,webchat,Small Business,East of England,AGT-151,What are your customer support opening hours over the bank holiday weekend?
INT-2026-03781,,07/04/2026 04:56,webchat,VIP,East of England,AGT-637,   
INT-2026-01814,CUST-48337,15/05/2026 14:59,email,Standard,Greater London,AGT-553,What are your customer support opening hours over the bank holiday weekend?
INT-2026-02259,CUST-47803,02/03/2026 20:27,E-Mail,VIP,East of England,AGT-318,Can you send me a copy of my latest VAT invoice for last month?
INT-2026-04029,CUST-34759,07/03/2026 15:39,email,Small Business,Scotland,AGT-695,"This is a formal complaint regarding my overcharged invoice. If you do not resolve this today, I will escalate to the Financial Ombudsman and FCA immediately. My postcode is NG4 5WS."
INT-2026-00219,CUST-14073,18/04/2026 22:55,Call Transcript,VIP,Greater London,AGT-112,I am currently in hospital due to severe illness and my pension payment hasn't come through. Please call me back on 0161 4960499.
INT-2026-03328,CUST-10455,05/05/2026 15:39,Email,VIP,Scotland,AGT-156,Unacceptable service! Your agent was extremely rude. I demand an immediate refund of £85. My account number is linked to NI EV507181R.
INT-2026-03105,CUST-72864,17/05/2026 08:37,CALL,,North West,AGT-160,You have failed to address my issue for 3 weeks. I am filing an official grievance and taking this further to legal counsel.
INT-2026-02723,CUST-46583,27/05/2026 01:02,Call Transcript,VIP,Greater London,AGT-915,What are your customer support opening hours over the bank holiday weekend?
INT-2026-01378,CUST-43879,25/02/2026 08:36,Call Transcript,VIP,North West,AGT-329,I'm experiencing severe financial hardship following a bereavement. I live at WV35 6XY and need urgent payment assistance.
INT-2026-01212,CUST-15828,05/04/2026 22:39,call_transcript,Small Business,West Midlands,AGT-800,You have failed to address my issue for 3 weeks. I am filing an official grievance and taking this further to legal counsel.
INT-2026-00565,CUST-10256,04/03/2026 17:17,Email,Small Business,Scotland,AGT-470,Why did my direct debit fail yesterday? I was charged a £25 penalty fee unfairly.
INT-2026-03574,CUST-71996,18/05/2026 07:50,web_chat,VIP,West Midlands,AGT-633,My business went into administration. I cannot pay this invoice right now. Contact my legal representative at robertsrobin@example.com.
INT-2026-02414,CUST-34353,03/04/2026 09:21,call_transcript,Small Business,East of England,AGT-705,How do I update my password on the online customer portal?
INT-2026-00824,CUST-48036,30/04/2026 05:26,E-Mail,VIP,West Midlands,AGT-864,What are your customer support opening hours over the bank holiday weekend?
INT-2026-00309,CUST-69437,1771081235,EMAIL,Small Business,Wales,AGT-253,What are your customer support opening hours over the bank holiday weekend?
INT-2026-02808,CUST-51580,23/03/2026 11:52,EMAIL,Small Business,East of England,AGT-555,How do I update my password on the online customer portal?
INT-2026-01296,CUST-19501,30/05/2026 23:46,call_transcript,Standard,Greater London,AGT-218,Why did my direct debit fail yesterday? I was charged a £25 penalty fee unfairly.
INT-2026-02053,CUST-94853,23/03/2026 00:33,CALL,Standard,West Midlands,AGT-355,How do I update my password on the online customer portal?
INT-2026-03665,CUST-65163,14/03/2026 07:45,webchat,Enterprise,Scotland,AGT-377,I would like to update my billing address to GY7P 3ZX.
INT-2026-04383,CUST-92028,15/01/2026 06:15,Email,VIP,Yorkshire & Humber,AGT-656,How do I update my password on the online customer portal?
INT-2026-03236,CUST-93737,12/04/2026 01:16,web_chat,Standard,East of England,AGT-235,I'm experiencing severe financial hardship following a bereavement. I live at YO93 0GE and need urgent payment assistance.
INT-2026-01072,CUST-31292,02/03/2026 23:08,EMAIL,Small Business,North West,AGT-524,Why did my direct debit fail yesterday? I was charged a £25 penalty fee unfairly.
INT-2026-02850,CUST-25733,13/04/2026 00:17,Email,VIP,Wales,AGT-818,What are your customer support opening hours over the bank holiday weekend?
INT-2026-01905,CUST-52570,11/01/2026 20:03,CALL,Standard,Greater London,AGT-758,Disgusted by this scam service. I demand to speak with a senior manager immediately regarding my direct debit failure.
INT-2026-02585,CUST-45942,12/02/2026 18:17,E-Mail,Small Business,Wales,AGT-984,Why did my direct debit fail yesterday? I was charged a £25 penalty fee unfairly.
INT-2026-03876,CUST-33580,20/05/2026 03:36,Call Transcript,VIP,Greater London,AGT-864,Your company has breached GDPR by sending emails to the wrong recipient. I am reporting this to the Information Commissioner's Office (ICO).
INT-2026-00655,CUST-65407,14/03/2026 11:37,email,Standard,West Midlands,AGT-406,I was double billed for my monthly subscription on card 3554261903842278. Please process a refund.
INT-2026-04622,CUST-47119,08/03/2026 07:30,Email,Standard,Wales,AGT-595,"This is a formal complaint regarding my overcharged invoice. If you do not resolve this today, I will escalate to the Financial Ombudsman and FCA immediately. My postcode is LL94 4AJ."
INT-2026-00091,CUST-43491,02/01/2026 12:01,EMAIL,VIP,Yorkshire & Humber,AGT-672,I would like to update my billing address to E8C 1YY.
INT-2026-00557,CUST-10071,23/02/2026 01:41,Call Transcript,VIP,Yorkshire & Humber,AGT-960,Why did my direct debit fail yesterday? I was charged a £25 penalty fee unfairly.
INT-2026-01243,CUST-97370,06/02/2026 16:24,email,Standard,Wales,AGT-763,What are your customer support opening hours over the bank holiday weekend?
INT-2026-04134,CUST-15716,15/05/2026 09:36,EMAIL,Enterprise,Wales,AGT-144,Why did my direct debit fail yesterday? I was charged a £25 penalty fee unfairly.
INT-2026-00641,CUST-61615,13/04/2026 22:23,call_transcript,Standard,Wales,AGT-871,"This is a formal complaint regarding my overcharged invoice. If you do not resolve this today, I will escalate to the Financial Ombudsman and FCA immediately. My postcode is M35 1US."
INT-2026-00773,CUST-83905,09/03/2026 03:45,Email,Standard,Yorkshire & Humber,AGT-590,I would like to update my billing address to L44 3BQ.
INT-2026-02200,CUST-70992,1774253333,,VIP,Greater London,AGT-487,I am currently in hospital due to severe illness and my pension payment hasn't come through. Please call me back on 0191 498 0423.
INT-2026-01422,CUST-85963,16/04/2026 01:19,E-Mail,Standard,East of England,AGT-941,Can someone explain the difference between the standard and enterprise tier plans?
INT-2026-04830,CUST-24064,20/05/2026 15:06,Web Chat,Standard,Scotland,AGT-493,My business went into administration. I cannot pay this invoice right now. Contact my legal representative at bwoodward@example.com.
INT-2026-04539,CUST-91631,15/04/2026 03:52,call_transcript,Standard,Scotland,AGT-486,How do I update my password on the online customer portal?
INT-2026-00105,CUST-28140,05/05/2026 12:06,Email,Standard,West Midlands,AGT-185,I would like to update my billing address to DD9A 4ZN.
INT-2026-00028,CUST-44795,26/03/2026 09:12,CALL,Standard,Scotland,AGT-690,"This is a formal complaint regarding my overcharged invoice. If you do not resolve this today, I will escalate to the Financial Ombudsman and FCA immediately. My postcode is N17 8TA."
INT-2026-03097,CUST-35480,16/03/2026 16:34,E-Mail,Enterprise,Scotland,AGT-556,How do I update my password on the online customer portal?
INT-2026-02534,,17/04/2026 22:54,Email,Standard,Yorkshire & Humber,AGT-389,Can someone explain the difference between the standard and enterprise tier plans?
INT-2026-03101,CUST-46886,30/05/2026 12:24,Email,VIP,Yorkshire & Humber,AGT-361,Can someone explain the difference between the standard and enterprise tier plans?
INT-2026-01514,CUST-55523,09/01/2026 11:51,EMAIL,Enterprise,Greater London,AGT-921,What are your customer support opening hours over the bank holiday weekend?
INT-2026-04745,CUST-61751,01/01/2026 08:41,,Enterprise,East of England,AGT-478,Can someone explain the difference between the standard and enterprise tier plans?
INT-2026-00166,CUST-14152,15/03/2026 05:44,webchat,,North West,AGT-184,I was double billed for my monthly subscription on card 374384215031788. Please process a refund.
INT-2026-02202,CUST-56156,21/01/2026 09:59,EMAIL,Standard,Scotland,AGT-657,Can someone explain the difference between the standard and enterprise tier plans?
INT-2026-01438,CUST-47679,12/02/2026 08:42,web_chat,Standard,East of England,AGT-355,Can you send me a copy of my latest VAT invoice for last month?
INT-2026-03267,CUST-97871,01/04/2026 06:53,call_transcript,Standard,Yorkshire & Humber,AGT-552,ok thanks
INT-2026-01250,CUST-49308,24/04/2026 21:16,EMAIL,VIP,Wales,AGT-994,Disgusted by this scam service. I demand to speak with a senior manager immediately regarding my direct debit failure.
INT-2026-03728,CUST-78084,20/04/2026 17:32,CALL,VIP,Yorkshire & Humber,AGT-393,I am currently in hospital due to severe illness and my pension payment hasn't come through. Please call me back on (0117)4960829.
INT-2026-02971,CUST-95474,05/04/2026 03:58,webchat,Small Business,Wales,AGT-213,I am issuing a formal right to be forgotten request. Erase all personal records linked to my phone number +441214960460.
INT-2026-02245,CUST-53636,22/04/2026 16:06,email,Enterprise,Greater London,AGT-625,I'm experiencing severe financial hardship following a bereavement. I live at E12 8EX and need urgent payment assistance.
INT-2026-04339,CUST-86229,27/05/2026 11:38,EMAIL,Small Business,North West,AGT-532,I was double billed for my monthly subscription on card 376937965389223. Please process a refund.
INT-2026-01988,CUST-93634,,Email,Small Business,Wales,AGT-707,???
INT-2026-03809,CUST-10152,10/05/2026 09:07,webchat,Enterprise,Yorkshire & Humber,AGT-196,I would like to update my billing address to N17 8HJ.
INT-2026-00703,CUST-70929,23/05/2026 02:19,email,Small Business,West Midlands,AGT-166,Your company has breached GDPR by sending emails to the wrong recipient. I am reporting this to the Information Commissioner's Office (ICO).
INT-2026-04351,CUST-32314,1777018391,E-Mail,Small Business,Wales,AGT-493,I am currently in hospital due to severe illness and my pension payment hasn't come through. Please call me back on +44(0)1314960930.
INT-2026-02670,CUST-99765,09/01/2026 10:40,Call Transcript,VIP,Wales,AGT-757,"<html><body><p>Hello support team, I need help logging in.</p></body></html>"
INT-2026-03661,CUST-50359,,E-Mail,Enterprise,Wales,AGT-791,Can someone explain the difference between the standard and enterprise tier plans?
INT-2026-01241,CUST-47980,06/01/2026 22:18,call_transcript,Enterprise,West Midlands,AGT-647,"This is a formal complaint regarding my overcharged invoice. If you do not resolve this today, I will escalate to the Financial Ombudsman and FCA immediately. My postcode is LU72 0HW."
INT-2026-02774,CUST-51978,07/01/2026 08:55,web_chat,Standard,East of England,AGT-738,Can someone explain the difference between the standard and enterprise tier plans?
INT-2026-01875,,16/05/2026 16:24,Web Chat,Small Business,Greater London,AGT-544,You have failed to address my issue for 3 weeks. I am filing an official grievance and taking this further to legal counsel.
INT-2026-03002,CUST-25179,19/01/2026 20:41,call_transcript,Small Business,East of England,AGT-904,I would like to update my billing address to S3 0TX.
INT-2026-04439,CUST-98508,06/03/2026 04:52,Web Chat,Enterprise,Greater London,AGT-493,I am issuing a formal right to be forgotten request. Erase all personal records linked to my phone number 03069990274.
INT-2026-00095,CUST-95918,01/04/2026 02:10,Call Transcript,Enterprise,Wales,AGT-742,I am issuing a formal right to be forgotten request. Erase all personal records linked to my phone number (0808) 1570039.
INT-2026-04004,,22/04/2026 15:53,Call Transcript,Enterprise,East of England,AGT-474,Can someone explain the difference between the standard and enterprise tier plans?
INT-2026-02758,CUST-98792,25/04/2026 05:10,CALL,VIP,West Midlands,AGT-881,I lost my job last month and I simply cannot afford my direct debit payment of £150. My NI number is QH893421F. Please help me reduce my bill.
INT-2026-01270,CUST-21123,29/05/2026 09:13,webchat,VIP,Scotland,AGT-273,My business went into administration. I cannot pay this invoice right now. Contact my legal representative at cooperlaura@example.net.
INT-2026-02184,CUST-98893,10/05/2026 21:31,Web Chat,Enterprise,Greater London,AGT-457,What are your customer support opening hours over the bank holiday weekend?
INT-2026-01618,CUST-33940,07/01/2026 00:22,E-Mail,Standard,Yorkshire & Humber,AGT-367,Can you send me a copy of my latest VAT invoice for last month?
INT-2026-01940,CUST-76132,11/03/2026 09:21,E-Mail,Small Business,Scotland,AGT-417,Can someone explain the difference between the standard and enterprise tier plans?
INT-2026-01385,CUST-97916,18/02/2026 06:50,Email,Standard,Greater London,AGT-408,Disgusted by this scam service. I demand to speak with a senior manager immediately regarding my direct debit failure.
INT-2026-00820,CUST-72064,28/05/2026 16:34,CALL,Enterprise,Wales,AGT-254,My business went into administration. I cannot pay this invoice right now. Contact my legal representative at francesca34@example.net.
INT-2026-00478,CUST-62990,21/05/2026 19:40,webchat,Small Business,West Midlands,AGT-587,Can someone explain the difference between the standard and enterprise tier plans?
INT-2026-02280,,20/01/2026 14:49,Call Transcript,Standard,Scotland,AGT-531,I was double billed for my monthly subscription on card 2246908660229638. Please process a refund.
INT-2026-00729,CUST-35837,07/04/2026 19:52,Call Transcript,Enterprise,Yorkshire & Humber,AGT-492,"This is a formal complaint regarding my overcharged invoice. If you do not resolve this today, I will escalate to the Financial Ombudsman and FCA immediately. My postcode is S3H 6HD."
INT-2026-01273,CUST-61948,25/02/2026 15:40,call_transcript,VIP,West Midlands,AGT-360,You have failed to address my issue for 3 weeks. I am filing an official grievance and taking this further to legal counsel.
INT-2026-02784,,02/02/2026 14:06,EMAIL,Standard,Wales,AGT-960,Can you send me a copy of my latest VAT invoice for last month?
INT-2026-03604,CUST-19683,,Call Transcript,Enterprise,North West,AGT-874,Unacceptable service! Your agent was extremely rude. I demand an immediate refund of £85. My account number is linked to NI KY406142Q.
INT-2026-02193,CUST-23366,13/01/2026 11:22,email,Enterprise,Scotland,AGT-412,I was double billed for my monthly subscription on card 2293784573625309. Please process a refund.
INT-2026-02369,CUST-52130,22/02/2026 08:23,web_chat,Standard,Wales,AGT-452,What are your customer support opening hours over the bank holiday weekend?
INT-2026-01287,CUST-99407,30/04/2026 07:08,Call Transcript,Small Business,North West,AGT-471,Why did my direct debit fail yesterday? I was charged a £25 penalty fee unfairly.
INT-2026-00716,CUST-35252,15/06/2026 11:22,webchat,VIP,Scotland,AGT-425,I was double billed for my monthly subscription on card 180084196233262. Please process a refund. [DUPLICATE SUBMISSION]
INT-2026-00051,CUST-34164,03/04/2026 18:22,Web Chat,Standard,North West,AGT-252,I would like to update my billing address to M4W 2QW.
INT-2026-02550,CUST-47186,26/03/2026 23:45,call_transcript,VIP,Yorkshire & Humber,AGT-819,Why did my direct debit fail yesterday? I was charged a £25 penalty fee unfairly.
INT-2026-01721,CUST-98000,04/03/2026 03:41,call_transcript,Small Business,East of England,AGT-661,How do I update my password on the online customer portal?
INT-2026-04578,CUST-11858,08/05/2026 21:47,email,Small Business,Greater London,AGT-486,I would like to update my billing address to W8 2PF.
INT-2026-03693,CUST-41935,12/02/2026 06:41,E-Mail,Enterprise,East of England,AGT-550,Disgusted by this scam service. I demand to speak with a senior manager immediately regarding my direct debit failure.
INT-2026-00120,CUST-51889,17/04/2026 19:10,EMAIL,VIP,Wales,AGT-470,Why did my direct debit fail yesterday? I was charged a £25 penalty fee unfairly.
INT-2026-00389,CUST-33580,18/05/2026 14:15,E-Mail,Standard,East of England,AGT-968,Disgusted by this scam service. I demand to speak with a senior manager immediately regarding my direct debit failure.
INT-2026-02429,CUST-34108,02/02/2026 22:28,CALL,Small Business,Greater London,AGT-559,I would like to update my billing address to SP20 2NP.
INT-2026-04079,CUST-57892,26/01/2026 14:28,Call Transcript,Enterprise,Scotland,AGT-127,Can you send me a copy of my latest VAT invoice for last month?
INT-2026-03253,CUST-43847,14/04/2026 22:31,Email,Standard,North West,AGT-890,Why did my direct debit fail yesterday? I was charged a £25 penalty fee unfairly.
INT-2026-02153,CUST-85012,09/04/2026 07:26,web_chat,Small Business,West Midlands,AGT-526,How do I update my password on the online customer portal?
INT-2026-01390,CUST-71400,11/05/2026 03:57,EMAIL,Small Business,Wales,AGT-537,Disgusted by this scam service. I demand to speak with a senior manager immediately regarding my direct debit failure.
INT-2026-00777,,15/01/2026 21:02,Email,VIP,West Midlands,AGT-232,Can someone explain the difference between the standard and enterprise tier plans?
INT-2026-00790,CUST-19357,,Web Chat,Enterprise,West Midlands,AGT-517,I would like to update my billing address to GY5 4SB.
INT-2026-04229,CUST-20553,24/05/2026 20:23,web_chat,Enterprise,Wales,AGT-833,
INT-2026-03656,CUST-79931,19/04/2026 10:07,Call Transcript,Enterprise,North West,AGT-506,What are your customer support opening hours over the bank holiday weekend?
INT-2026-02715,CUST-57643,03/03/2026 10:19,Web Chat,Enterprise,Wales,AGT-404,What are your customer support opening hours over the bank holiday weekend?
INT-2026-02627,CUST-47486,18/02/2026 05:54,Call Transcript,Enterprise,North West,AGT-827,"This is a formal complaint regarding my overcharged invoice. If you do not resolve this today, I will escalate to the Financial Ombudsman and FCA immediately. My postcode is TN0E 3FL."
INT-2026-02947,CUST-19055,21/01/2026 06:19,EMAIL,VIP,Scotland,AGT-310,What are your customer support opening hours over the bank holiday weekend?
INT-2026-02347,CUST-19601,22/04/2026 10:08,Call Transcript,VIP,East of England,AGT-503,I am issuing a formal right to be forgotten request. Erase all personal records linked to my phone number (020) 7496 0561.
INT-2026-02163,CUST-73869,11/05/2026 12:30,CALL,Small Business,Wales,AGT-296,Can you send me a copy of my latest VAT invoice for last month?
INT-2026-02300,CUST-86393,24/03/2026 17:26,EMAIL,VIP,East of England,AGT-688,Can someone explain the difference between the standard and enterprise tier plans?
INT-2026-03858,CUST-73855,12/01/2026 02:44,E-Mail,Standard,East of England,AGT-991,I would like to update my billing address to TR6 8JX.
INT-2026-04543,CUST-60603,03/04/2026 17:41,email,Enterprise,North West,AGT-506,Can you send me a copy of my latest VAT invoice for last month?
INT-2026-04567,CUST-58553,24/05/2026 16:50,email,Standard,Yorkshire & Humber,AGT-699,I am currently in hospital due to severe illness and my pension payment hasn't come through. Please call me back on +4428 9018 0307.
INT-2026-01974,CUST-12067,30/01/2026 22:48,CALL,Small Business,Wales,AGT-373,Can someone explain the difference between the standard and enterprise tier plans?
INT-2026-03727,CUST-75862,30/03/2026 00:53,EMAIL,VIP,Wales,AGT-643,You have failed to address my issue for 3 weeks. I am filing an official grievance and taking this further to legal counsel.
INT-2026-03571,CUST-41355,28/04/2026 05:33,EMAIL,Enterprise,Yorkshire & Humber,AGT-461,Why did my direct debit fail yesterday? I was charged a £25 penalty fee unfairly.
INT-2026-02924,CUST-98300,05/05/2026 00:40,Web Chat,VIP,West Midlands,AGT-770,Can someone explain the difference between the standard and enterprise tier plans?
INT-2026-00762,CUST-68258,28/01/2026 01:12,web_chat,Enterprise,Yorkshire & Humber,AGT-976,What are your customer support opening hours over the bank holiday weekend?
INT-2026-01300,CUST-27236,02/04/2026 16:41,Web Chat,VIP,Scotland,AGT-307,How do I update my password on the online customer portal?
INT-2026-02702,CUST-51449,09/04/2026 17:16,Call Transcript,Enterprise,Greater London,AGT-969,I'm experiencing severe financial hardship following a bereavement. I live at W4 8WB and need urgent payment assistance.
INT-2026-03378,CUST-21930,03/03/2026 13:37,CALL,VIP,Wales,AGT-296,Can someone explain the difference between the standard and enterprise tier plans?
INT-2026-04270,CUST-34798,06/03/2026 17:17,webchat,Small Business,West Midlands,AGT-525,What are your customer support opening hours over the bank holiday weekend?
INT-2026-02848,CUST-39375,26/02/2026 09:35,email,VIP,North West,AGT-724,"This is a formal complaint regarding my overcharged invoice. If you do not resolve this today, I will escalate to the Financial Ombudsman and FCA immediately. My postcode is W94 4YW."
INT-2026-02254,CUST-53348,07/03/2026 03:00,CALL,Enterprise,West Midlands,AGT-391,Can someone explain the difference between the standard and enterprise tier plans?
INT-2026-01806,CUST-23478,13/03/2026 00:48,EMAIL,Small Business,Greater London,AGT-187,I was double billed for my monthly subscription on card 36498577427358. Please process a refund.
INT-2026-03802,CUST-93743,05/03/2026 03:13,email,VIP,Wales,AGT-833,Can you send me a copy of my latest VAT invoice for last month?
INT-2026-01299,CUST-50928,16/05/2026 18:10,web_chat,Small Business,Scotland,AGT-707,Why did my direct debit fail yesterday? I was charged a £25 penalty fee unfairly.
INT-2026-00540,CUST-38014,02/03/2026 15:12,call_transcript,Enterprise,North West,AGT-952,Can someone explain the difference between the standard and enterprise tier plans?
INT-2026-02893,CUST-26432,26/02/2026 03:15,call_transcript,Small Business,East of England,AGT-118,Can you send me a copy of my latest VAT invoice for last month?
INT-2026-04670,CUST-44601,10/04/2026 05:39,CALL,Standard,Yorkshire & Humber,AGT-129,Can someone explain the difference between the standard and enterprise tier plans?
INT-2026-03310,CUST-55551,16/01/2026 01:27,Call Transcript,Small Business,West Midlands,AGT-889,"This is a formal complaint regarding my overcharged invoice. If you do not resolve this today, I will escalate to the Financial Ombudsman and FCA immediately. My postcode is CA7 7ST."
INT-2026-01321,CUST-34388,24/05/2026 02:25,CALL,VIP,Scotland,AGT-787,What are your customer support opening hours over the bank holiday weekend?
INT-2026-04182,,11/05/2026 05:56,Web Chat,VIP,North West,AGT-972,Can you send me a copy of my latest VAT invoice for last month?
INT-2026-01863,CUST-58638,05/02/2026 21:15,Call Transcript,Enterprise,Yorkshire & Humber,AGT-124,I would like to update my billing address to ML9 5SA.
INT-2026-01632,CUST-17002,15/06/2026 11:22,webchat,Standard,Yorkshire & Humber,AGT-272,I lost my job last month and I simply cannot afford my direct debit payment of £150. My NI number is BR357236Q. Please help me reduce my bill. [DUPLICATE SUBMISSION]
INT-2026-00691,CUST-99116,18/04/2026 14:33,Call Transcript,VIP,Scotland,AGT-260,Please delete all my data and process my Subject Access Request under UK GDPR rules immediately. Contact me at doconnor@example.org.
INT-2026-01923,CUST-74189,15/03/2026 00:30,call_transcript,Enterprise,Scotland,AGT-250,I am currently in hospital due to severe illness and my pension payment hasn't come through. Please call me back on 0115 496 0076.
INT-2026-00109,CUST-18232,26/04/2026 21:00,Call Transcript,Enterprise,Scotland,AGT-101,What are your customer support opening hours over the bank holiday weekend?
INT-2026-00920,CUST-65215,1772626542,Call Transcript,Enterprise,North West,AGT-851,How do I update my password on the online customer portal?
INT-2026-00293,,02/01/2026 03:29,call_transcript,Standard,West Midlands,AGT-614,I'm experiencing severe financial hardship following a bereavement. I live at RM6P 0QS and need urgent payment assistance.
INT-2026-01465,,1767246108,call_transcript,Small Business,North West,AGT-532,"This is a formal complaint regarding my overcharged invoice. If you do not resolve this today, I will escalate to the Financial Ombudsman and FCA immediately. My postcode is E5G 5NE."
INT-2026-04743,CUST-80904,31/03/2026 13:25,CALL,VIP,Greater London,AGT-688,My business went into administration. I cannot pay this invoice right now. Contact my legal representative at reynoldskelly@example.com.
INT-2026-02859,CUST-72014,01/01/2026 11:45,E-Mail,Enterprise,Yorkshire & Humber,AGT-320,I'm experiencing severe financial hardship following a bereavement. I live at NW4 2UT and need urgent payment assistance.
INT-2026-02366,CUST-61654,18/02/2026 02:05,Email,Small Business,West Midlands,AGT-214,Please delete all my data and process my Subject Access Request under UK GDPR rules immediately. Contact me at vbrennan@example.org.
INT-2026-04847,CUST-69134,04/02/2026 16:17,Web Chat,,North West,AGT-153,How do I update my password on the online customer portal?
INT-2026-04554,CUST-22006,10/02/2026 13:02,webchat,Enterprise,East of England,AGT-347,What are your customer support opening hours over the bank holiday weekend?
INT-2026-00206,CUST-20357,31/01/2026 04:06,E-Mail,Standard,West Midlands,AGT-815,Why did my direct debit fail yesterday? I was charged a £25 penalty fee unfairly.
INT-2026-04124,CUST-54155,02/01/2026 11:11,E-Mail,Small Business,Greater London,AGT-444,I would like to update my billing address to TA67 2FY.
INT-2026-04148,CUST-10160,03/02/2026 14:46,E-Mail,VIP,North West,AGT-448,ok thanks
INT-2026-03723,CUST-90973,13/03/2026 01:26,web_chat,VIP,Wales,AGT-247,I would like to update my billing address to CW13 2FY.
INT-2026-00284,CUST-60014,15/06/2026 11:22,web_chat,Small Business,Wales,AGT-330,I would like to update my billing address to W8T 4JN. [DUPLICATE SUBMISSION]
INT-2026-02705,CUST-85397,12/04/2026 16:30,EMAIL,VIP,East of England,AGT-654,What are your customer support opening hours over the bank holiday weekend?
INT-2026-03867,CUST-26703,10/05/2026 19:06,CALL,Small Business,North West,AGT-434,My business went into administration. I cannot pay this invoice right now. Contact my legal representative at wlee@example.net.
INT-2026-03354,CUST-49405,11/04/2026 12:00,call_transcript,VIP,West Midlands,AGT-884,What are your customer support opening hours over the bank holiday weekend?
INT-2026-02396,CUST-16660,02/04/2026 23:21,EMAIL,VIP,Greater London,AGT-740,Can someone explain the difference between the standard and enterprise tier plans?
INT-2026-04644,CUST-64200,22/03/2026 00:40,Call Transcript,Small Business,East of England,AGT-221,Why did my direct debit fail yesterday? I was charged a £25 penalty fee unfairly.
INT-2026-01490,CUST-29403,02/02/2026 15:44,Email,VIP,Wales,AGT-114,
INT-2026-03806,CUST-43120,12/05/2026 05:16,Email,Small Business,West Midlands,AGT-271,Why did my direct debit fail yesterday? I was charged a £25 penalty fee unfairly.
INT-2026-01267,CUST-87167,10/01/2026 08:07,call_transcript,Enterprise,Yorkshire & Humber,AGT-279,Please delete all my data and process my Subject Access Request under UK GDPR rules immediately. Contact me at thomasgallagher@example.org.
INT-2026-00818,CUST-79888,04/01/2026 08:12,webchat,Standard,Scotland,AGT-329,Why did my direct debit fail yesterday? I was charged a £25 penalty fee unfairly.
INT-2026-01431,CUST-58569,01/01/2026 02:56,Email,Small Business,Greater London,AGT-706,I would like to update my billing address to E67 0WZ.
INT-2026-00159,CUST-41797,19/03/2026 00:26,E-Mail,Enterprise,West Midlands,AGT-367,I was double billed for my monthly subscription on card 180008680347643. Please process a refund.
INT-2026-02332,CUST-15801,17/04/2026 00:27,call_transcript,Small Business,Greater London,AGT-840,How do I update my password on the online customer portal?
INT-2026-03271,CUST-42731,15/06/2026 11:22,Call Transcript,Enterprise,Yorkshire & Humber,AGT-280,What are your customer support opening hours over the bank holiday weekend? [DUPLICATE SUBMISSION]
INT-2026-03283,CUST-96796,06/03/2026 11:51,E-Mail,Small Business,North West,AGT-672,Can you send me a copy of my latest VAT invoice for last month?
INT-2026-04046,CUST-45925,08/04/2026 05:11,E-Mail,VIP,West Midlands,AGT-976,How do I update my password on the online customer portal?
INT-2026-03737,CUST-92882,26/03/2026 19:53,email,VIP,East of England,AGT-665,I am currently in hospital due to severe illness and my pension payment hasn't come through. Please call me back on 0116 4960515.
INT-2026-04607,CUST-49295,24/01/2026 12:38,CALL,,West Midlands,AGT-425,Can someone explain the difference between the standard and enterprise tier plans?
INT-2026-02080,CUST-59480,03/01/2026 13:28,E-Mail,Standard,Greater London,AGT-130,I was double billed for my monthly subscription on card 4908116096298. Please process a refund.
INT-2026-01396,CUST-46929,21/05/2026 17:22,call_transcript,Small Business,Yorkshire & Humber,AGT-887,What are your customer support opening hours over the bank holiday weekend?
INT-2026-03469,CUST-67556,11/01/2026 16:03,Email,Enterprise,Scotland,AGT-837,What are your customer support opening hours over the bank holiday weekend?
INT-2026-04752,CUST-68786,06/01/2026 06:24,Email,Small Business,Wales,AGT-834,I would like to update my billing address to E6 4BT.
INT-2026-04502,CUST-50697,19/02/2026 16:00,EMAIL,Standard,East of England,AGT-705,How do I update my password on the online customer portal?
INT-2026-04372,CUST-27659,18/02/2026 17:14,web_chat,Standard,East of England,AGT-560,What are your customer support opening hours over the bank holiday weekend?
INT-2026-02738,CUST-22358,15/02/2026 10:26,web_chat,Standard,West Midlands,AGT-566,I was double billed for my monthly subscription on card 3519632362537860. Please process a refund.
INT-2026-04780,CUST-92736,15/03/2026 05:01,web_chat,Enterprise,Wales,AGT-592,Unacceptable service! Your agent was extremely rude. I demand an immediate refund of £85. My account number is linked to NI TV279032R.
INT-2026-01319,CUST-98705,02/01/2026 02:11,E-Mail,Enterprise,North West,AGT-114,"This is a formal complaint regarding my overcharged invoice. If you do not resolve this today, I will escalate to the Financial Ombudsman and FCA immediately. My postcode is BB3M 4TU."
INT-2026-02994,CUST-18598,23/02/2026 10:40,Call Transcript,Enterprise,Scotland,AGT-128,
INT-2026-01264,CUST-22097,18/02/2026 18:40,call_transcript,Standard,Greater London,AGT-585,I was double billed for my monthly subscription on card 180079388949121. Please process a refund.
INT-2026-04188,CUST-50227,11/02/2026 19:42,web_chat,Standard,Wales,AGT-726,Why did my direct debit fail yesterday? I was charged a £25 penalty fee unfairly.
INT-2026-03877,CUST-79936,06/03/2026 15:16,web_chat,VIP,North West,AGT-673,"This is a formal complaint regarding my overcharged invoice. If you do not resolve this today, I will escalate to the Financial Ombudsman and FCA immediately. My postcode is W4W 5RQ."
INT-2026-03759,,23/02/2026 11:47,webchat,Standard,Scotland,AGT-787,I'm experiencing severe financial hardship following a bereavement. I live at B41 4DA and need urgent payment assistance.
INT-2026-04144,CUST-51529,20/05/2026 03:35,EMAIL,Small Business,West Midlands,AGT-925,Can you send me a copy of my latest VAT invoice for last month?
INT-2026-03371,CUST-16873,19/04/2026 12:53,E-Mail,Small Business,Scotland,AGT-398,I was double billed for my monthly subscription on card 4967659296671496390. Please process a refund.
INT-2026-03606,CUST-48017,01/05/2026 20:26,call_transcript,Standard,West Midlands,AGT-489,What are your customer support opening hours over the bank holiday weekend?
INT-2026-03853,CUST-52219,27/02/2026 08:09,Web Chat,Small Business,Scotland,AGT-628,ok thanks
INT-2026-01748,CUST-27725,24/04/2026 04:49,EMAIL,Enterprise,Scotland,AGT-785,What are your customer support opening hours over the bank holiday weekend?
INT-2026-03789,CUST-24088,10/01/2026 06:32,Web Chat,Standard,West Midlands,AGT-227,I would like to update my billing address to N8 9DU.
INT-2026-02077,CUST-98736,07/04/2026 03:28,webchat,Small Business,Greater London,AGT-480,I am issuing a formal right to be forgotten request. Erase all personal records linked to my phone number +4420 7496 0319.
INT-2026-03975,CUST-91798,04/02/2026 20:43,Call Transcript,Standard,West Midlands,AGT-428,Can you send me a copy of my latest VAT invoice for last month?
INT-2026-00479,CUST-29316,24/01/2026 17:26,EMAIL,Standard,East of England,AGT-154,Can someone explain the difference between the standard and enterprise tier plans?
INT-2026-00305,CUST-73191,15/06/2026 11:22,Email,Enterprise,North West,AGT-253,You have failed to address my issue for 3 weeks. I am filing an official grievance and taking this further to legal counsel. [DUPLICATE SUBMISSION]
INT-2026-00549,CUST-54433,23/05/2026 21:36,Call Transcript,Standard,Yorkshire & Humber,AGT-745,I would like to update my billing address to CR1 5PW.
INT-2026-04656,CUST-20983,30/04/2026 20:50,Call Transcript,VIP,Wales,AGT-303,   
INT-2026-00609,CUST-18469,07/02/2026 08:57,EMAIL,VIP,Yorkshire & Humber,AGT-662,What are your customer support opening hours over the bank holiday weekend?
INT-2026-03869,CUST-12388,15/04/2026 06:03,call_transcript,Small Business,Scotland,AGT-994,I was double billed for my monthly subscription on card 3534538889990477. Please process a refund.
INT-2026-00038,CUST-64921,28/04/2026 03:21,call_transcript,Small Business,West Midlands,AGT-784,Can someone explain the difference between the standard and enterprise tier plans?
INT-2026-04045,CUST-21763,16/01/2026 20:35,Email,Standard,West Midlands,AGT-803,I was double billed for my monthly subscription on card 2248039068624598. Please process a refund.
INT-2026-03958,CUST-78350,24/02/2026 09:25,call_transcript,Standard,Scotland,AGT-534,I am issuing a formal right to be forgotten request. Erase all personal records linked to my phone number 01514960049.
INT-2026-01157,CUST-24202,27/02/2026 04:09,E-Mail,Standard,Scotland,AGT-737,Can someone explain the difference between the standard and enterprise tier plans?
INT-2026-04628,CUST-84753,27/02/2026 01:46,CALL,VIP,Yorkshire & Humber,AGT-750,Can you send me a copy of my latest VAT invoice for last month?
INT-2026-01992,CUST-79337,19/03/2026 06:12,EMAIL,VIP,East of England,AGT-662,Can someone explain the difference between the standard and enterprise tier plans?
INT-2026-04592,CUST-30929,17/02/2026 14:37,Call Transcript,Standard,West Midlands,AGT-794,I'm experiencing severe financial hardship following a bereavement. I live at W11 8NQ and need urgent payment assistance.
INT-2026-04571,CUST-87722,30/03/2026 19:04,Email,Small Business,West Midlands,AGT-379,Unacceptable service! Your agent was extremely rude. I demand an immediate refund of £85. My account number is linked to NI EM861443Z.
INT-2026-00746,CUST-77873,05/04/2026 01:15,CALL,Small Business,Wales,AGT-325,What are your customer support opening hours over the bank holiday weekend?
INT-2026-04661,CUST-17294,1780071212,Email,Small Business,West Midlands,AGT-370,You have failed to address my issue for 3 weeks. I am filing an official grievance and taking this further to legal counsel.
INT-2026-01730,CUST-22073,16/03/2026 11:55,email,Standard,West Midlands,AGT-599,Can someone explain the difference between the standard and enterprise tier plans?
INT-2026-00935,CUST-52445,08/01/2026 22:00,Call Transcript,VIP,Wales,AGT-811,SELECT * FROM users WHERE customer_id = 'CUST-101' OR 1=1;
INT-2026-00286,CUST-43425,01/04/2026 13:15,,Standard,Wales,AGT-740,I would like to update my billing address to CA72 2GH.
INT-2026-01999,CUST-59494,24/04/2026 17:00,EMAIL,Enterprise,Wales,AGT-733,Can someone explain the difference between the standard and enterprise tier plans?
INT-2026-00710,CUST-85607,,web_chat,Standard,East of England,AGT-611,Can someone explain the difference between the standard and enterprise tier plans?
INT-2026-04438,CUST-83101,15/01/2026 20:42,email,Standard,West Midlands,AGT-595,What are your customer support opening hours over the bank holiday weekend?
INT-2026-02066,CUST-96131,16/02/2026 02:34,webchat,Small Business,Scotland,AGT-174,I am issuing a formal right to be forgotten request. Erase all personal records linked to my phone number 0909 8790320.
INT-2026-02544,CUST-87265,12/02/2026 19:57,Email,Enterprise,Wales,AGT-608,I'm experiencing severe financial hardship following a bereavement. I live at KA55 4WX and need urgent payment assistance.
INT-2026-00409,CUST-61677,20/03/2026 20:14,webchat,VIP,Yorkshire & Humber,AGT-493,I would like to update my billing address to B6U 3BY.
INT-2026-00887,CUST-66625,28/03/2026 01:27,EMAIL,Standard,Wales,AGT-337,You have failed to address my issue for 3 weeks. I am filing an official grievance and taking this further to legal counsel.
INT-2026-02664,CUST-23909,25/05/2026 22:14,EMAIL,Standard,Scotland,AGT-392,Why did my direct debit fail yesterday? I was charged a £25 penalty fee unfairly.
INT-2026-02639,CUST-11178,,email,VIP,Greater London,AGT-525,I'm experiencing severe financial hardship following a bereavement. I live at TA1N 3BW and need urgent payment assistance.
INT-2026-01359,CUST-80009,03/04/2026 21:51,webchat,VIP,East of England,AGT-256,Unacceptable service! Your agent was extremely rude. I demand an immediate refund of £85. My account number is linked to NI PN146037I.
INT-2026-00088,CUST-33777,08/05/2026 15:26,CALL,VIP,Scotland,AGT-529,Why did my direct debit fail yesterday? I was charged a £25 penalty fee unfairly.
INT-2026-01917,CUST-99534,15/05/2026 19:38,Web Chat,Small Business,Yorkshire & Humber,AGT-629,I am issuing a formal right to be forgotten request. Erase all personal records linked to my phone number +44131 4960224.
INT-2026-01411,CUST-25565,12/02/2026 06:36,email,Small Business,Wales,AGT-248,Unacceptable service! Your agent was extremely rude. I demand an immediate refund of £85. My account number is linked to NI ZU338789X.
INT-2026-04616,CUST-83808,30/03/2026 11:18,CALL,Enterprise,Scotland,AGT-459,Can you send me a copy of my latest VAT invoice for last month?
INT-2026-00402,CUST-97186,30/03/2026 00:27,web_chat,Small Business,Scotland,AGT-966,You have failed to address my issue for 3 weeks. I am filing an official grievance and taking this further to legal counsel.
INT-2026-00445,CUST-41524,15/05/2026 14:21,Email,Standard,Greater London,AGT-591,What are your customer support opening hours over the bank holiday weekend?
INT-2026-02897,CUST-15185,07/05/2026 14:24,email,Small Business,Yorkshire & Humber,AGT-635,What are your customer support opening hours over the bank holiday weekend?
INT-2026-00045,CUST-73372,22/02/2026 02:48,CALL,Small Business,North West,AGT-868,Can you send me a copy of my latest VAT invoice for last month?
INT-2026-04579,CUST-86973,05/01/2026 10:40,web_chat,,East of England,AGT-377,I was double billed for my monthly subscription on card 213140641216525. Please process a refund.
INT-2026-04130,CUST-85468,17/01/2026 01:02,web_chat,Small Business,Greater London,AGT-140,Please delete all my data and process my Subject Access Request under UK GDPR rules immediately. Contact me at dcross@example.com.
INT-2026-02541,CUST-66202,08/04/2026 20:49,EMAIL,Enterprise,North West,AGT-565,Why did my direct debit fail yesterday? I was charged a £25 penalty fee unfairly.
INT-2026-00037,CUST-65069,,CALL,Small Business,Scotland,AGT-106,I would like to update my billing address to WD89 9LA.
INT-2026-02547,CUST-36940,15/01/2026 05:01,Web Chat,VIP,North West,AGT-702,I was double billed for my monthly subscription on card 213100273137266. Please process a refund.
INT-2026-04693,CUST-18609,30/01/2026 09:27,email,VIP,Wales,AGT-724,"<html><body><p>Hello support team, I need help logging in.</p></body></html>"
INT-2026-00167,CUST-22499,14/02/2026 14:47,Email,Standard,Greater London,AGT-800,How do I update my password on the online customer portal?
INT-2026-01837,CUST-79756,06/01/2026 16:40,,Small Business,Greater London,AGT-899,I was double billed for my monthly subscription on card 6527833226373194. Please process a refund.
INT-2026-03081,CUST-82913,13/05/2026 18:06,CALL,Small Business,Wales,AGT-291,Disgusted by this scam service. I demand to speak with a senior manager immediately regarding my direct debit failure.
INT-2026-00078,CUST-34878,18/01/2026 19:13,Call Transcript,Enterprise,North West,AGT-228,What are your customer support opening hours over the bank holiday weekend?
INT-2026-02091,CUST-23584,04/05/2026 00:16,call_transcript,Standard,East of England,AGT-820,You have failed to address my issue for 3 weeks. I am filing an official grievance and taking this further to legal counsel.
INT-2026-02405,CUST-95667,,CALL,Small Business,Wales,AGT-912,Why did my direct debit fail yesterday? I was charged a £25 penalty fee unfairly.
INT-2026-02345,CUST-50538,10/03/2026 06:02,webchat,Small Business,East of England,AGT-340,Can you send me a copy of my latest VAT invoice for last month?
INT-2026-02002,CUST-66208,15/04/2026 06:52,EMAIL,Small Business,East of England,AGT-237,"This is a formal complaint regarding my overcharged invoice. If you do not resolve this today, I will escalate to the Financial Ombudsman and FCA immediately. My postcode is BN8 6TB."
INT-2026-01866,CUST-31197,28/01/2026 10:17,webchat,Small Business,North West,AGT-939,What are your customer support opening hours over the bank holiday weekend?
INT-2026-03075,CUST-98979,11/05/2026 19:20,call_transcript,VIP,Yorkshire & Humber,AGT-269,Why did my direct debit fail yesterday? I was charged a £25 penalty fee unfairly.
INT-2026-00879,CUST-75679,15/03/2026 09:30,web_chat,VIP,Scotland,AGT-488,I lost my job last month and I simply cannot afford my direct debit payment of £150. My NI number is CF461039J. Please help me reduce my bill.
INT-2026-01729,CUST-56741,04/05/2026 15:02,Call Transcript,Enterprise,North West,AGT-736,Why did my direct debit fail yesterday? I was charged a £25 penalty fee unfairly.
INT-2026-01815,CUST-46524,12/05/2026 02:21,Web Chat,Small Business,Wales,AGT-941,Can someone explain the difference between the standard and enterprise tier plans?
INT-2026-04561,CUST-76273,15/05/2026 18:36,CALL,Enterprise,Scotland,AGT-859,I would like to update my billing address to WF6E 8JD.
INT-2026-03518,CUST-89491,21/03/2026 11:26,Call Transcript,VIP,North West,AGT-442,I would like to update my billing address to PO7 9WL.
INT-2026-00578,CUST-33078,05/01/2026 01:50,EMAIL,Enterprise,North West,AGT-412,I was double billed for my monthly subscription on card 30311804674138. Please process a refund.
INT-2026-04446,CUST-74248,06/04/2026 03:13,call_transcript,Standard,East of England,AGT-358,Can someone explain the difference between the standard and enterprise tier plans?
INT-2026-04595,CUST-53751,14/01/2026 09:55,Email,Small Business,East of England,AGT-552,Can you send me a copy of my latest VAT invoice for last month?
INT-2026-03319,CUST-57129,09/02/2026 07:25,E-Mail,VIP,Scotland,AGT-744,Can you send me a copy of my latest VAT invoice for last month?
INT-2026-04435,CUST-73033,20/01/2026 05:00,call_transcript,Small Business,West Midlands,AGT-825,I am issuing a formal right to be forgotten request. Erase all personal records linked to my phone number +443069990584.
INT-2026-02173,CUST-89429,03/04/2026 22:12,web_chat,VIP,Yorkshire & Humber,AGT-626,I was double billed for my monthly subscription on card 2714033497759336. Please process a refund.
INT-2026-02458,,03/05/2026 22:29,Web Chat,Enterprise,Scotland,AGT-359,How do I update my password on the online customer portal?
INT-2026-03116,CUST-27429,23/03/2026 04:19,email,Small Business,Scotland,AGT-482,How do I update my password on the online customer portal?
INT-2026-02855,CUST-46432,18/04/2026 12:02,web_chat,Small Business,East of England,AGT-135,   
INT-2026-03412,CUST-61274,02/03/2026 17:21,Web Chat,Enterprise,West Midlands,AGT-108,I would like to update my billing address to SN09 7JE.
INT-2026-03294,CUST-47652,26/02/2026 02:06,Call Transcript,VIP,West Midlands,AGT-550,"This is a formal complaint regarding my overcharged invoice. If you do not resolve this today, I will escalate to the Financial Ombudsman and FCA immediately. My postcode is LU0 5WZ."
INT-2026-01139,CUST-79514,30/05/2026 21:57,Email,VIP,Wales,AGT-382,Please delete all my data and process my Subject Access Request under UK GDPR rules immediately. Contact me at edwardsdorothy@example.net.
INT-2026-00157,CUST-43422,29/03/2026 08:09,EMAIL,VIP,Greater London,AGT-374,Can you send me a copy of my latest VAT invoice for last month?
INT-2026-03461,CUST-62067,23/01/2026 15:59,Call Transcript,Small Business,East of England,AGT-551,I would like to update my billing address to L7 9UP.
INT-2026-01201,CUST-64169,26/01/2026 04:36,Email,Enterprise,West Midlands,AGT-314,How do I update my password on the online customer portal?
INT-2026-01604,CUST-98148,24/02/2026 11:44,Web Chat,VIP,East of England,AGT-359,Your company has breached GDPR by sending emails to the wrong recipient. I am reporting this to the Information Commissioner's Office (ICO).
INT-2026-00982,CUST-30479,03/05/2026 12:41,Call Transcript,VIP,North West,AGT-863,What are your customer support opening hours over the bank holiday weekend?
INT-2026-02943,CUST-73999,04/01/2026 00:18,Email,VIP,Wales,AGT-309,How do I update my password on the online customer portal?
INT-2026-03540,CUST-13567,04/05/2026 04:48,EMAIL,Enterprise,West Midlands,AGT-892,I am issuing a formal right to be forgotten request. Erase all personal records linked to my phone number (0306) 999 0997.
INT-2026-03074,CUST-75373,01/02/2026 16:01,web_chat,VIP,Scotland,AGT-679,I would like to update my billing address to IM3 8SP.
INT-2026-04014,CUST-18625,07/01/2026 14:44,webchat,Standard,Yorkshire & Humber,AGT-261,Unacceptable service! Your agent was extremely rude. I demand an immediate refund of £85. My account number is linked to NI EK676672F.
INT-2026-01895,CUST-18751,06/04/2026 20:01,Web Chat,VIP,East of England,AGT-292,Why did my direct debit fail yesterday? I was charged a £25 penalty fee unfairly.
INT-2026-02875,CUST-95462,07/04/2026 07:41,web_chat,Standard,West Midlands,AGT-954,I would like to update my billing address to FK3 8PL.
INT-2026-03433,CUST-89788,09/01/2026 18:06,call_transcript,VIP,Wales,AGT-184,You have failed to address my issue for 3 weeks. I am filing an official grievance and taking this further to legal counsel.
INT-2026-01233,CUST-44865,20/01/2026 10:48,webchat,Standard,Greater London,AGT-557,Can you send me a copy of my latest VAT invoice for last month?
INT-2026-01653,,04/03/2026 13:22,email,Small Business,Scotland,AGT-732,What are your customer support opening hours over the bank holiday weekend?
INT-2026-02946,,21/03/2026 19:14,webchat,Small Business,North West,AGT-883,How do I update my password on the online customer portal?
INT-2026-02000,CUST-69179,15/03/2026 07:28,Web Chat,Enterprise,West Midlands,AGT-393,How do I update my password on the online customer portal?
INT-2026-04550,CUST-68284,30/01/2026 10:08,email,Small Business,North West,AGT-385,Can someone explain the difference between the standard and enterprise tier plans?
INT-2026-02701,CUST-16563,08/04/2026 14:20,call_transcript,Standard,North West,AGT-703,Can someone explain the difference between the standard and enterprise tier plans?
INT-2026-04832,CUST-14070,06/02/2026 16:10,E-Mail,Enterprise,Wales,AGT-622,I'm experiencing severe financial hardship following a bereavement. I live at HG1W 0HU and need urgent payment assistance.
INT-2026-00274,CUST-93563,20/04/2026 04:39,call_transcript,Standard,Wales,AGT-328,I would like to update my billing address to WS4W 1WQ.
INT-2026-02768,CUST-17227,31/03/2026 05:50,Call Transcript,,East of England,AGT-209,Why did my direct debit fail yesterday? I was charged a £25 penalty fee unfairly.
INT-2026-01325,CUST-70784,02/02/2026 12:30,Call Transcript,Standard,East of England,AGT-151,I would like to update my billing address to EH2R 8XX.
INT-2026-04434,CUST-57395,16/01/2026 12:40,E-Mail,Standard,Wales,AGT-769,Unacceptable service! Your agent was extremely rude. I demand an immediate refund of £85. My account number is linked to NI UC406943W.
INT-2026-03304,CUST-43855,22/04/2026 08:25,webchat,Enterprise,Wales,AGT-591,Can you send me a copy of my latest VAT invoice for last month?
INT-2026-04411,CUST-92757,18/03/2026 15:03,Email,Small Business,Scotland,AGT-987,Why did my direct debit fail yesterday? I was charged a £25 penalty fee unfairly.
INT-2026-02910,CUST-71711,07/02/2026 05:07,web_chat,Small Business,East of England,AGT-911,I would like to update my billing address to W90 7NA.
INT-2026-00278,CUST-79515,26/03/2026 01:02,call_transcript,VIP,East of England,AGT-692,Unacceptable service! Your agent was extremely rude. I demand an immediate refund of £85. My account number is linked to NI TW105265A.
INT-2026-03211,CUST-88424,12/05/2026 06:13,EMAIL,Small Business,Scotland,AGT-100,Can someone explain the difference between the standard and enterprise tier plans?
INT-2026-03896,CUST-92652,25/05/2026 16:30,E-Mail,Enterprise,Wales,AGT-127,"This is a formal complaint regarding my overcharged invoice. If you do not resolve this today, I will escalate to the Financial Ombudsman and FCA immediately. My postcode is S1U 7RG."
INT-2026-01391,CUST-51312,03/02/2026 16:51,Email,VIP,North West,AGT-852,I was double billed for my monthly subscription on card 2528458487494006. Please process a refund.
INT-2026-02538,CUST-96786,13/05/2026 10:15,Email,Small Business,West Midlands,AGT-778,You have failed to address my issue for 3 weeks. I am filing an official grievance and taking this further to legal counsel.
INT-2026-04814,CUST-24541,28/03/2026 11:44,EMAIL,Small Business,Greater London,AGT-250,Your company has breached GDPR by sending emails to the wrong recipient. I am reporting this to the Information Commissioner's Office (ICO).
INT-2026-00662,CUST-47940,28/05/2026 18:03,EMAIL,Enterprise,Wales,AGT-217,What are your customer support opening hours over the bank holiday weekend?
INT-2026-02251,CUST-68329,17/03/2026 20:13,E-Mail,Standard,Yorkshire & Humber,AGT-432,Can someone explain the difference between the standard and enterprise tier plans?
INT-2026-01337,CUST-69456,16/03/2026 19:48,email,VIP,West Midlands,AGT-321,What are your customer support opening hours over the bank holiday weekend?
INT-2026-03596,CUST-16332,27/02/2026 14:59,Web Chat,Standard,East of England,AGT-986,"This is a formal complaint regarding my overcharged invoice. If you do not resolve this today, I will escalate to the Financial Ombudsman and FCA immediately. My postcode is W2F 5QA."
INT-2026-04232,CUST-25225,06/04/2026 10:54,Email,VIP,Greater London,AGT-972,Why did my direct debit fail yesterday? I was charged a £25 penalty fee unfairly.
INT-2026-01338,CUST-95792,21/02/2026 18:14,web_chat,Standard,Yorkshire & Humber,AGT-852,Can you send me a copy of my latest VAT invoice for last month?
INT-2026-00942,CUST-89900,25/04/2026 01:42,web_chat,VIP,East of England,AGT-299,Unacceptable service! Your agent was extremely rude. I demand an immediate refund of £85. My account number is linked to NI KV995505U.
INT-2026-00784,CUST-70752,15/06/2026 11:22,CALL,VIP,North West,AGT-115,Your company has breached GDPR by sending emails to the wrong recipient. I am reporting this to the Information Commissioner's Office (ICO). [DUPLICATE SUBMISSION]
INT-2026-02507,CUST-36935,20/02/2026 01:35,web_chat,Standard,East of England,AGT-240,I lost my job last month and I simply cannot afford my direct debit payment of £150. My NI number is MX628591Z. Please help me reduce my bill.
INT-2026-02136,CUST-32276,1769399825,CALL,Small Business,Yorkshire & Humber,AGT-686,???
INT-2026-02685,CUST-76266,27/01/2026 22:34,webchat,Standard,East of England,AGT-205,I am currently in hospital due to severe illness and my pension payment hasn't come through. Please call me back on +441314960137.
INT-2026-03443,,02/01/2026 10:31,web_chat,Standard,Scotland,AGT-656,Unacceptable service! Your agent was extremely rude. I demand an immediate refund of £85. My account number is linked to NI OM316974Q.
INT-2026-00806,CUST-15027,03/03/2026 15:47,call_transcript,Standard,North West,AGT-240,Why did my direct debit fail yesterday? I was charged a £25 penalty fee unfairly.
INT-2026-04838,CUST-55458,13/01/2026 21:43,web_chat,Standard,North West,AGT-491,I would like to update my billing address to N8 6YQ.
INT-2026-02876,CUST-53642,20/02/2026 23:18,Web Chat,Enterprise,East of England,AGT-775,Can you send me a copy of my latest VAT invoice for last month?
INT-2026-03316,CUST-51884,16/02/2026 01:13,web_chat,VIP,Yorkshire & Humber,AGT-117,I'm experiencing severe financial hardship following a bereavement. I live at SS1 7WA and need urgent payment assistance.
INT-2026-02265,CUST-32620,31/01/2026 10:51,EMAIL,VIP,Wales,AGT-269,Can you send me a copy of my latest VAT invoice for last month?
INT-2026-01285,CUST-87526,02/04/2026 03:43,CALL,VIP,Scotland,AGT-529,I was double billed for my monthly subscription on card 180036782816892. Please process a refund.
INT-2026-04457,CUST-28701,20/03/2026 10:36,E-Mail,VIP,East of England,AGT-448,I would like to update my billing address to E3C 8LQ.
INT-2026-03818,CUST-54408,1767622184,E-Mail,Enterprise,East of England,AGT-792,   
INT-2026-03998,CUST-44073,02/01/2026 01:21,Call Transcript,VIP,North West,AGT-761,What are your customer support opening hours over the bank holiday weekend?
INT-2026-04254,CUST-64884,15/01/2026 10:02,email,Small Business,North West,AGT-492,Can someone explain the difference between the standard and enterprise tier plans?
INT-2026-01249,CUST-75773,26/03/2026 15:28,Email,Small Business,Yorkshire & Humber,AGT-689,I lost my job last month and I simply cannot afford my direct debit payment of £150. My NI number is XH207216L. Please help me reduce my bill.
INT-2026-03973,CUST-92406,02/03/2026 15:08,web_chat,Enterprise,East of England,AGT-735,I would like to update my billing address to M1 7RG.
INT-2026-03787,CUST-85787,16/03/2026 09:06,call_transcript,Enterprise,North West,AGT-361,What are your customer support opening hours over the bank holiday weekend?
INT-2026-03091,CUST-74322,04/05/2026 07:03,EMAIL,Small Business,Greater London,AGT-460,Can someone explain the difference between the standard and enterprise tier plans?
INT-2026-01697,,12/04/2026 21:44,EMAIL,Enterprise,East of England,AGT-941,Please delete all my data and process my Subject Access Request under UK GDPR rules immediately. Contact me at hamiltonmolly@example.org.
INT-2026-00213,CUST-58270,07/02/2026 22:44,Call Transcript,Small Business,Greater London,AGT-338,Can you send me a copy of my latest VAT invoice for last month?
INT-2026-01347,CUST-84261,13/02/2026 21:15,Call Transcript,Standard,Scotland,AGT-643,What are your customer support opening hours over the bank holiday weekend?
INT-2026-02323,,01/05/2026 06:09,call_transcript,Enterprise,Wales,AGT-157,
INT-2026-00418,CUST-60222,21/05/2026 23:24,Call Transcript,Enterprise,Wales,AGT-939,I am currently in hospital due to severe illness and my pension payment hasn't come through. Please call me back on 0151 4960453.
INT-2026-01339,CUST-91628,05/05/2026 04:08,email,Small Business,West Midlands,AGT-325,You have failed to address my issue for 3 weeks. I am filing an official grievance and taking this further to legal counsel.
INT-2026-04069,CUST-74443,11/01/2026 03:47,call_transcript,VIP,North West,AGT-790,How do I update my password on the online customer portal?
INT-2026-04360,CUST-77281,07/04/2026 00:11,,Enterprise,Scotland,AGT-982,You have failed to address my issue for 3 weeks. I am filing an official grievance and taking this further to legal counsel.
INT-2026-00532,CUST-39372,10/03/2026 23:32,web_chat,Standard,East of England,AGT-151,Can someone explain the difference between the standard and enterprise tier plans?
INT-2026-04171,CUST-38004,28/02/2026 03:00,CALL,Small Business,Scotland,AGT-857,Can someone explain the difference between the standard and enterprise tier plans?
INT-2026-04191,CUST-25236,18/02/2026 19:19,Email,Small Business,North West,AGT-806,Why did my direct debit fail yesterday? I was charged a £25 penalty fee unfairly.
INT-2026-02241,CUST-10682,06/02/2026 05:10,Call Transcript,VIP,East of England,AGT-482,I was double billed for my monthly subscription on card 4873178529764284683. Please process a refund.
INT-2026-00467,CUST-99780,14/05/2026 02:23,Web Chat,VIP,Greater London,AGT-240,I was double billed for my monthly subscription on card 213189848416040. Please process a refund.
INT-2026-00814,CUST-59005,1776502581,E-Mail,Standard,Yorkshire & Humber,AGT-507,How do I update my password on the online customer portal?
INT-2026-04119,CUST-48493,15/04/2026 16:58,Email,Standard,Scotland,AGT-861,I am issuing a formal right to be forgotten request. Erase all personal records linked to my phone number +44131 4960133.
INT-2026-04781,CUST-72765,05/05/2026 14:24,E-Mail,Standard,Wales,AGT-802,What are your customer support opening hours over the bank holiday weekend?
INT-2026-02724,CUST-21832,17/05/2026 06:08,email,Small Business,North West,AGT-456,You have failed to address my issue for 3 weeks. I am filing an official grievance and taking this further to legal counsel.
INT-2026-02905,CUST-60821,28/05/2026 16:20,email,Standard,West Midlands,AGT-153,What are your customer support opening hours over the bank holiday weekend?
INT-2026-01901,CUST-22328,21/05/2026 04:02,call_transcript,VIP,East of England,AGT-340,I was double billed for my monthly subscription on card 4215394406011. Please process a refund.
INT-2026-02171,CUST-57929,27/01/2026 16:07,web_chat,Small Business,Wales,AGT-809,Can someone explain the difference between the standard and enterprise tier plans?
INT-2026-03127,CUST-53737,25/02/2026 13:48,call_transcript,VIP,Wales,AGT-215,What are your customer support opening hours over the bank holiday weekend?
INT-2026-04560,CUST-95519,16/02/2026 15:06,CALL,,East of England,AGT-495,I am currently in hospital due to severe illness and my pension payment hasn't come through. Please call me back on +44118 4960383.
INT-2026-03722,CUST-87900,26/03/2026 10:29,EMAIL,Standard,Scotland,AGT-450,How do I update my password on the online customer portal?
INT-2026-03836,CUST-64232,11/05/2026 22:56,call_transcript,Small Business,North West,AGT-643,Your company has breached GDPR by sending emails to the wrong recipient. I am reporting this to the Information Commissioner's Office (ICO).
INT-2026-04038,CUST-23691,28/05/2026 00:45,call_transcript,Enterprise,Wales,AGT-904,My business went into administration. I cannot pay this invoice right now. Contact my legal representative at eweston@example.org.
INT-2026-00894,CUST-64234,25/04/2026 12:42,email,Enterprise,Yorkshire & Humber,AGT-643,How do I update my password on the online customer portal?
INT-2026-02981,CUST-38279,24/05/2026 02:28,Web Chat,VIP,North West,AGT-951,   
INT-2026-04586,CUST-81829,1767762277,email,Standard,Yorkshire & Humber,AGT-529,Can you send me a copy of my latest VAT invoice for last month?
INT-2026-02289,CUST-95579,1775109719,EMAIL,Standard,Greater London,AGT-778,Disgusted by this scam service. I demand to speak with a senior manager immediately regarding my direct debit failure.
INT-2026-00548,CUST-89391,09/04/2026 00:22,email,Enterprise,Greater London,AGT-919,Can someone explain the difference between the standard and enterprise tier plans?
INT-2026-00319,CUST-82036,24/04/2026 04:39,call_transcript,VIP,Scotland,AGT-513,I was double billed for my monthly subscription on card 4661449429658. Please process a refund.
INT-2026-02045,CUST-30768,27/04/2026 18:12,web_chat,Enterprise,East of England,AGT-688,???
INT-2026-01365,CUST-45083,29/05/2026 19:48,CALL,,East of England,AGT-193,I was double billed for my monthly subscription on card 30513407491857. Please process a refund.
INT-2026-01135,CUST-42638,20/05/2026 10:58,webchat,VIP,East of England,AGT-167,Disgusted by this scam service. I demand to speak with a senior manager immediately regarding my direct debit failure.
INT-2026-04684,CUST-19241,27/03/2026 17:48,Call Transcript,VIP,Yorkshire & Humber,AGT-151,I was double billed for my monthly subscription on card 4560919583731471. Please process a refund.
INT-2026-01067,CUST-38866,03/01/2026 08:27,Web Chat,VIP,Scotland,AGT-660,
INT-2026-01408,CUST-32661,26/05/2026 11:26,web_chat,VIP,Wales,AGT-545,Can you send me a copy of my latest VAT invoice for last month?
INT-2026-02393,CUST-18225,22/01/2026 23:26,web_chat,Standard,Greater London,AGT-447,I am issuing a formal right to be forgotten request. Erase all personal records linked to my phone number (0306) 9990726.
INT-2026-04238,CUST-25818,20/01/2026 07:21,,Enterprise,East of England,AGT-798,I would like to update my billing address to M7 8HX.
INT-2026-02227,CUST-27864,30/01/2026 21:03,E-Mail,Standard,Wales,AGT-216,You have failed to address my issue for 3 weeks. I am filing an official grievance and taking this further to legal counsel.
INT-2026-00995,CUST-40005,16/02/2026 00:35,CALL,Enterprise,Yorkshire & Humber,AGT-197,Why did my direct debit fail yesterday? I was charged a £25 penalty fee unfairly.
INT-2026-04468,CUST-99096,16/05/2026 14:26,Web Chat,Standard,West Midlands,AGT-125,Can you send me a copy of my latest VAT invoice for last month?
INT-2026-02139,CUST-23960,31/01/2026 21:43,web_chat,Small Business,Scotland,AGT-821,Can you send me a copy of my latest VAT invoice for last month?
INT-2026-01767,,04/03/2026 18:02,call_transcript,Enterprise,East of England,AGT-886,I'm experiencing severe financial hardship following a bereavement. I live at WV3A 7RB and need urgent payment assistance.
INT-2026-02235,CUST-75002,11/03/2026 12:53,email,Small Business,Wales,AGT-864,Disgusted by this scam service. I demand to speak with a senior manager immediately regarding my direct debit failure.
INT-2026-04150,CUST-68046,24/05/2026 03:17,EMAIL,Standard,Wales,AGT-172,I was double billed for my monthly subscription on card 6011663007827347. Please process a refund.
INT-2026-04475,CUST-43535,17/05/2026 06:21,E-Mail,VIP,Greater London,AGT-413,Why did my direct debit fail yesterday? I was charged a £25 penalty fee unfairly.
INT-2026-02151,CUST-32328,16/03/2026 21:01,email,Small Business,Wales,AGT-463,"<html><body><p>Hello support team, I need help logging in.</p></body></html>"
INT-2026-01994,CUST-45401,14/02/2026 18:07,E-Mail,Standard,West Midlands,AGT-294,My business went into administration. I cannot pay this invoice right now. Contact my legal representative at denise53@example.com.
INT-2026-00825,CUST-72111,22/03/2026 20:06,,,East of England,AGT-292,"This is a formal complaint regarding my overcharged invoice. If you do not resolve this today, I will escalate to the Financial Ombudsman and FCA immediately. My postcode is WR33 4TW."
INT-2026-01625,CUST-89731,03/05/2026 07:25,Call Transcript,Enterprise,Greater London,AGT-594,What are your customer support opening hours over the bank holiday weekend?
INT-2026-00151,CUST-96742,07/05/2026 21:41,email,VIP,East of England,AGT-328,How do I update my password on the online customer portal?
INT-2026-00257,CUST-63633,28/01/2026 19:28,Call Transcript,VIP,West Midlands,AGT-749,My business went into administration. I cannot pay this invoice right now. Contact my legal representative at cmartin@example.org.
INT-2026-03923,CUST-32087,1776412029,Web Chat,VIP,Wales,AGT-906,What are your customer support opening hours over the bank holiday weekend?
INT-2026-00398,CUST-30643,01/05/2026 23:08,Email,Enterprise,North West,AGT-821,What are your customer support opening hours over the bank holiday weekend?
INT-2026-03423,CUST-24119,21/02/2026 15:57,web_chat,VIP,Yorkshire & Humber,AGT-183,Can someone explain the difference between the standard and enterprise tier plans?
INT-2026-02416,CUST-20685,31/03/2026 03:41,web_chat,Small Business,West Midlands,AGT-732,I was double billed for my monthly subscription on card 2369115340524260. Please process a refund.
INT-2026-03342,CUST-63474,12/02/2026 20:19,Web Chat,VIP,Scotland,AGT-172,Your company has breached GDPR by sending emails to the wrong recipient. I am reporting this to the Information Commissioner's Office (ICO).
INT-2026-00617,CUST-65436,19/02/2026 02:27,webchat,Enterprise,East of England,AGT-521,How do I update my password on the online customer portal?
INT-2026-01012,CUST-94642,25/05/2026 01:15,webchat,Standard,West Midlands,AGT-888,I lost my job last month and I simply cannot afford my direct debit payment of £150. My NI number is HK695448D. Please help me reduce my bill.
INT-2026-03273,CUST-23976,21/01/2026 00:57,EMAIL,Enterprise,East of England,AGT-894,Why did my direct debit fail yesterday? I was charged a £25 penalty fee unfairly.
INT-2026-02628,CUST-96705,31/01/2026 04:46,email,VIP,Wales,AGT-419,Can someone explain the difference between the standard and enterprise tier plans?
INT-2026-01027,CUST-11349,12/05/2026 02:51,CALL,Small Business,West Midlands,AGT-813,Can you send me a copy of my latest VAT invoice for last month?
INT-2026-04105,CUST-20014,28/03/2026 18:30,Web Chat,Enterprise,Greater London,AGT-640,Can you send me a copy of my latest VAT invoice for last month?
INT-2026-04049,CUST-73411,22/04/2026 00:22,email,Standard,East of England,AGT-635,How do I update my password on the online customer portal?
INT-2026-00799,CUST-92684,26/02/2026 04:11,webchat,Standard,North West,AGT-107,I was double billed for my monthly subscription on card 371927671377187. Please process a refund.
INT-2026-00685,CUST-26716,10/03/2026 11:16,webchat,Enterprise,North West,AGT-921,What are your customer support opening hours over the bank holiday weekend?
INT-2026-04806,CUST-35696,31/03/2026 00:01,email,Enterprise,Wales,AGT-365,Why did my direct debit fail yesterday? I was charged a £25 penalty fee unfairly.
INT-2026-04758,CUST-76525,1779988595,webchat,VIP,Yorkshire & Humber,AGT-851,I would like to update my billing address to TA7M 1TE.
INT-2026-03951,,28/05/2026 05:14,E-Mail,VIP,West Midlands,AGT-472,My business went into administration. I cannot pay this invoice right now. Contact my legal representative at naomiclark@example.net.
INT-2026-00931,CUST-81732,27/05/2026 06:43,webchat,Enterprise,West Midlands,AGT-731,Why did my direct debit fail yesterday? I was charged a £25 penalty fee unfairly.
INT-2026-04734,CUST-71997,25/05/2026 08:00,CALL,Enterprise,Scotland,AGT-445,I lost my job last month and I simply cannot afford my direct debit payment of £150. My NI number is DP625237H. Please help me reduce my bill.
INT-2026-03447,,05/05/2026 23:10,EMAIL,VIP,East of England,AGT-369,You have failed to address my issue for 3 weeks. I am filing an official grievance and taking this further to legal counsel.
INT-2026-01481,CUST-24543,14/01/2026 06:46,call_transcript,VIP,Scotland,AGT-155,SELECT * FROM users WHERE customer_id = 'CUST-101' OR 1=1;
INT-2026-02693,CUST-83757,23/04/2026 16:51,Web Chat,Enterprise,Scotland,AGT-591,Can someone explain the difference between the standard and enterprise tier plans?
INT-2026-03522,CUST-84183,31/01/2026 20:28,Web Chat,Standard,Yorkshire & Humber,AGT-511,I was double billed for my monthly subscription on card 2574118428773826. Please process a refund.
INT-2026-03872,CUST-55369,13/01/2026 08:46,email,VIP,East of England,AGT-730,I was double billed for my monthly subscription on card 6514989850234899. Please process a refund.
INT-2026-00647,CUST-42440,14/04/2026 04:49,EMAIL,Enterprise,West Midlands,AGT-896,Please delete all my data and process my Subject Access Request under UK GDPR rules immediately. Contact me at hayley71@example.net.
INT-2026-04375,CUST-12476,24/02/2026 00:15,Web Chat,VIP,North West,AGT-867,My business went into administration. I cannot pay this invoice right now. Contact my legal representative at phillipshoward@example.org.
INT-2026-03208,CUST-48930,04/03/2026 19:51,E-Mail,Standard,East of England,AGT-388,I would like to update my billing address to E3C 6UR.
INT-2026-02832,CUST-97350,07/03/2026 05:51,web_chat,VIP,East of England,AGT-659,I am issuing a formal right to be forgotten request. Erase all personal records linked to my phone number 0161 4960305.
INT-2026-02440,CUST-56782,26/05/2026 01:18,Call Transcript,VIP,West Midlands,AGT-654,Unacceptable service! Your agent was extremely rude. I demand an immediate refund of £85. My account number is linked to NI NQ054846U.
INT-2026-04589,CUST-45401,21/02/2026 02:20,CALL,Small Business,East of England,AGT-650,I would like to update my billing address to AB0H 7SZ.
INT-2026-01140,CUST-18064,08/01/2026 06:57,web_chat,VIP,North West,AGT-313,ok thanks
INT-2026-01975,CUST-27830,26/05/2026 12:23,web_chat,Standard,Greater London,AGT-713,I would like to update my billing address to IM7V 8TJ.
INT-2026-02668,CUST-96089,25/03/2026 23:52,Web Chat,Standard,West Midlands,AGT-174,SELECT * FROM users WHERE customer_id = 'CUST-101' OR 1=1;
INT-2026-03614,CUST-91617,29/04/2026 22:09,web_chat,Small Business,West Midlands,AGT-563,I am currently in hospital due to severe illness and my pension payment hasn't come through. Please call me back on +44(0)29 2018969.
INT-2026-03332,,30/05/2026 19:02,Email,Standard,East of England,AGT-803,I'm experiencing severe financial hardship following a bereavement. I live at M7 3FU and need urgent payment assistance.
INT-2026-02871,CUST-75793,15/01/2026 06:36,E-Mail,Standard,Scotland,AGT-516,   
INT-2026-01417,CUST-39771,10/02/2026 03:48,call_transcript,VIP,North West,AGT-934,Can you send me a copy of my latest VAT invoice for last month?
INT-2026-03195,CUST-54679,03/03/2026 01:53,web_chat,Enterprise,Greater London,AGT-152,Why did my direct debit fail yesterday? I was charged a £25 penalty fee unfairly.
INT-2026-03677,CUST-54622,29/05/2026 09:11,Web Chat,Enterprise,East of England,AGT-528,Can someone explain the difference between the standard and enterprise tier plans?
INT-2026-01718,CUST-87117,01/04/2026 14:18,call_transcript,Standard,West Midlands,AGT-114,I was double billed for my monthly subscription on card 30521455447226. Please process a refund.
INT-2026-03994,CUST-62732,19/02/2026 20:35,email,Enterprise,Scotland,AGT-703,Why did my direct debit fail yesterday? I was charged a £25 penalty fee unfairly.
INT-2026-00149,CUST-83242,,Web Chat,Standard,East of England,AGT-323,Why did my direct debit fail yesterday? I was charged a £25 penalty fee unfairly.
INT-2026-04735,CUST-56668,06/05/2026 13:45,E-Mail,Enterprise,Yorkshire & Humber,AGT-438,Why did my direct debit fail yesterday? I was charged a £25 penalty fee unfairly.
INT-2026-04713,CUST-89855,09/05/2026 20:08,webchat,Small Business,West Midlands,AGT-667,I was double billed for my monthly subscription on card 4181721602766416. Please process a refund.
INT-2026-00455,CUST-97340,16/02/2026 04:43,email,Enterprise,North West,AGT-310,Why did my direct debit fail yesterday? I was charged a £25 penalty fee unfairly.
INT-2026-02816,CUST-36001,23/01/2026 07:47,web_chat,VIP,East of England,AGT-322,I would like to update my billing address to N71 1FG.
INT-2026-02105,CUST-29953,25/05/2026 21:46,E-Mail,Enterprise,East of England,AGT-349,What are your customer support opening hours over the bank holiday weekend?
INT-2026-01671,CUST-85226,17/01/2026 05:56,webchat,Enterprise,East of England,AGT-560,Can someone explain the difference between the standard and enterprise tier plans?
INT-2026-01819,CUST-91758,05/01/2026 03:02,Call Transcript,Standard,West Midlands,AGT-604,How do I update my password on the online customer portal?
INT-2026-03235,CUST-12323,08/03/2026 07:22,Web Chat,Small Business,Greater London,AGT-314,Can someone explain the difference between the standard and enterprise tier plans?
INT-2026-03291,CUST-58969,,webchat,Enterprise,Scotland,AGT-937,
INT-2026-02888,CUST-82689,06/02/2026 18:43,E-Mail,Standard,Yorkshire & Humber,AGT-116,My business went into administration. I cannot pay this invoice right now. Contact my legal representative at ebirch@example.com.
INT-2026-02577,CUST-55317,10/02/2026 07:55,EMAIL,Standard,Scotland,AGT-261,Can you send me a copy of my latest VAT invoice for last month?
INT-2026-02721,CUST-10990,02/02/2026 06:29,E-Mail,Small Business,Greater London,AGT-486,My business went into administration. I cannot pay this invoice right now. Contact my legal representative at pamelakelly@example.net.
INT-2026-04477,CUST-88036,14/02/2026 01:25,call_transcript,Standard,Greater London,AGT-428,Can you send me a copy of my latest VAT invoice for last month?
INT-2026-03022,CUST-44456,01/01/2026 20:25,E-Mail,Standard,Wales,AGT-221,I would like to update my billing address to E49 6DN.
INT-2026-03568,CUST-99229,15/02/2026 08:53,E-Mail,VIP,North West,AGT-196,Unacceptable service! Your agent was extremely rude. I demand an immediate refund of £85. My account number is linked to NI RJ808484A.
INT-2026-03048,CUST-68854,27/01/2026 23:23,webchat,Small Business,West Midlands,AGT-746,You have failed to address my issue for 3 weeks. I am filing an official grievance and taking this further to legal counsel.
INT-2026-02421,CUST-52711,23/03/2026 17:56,email,Small Business,East of England,AGT-158,You have failed to address my issue for 3 weeks. I am filing an official grievance and taking this further to legal counsel.
INT-2026-02754,CUST-88959,30/03/2026 09:50,Web Chat,Small Business,Wales,AGT-574,I lost my job last month and I simply cannot afford my direct debit payment of £150. My NI number is BR028734U. Please help me reduce my bill.
INT-2026-00595,CUST-74350,08/01/2026 14:08,CALL,Enterprise,Scotland,AGT-727,What are your customer support opening hours over the bank holiday weekend?
INT-2026-02940,CUST-26239,24/03/2026 09:09,EMAIL,Standard,Yorkshire & Humber,AGT-106,What are your customer support opening hours over the bank holiday weekend?
INT-2026-02602,CUST-20063,1775633908,EMAIL,Standard,West Midlands,AGT-255,Unacceptable service! Your agent was extremely rude. I demand an immediate refund of £85. My account number is linked to NI NA236739B.
INT-2026-04473,CUST-74760,29/04/2026 22:09,CALL,Small Business,Scotland,AGT-464,I was double billed for my monthly subscription on card 30148541374584. Please process a refund.
INT-2026-00056,CUST-75597,16/01/2026 14:53,Call Transcript,Standard,Greater London,AGT-334,   
INT-2026-04458,,21/01/2026 22:40,E-Mail,VIP,Wales,AGT-385,Disgusted by this scam service. I demand to speak with a senior manager immediately regarding my direct debit failure.
INT-2026-01065,,31/03/2026 09:06,CALL,Standard,Scotland,AGT-876,Can you send me a copy of my latest VAT invoice for last month?
INT-2026-01928,CUST-43259,27/05/2026 06:20,Email,Enterprise,Greater London,AGT-371,How do I update my password on the online customer portal?
INT-2026-04308,CUST-68694,06/01/2026 05:46,web_chat,VIP,Scotland,AGT-185,Can someone explain the difference between the standard and enterprise tier plans?
INT-2026-03612,CUST-79460,20/03/2026 11:01,,Enterprise,West Midlands,AGT-210,I am currently in hospital due to severe illness and my pension payment hasn't come through. Please call me back on +44116 496 0469.
INT-2026-02322,CUST-57700,26/01/2026 15:48,Call Transcript,VIP,North West,AGT-448,Disgusted by this scam service. I demand to speak with a senior manager immediately regarding my direct debit failure.
INT-2026-03762,CUST-70860,05/03/2026 13:39,E-Mail,Enterprise,West Midlands,AGT-703,You have failed to address my issue for 3 weeks. I am filing an official grievance and taking this further to legal counsel.
INT-2026-01861,CUST-23101,24/02/2026 10:44,E-Mail,Standard,West Midlands,AGT-614,Please delete all my data and process my Subject Access Request under UK GDPR rules immediately. Contact me at stokesdamien@example.com.
INT-2026-04447,CUST-70034,21/04/2026 22:40,webchat,VIP,Wales,AGT-849,Please delete all my data and process my Subject Access Request under UK GDPR rules immediately. Contact me at hayley83@example.net.
INT-2026-01059,CUST-47644,12/05/2026 13:29,Call Transcript,Small Business,East of England,AGT-632,Can you send me a copy of my latest VAT invoice for last month?
INT-2026-00513,CUST-37839,13/04/2026 03:24,Email,Small Business,East of England,AGT-196,How do I update my password on the online customer portal?
INT-2026-03041,CUST-10574,21/05/2026 20:44,web_chat,Standard,Wales,AGT-917,What are your customer support opening hours over the bank holiday weekend?
INT-2026-03673,CUST-92056,16/03/2026 10:38,EMAIL,Enterprise,West Midlands,AGT-647,Can someone explain the difference between the standard and enterprise tier plans?
INT-2026-03034,CUST-13178,17/04/2026 01:48,E-Mail,Standard,Wales,AGT-611,Can someone explain the difference between the standard and enterprise tier plans?
INT-2026-00212,CUST-16019,01/04/2026 07:29,EMAIL,Small Business,Greater London,AGT-477,You have failed to address my issue for 3 weeks. I am filing an official grievance and taking this further to legal counsel.
INT-2026-00732,CUST-59008,06/01/2026 16:29,EMAIL,Small Business,North West,AGT-274,I'm experiencing severe financial hardship following a bereavement. I live at DA10 8DX and need urgent payment assistance.
INT-2026-01639,CUST-61879,14/03/2026 00:49,Email,Small Business,West Midlands,AGT-957,
INT-2026-04207,CUST-71344,29/04/2026 15:22,call_transcript,Small Business,East of England,AGT-291,I was double billed for my monthly subscription on card 5434693516852008. Please process a refund.
INT-2026-00793,CUST-80643,10/01/2026 23:41,call_transcript,VIP,Wales,AGT-689,Please delete all my data and process my Subject Access Request under UK GDPR rules immediately. Contact me at angela67@example.org.
INT-2026-03456,,13/04/2026 08:14,CALL,Standard,West Midlands,AGT-605,I was double billed for my monthly subscription on card 38539393003440. Please process a refund.
INT-2026-04513,CUST-93270,22/02/2026 10:03,Call Transcript,Small Business,Greater London,AGT-342,What are your customer support opening hours over the bank holiday weekend?
INT-2026-04850,CUST-14194,15/01/2026 09:41,email,,Scotland,AGT-458,I would like to update my billing address to FK5 8JQ.
INT-2026-02731,CUST-46868,26/03/2026 02:25,EMAIL,Standard,North West,AGT-197,I lost my job last month and I simply cannot afford my direct debit payment of £150. My NI number is ZP474622Z. Please help me reduce my bill.
INT-2026-00442,CUST-71018,28/05/2026 15:26,email,VIP,Yorkshire & Humber,AGT-666,How do I update my password on the online customer portal?
INT-2026-02696,CUST-30215,22/03/2026 14:21,Email,Standard,East of England,AGT-643,Why did my direct debit fail yesterday? I was charged a £25 penalty fee unfairly.
INT-2026-03044,CUST-53834,27/03/2026 05:01,E-Mail,Small Business,Greater London,AGT-394,"<html><body><p>Hello support team, I need help logging in.</p></body></html>"
INT-2026-02588,CUST-51258,18/03/2026 17:35,CALL,VIP,North West,AGT-230,Your company has breached GDPR by sending emails to the wrong recipient. I am reporting this to the Information Commissioner's Office (ICO).
INT-2026-04749,CUST-48502,24/01/2026 08:27,Call Transcript,Small Business,Greater London,AGT-431,
INT-2026-00677,CUST-84666,15/06/2026 11:22,email,VIP,Greater London,AGT-246,I am currently in hospital due to severe illness and my pension payment hasn't come through. Please call me back on +44(0)1184960190. [DUPLICATE SUBMISSION]
INT-2026-03788,CUST-53702,02/02/2026 18:46,EMAIL,Small Business,North West,AGT-758,"<html><body><p>Hello support team, I need help logging in.</p></body></html>"
INT-2026-00316,CUST-71822,18/01/2026 02:45,webchat,Small Business,Scotland,AGT-728,I would like to update my billing address to G21 4PT.
INT-2026-01034,CUST-51881,11/02/2026 11:15,Call Transcript,Small Business,Yorkshire & Humber,AGT-748,How do I update my password on the online customer portal?
INT-2026-04015,CUST-45523,24/02/2026 01:36,Web Chat,Enterprise,Wales,AGT-780,Can you send me a copy of my latest VAT invoice for last month?
INT-2026-04706,CUST-27055,05/05/2026 21:01,email,Enterprise,West Midlands,AGT-194,Can someone explain the difference between the standard and enterprise tier plans?
INT-2026-03795,CUST-31154,1780007316,,VIP,West Midlands,AGT-987,I would like to update my billing address to SR87 7UF.
INT-2026-00325,CUST-51342,23/02/2026 08:20,CALL,VIP,Wales,AGT-690,Disgusted by this scam service. I demand to speak with a senior manager immediately regarding my direct debit failure.
INT-2026-01851,CUST-87370,10/05/2026 12:13,web_chat,Standard,Scotland,AGT-241,I am issuing a formal right to be forgotten request. Erase all personal records linked to my phone number 01914960892.
INT-2026-01692,CUST-21562,20/01/2026 08:57,call_transcript,Small Business,Wales,AGT-771,How do I update my password on the online customer portal?
INT-2026-02004,CUST-48152,09/01/2026 23:21,Call Transcript,Small Business,Scotland,AGT-211,SELECT * FROM users WHERE customer_id = 'CUST-101' OR 1=1;
INT-2026-01921,CUST-63373,11/05/2026 07:53,Email,,Wales,AGT-186,I lost my job last month and I simply cannot afford my direct debit payment of £150. My NI number is AA888876T. Please help me reduce my bill.
INT-2026-02681,CUST-55337,01/01/2026 20:38,webchat,Enterprise,Scotland,AGT-581,You have failed to address my issue for 3 weeks. I am filing an official grievance and taking this further to legal counsel.
INT-2026-00420,CUST-79501,19/01/2026 21:45,Email,Enterprise,West Midlands,AGT-376,"This is a formal complaint regarding my overcharged invoice. If you do not resolve this today, I will escalate to the Financial Ombudsman and FCA immediately. My postcode is M84 3UZ."
INT-2026-00131,CUST-99181,19/01/2026 18:34,email,VIP,North West,AGT-716,Can you send me a copy of my latest VAT invoice for last month?
INT-2026-04204,CUST-38199,11/05/2026 04:01,call_transcript,Enterprise,Scotland,AGT-170,
INT-2026-02232,CUST-22333,15/02/2026 08:12,email,Enterprise,East of England,AGT-812,???
INT-2026-03514,CUST-69382,01/01/2026 05:38,web_chat,VIP,Yorkshire & Humber,AGT-965,I would like to update my billing address to L2 2JU.
INT-2026-01284,CUST-19676,06/05/2026 16:39,,VIP,West Midlands,AGT-101,I would like to update my billing address to BH72 0GT.
INT-2026-00904,CUST-51534,18/01/2026 15:06,E-Mail,Small Business,Greater London,AGT-107,I was double billed for my monthly subscription on card 30416279636510. Please process a refund.
INT-2026-01120,CUST-39573,23/01/2026 21:20,Email,Enterprise,Wales,AGT-803,Can you send me a copy of my latest VAT invoice for last month?
INT-2026-01771,CUST-90330,22/02/2026 07:16,Web Chat,Enterprise,Wales,AGT-997,I would like to update my billing address to HU4X 2RJ.
INT-2026-02780,CUST-62319,05/01/2026 20:18,webchat,Enterprise,Greater London,AGT-594,Can someone explain the difference between the standard and enterprise tier plans?
INT-2026-02270,CUST-33068,12/01/2026 12:11,web_chat,Enterprise,Scotland,AGT-424,I was double billed for my monthly subscription on card 5101544751245733. Please process a refund.
INT-2026-04497,CUST-42477,10/05/2026 09:42,E-Mail,VIP,Wales,AGT-532,Unacceptable service! Your agent was extremely rude. I demand an immediate refund of £85. My account number is linked to NI PJ119658N.
INT-2026-02441,CUST-75095,24/02/2026 18:55,Call Transcript,Enterprise,East of England,AGT-663,Your company has breached GDPR by sending emails to the wrong recipient. I am reporting this to the Information Commissioner's Office (ICO).
INT-2026-03221,CUST-61608,22/03/2026 10:10,EMAIL,Enterprise,Greater London,AGT-848,
INT-2026-02917,CUST-62272,18/04/2026 08:57,Call Transcript,Enterprise,North West,AGT-377,What are your customer support opening hours over the bank holiday weekend?
INT-2026-01700,CUST-68511,15/02/2026 01:45,email,Small Business,Yorkshire & Humber,AGT-398,Disgusted by this scam service. I demand to speak with a senior manager immediately regarding my direct debit failure.
INT-2026-00960,CUST-18834,14/03/2026 00:31,CALL,VIP,Wales,AGT-315,How do I update my password on the online customer portal?
INT-2026-01316,CUST-59147,01/01/2026 12:57,Email,Enterprise,West Midlands,AGT-108,You have failed to address my issue for 3 weeks. I am filing an official grievance and taking this further to legal counsel.
INT-2026-03095,CUST-76642,19/02/2026 16:53,email,Small Business,Yorkshire & Humber,AGT-803,Why did my direct debit fail yesterday? I was charged a £25 penalty fee unfairly.
INT-2026-03094,CUST-29492,,call_transcript,Small Business,Yorkshire & Humber,AGT-629,I am issuing a formal right to be forgotten request. Erase all personal records linked to my phone number +44(0)1314960562.
INT-2026-00642,CUST-33584,28/03/2026 20:15,,VIP,Greater London,AGT-675,"This is a formal complaint regarding my overcharged invoice. If you do not resolve this today, I will escalate to the Financial Ombudsman and FCA immediately. My postcode is WA12 3QA."
INT-2026-01865,CUST-24051,29/01/2026 13:25,webchat,VIP,Scotland,AGT-901,"<html><body><p>Hello support team, I need help logging in.</p></body></html>"
INT-2026-04095,CUST-62840,04/05/2026 01:50,web_chat,Standard,Greater London,AGT-955,Why did my direct debit fail yesterday? I was charged a £25 penalty fee unfairly.
INT-2026-02844,CUST-90225,21/02/2026 06:04,Web Chat,Small Business,North West,AGT-964,Why did my direct debit fail yesterday? I was charged a £25 penalty fee unfairly.
INT-2026-01507,CUST-99048,10/05/2026 17:56,Call Transcript,Small Business,East of England,AGT-928,I was double billed for my monthly subscription on card 4505415190937575. Please process a refund.
INT-2026-02542,CUST-37887,25/03/2026 17:21,EMAIL,VIP,West Midlands,AGT-352,???
INT-2026-03192,CUST-81948,22/05/2026 23:24,call_transcript,Standard,Yorkshire & Humber,AGT-945,Why did my direct debit fail yesterday? I was charged a £25 penalty fee unfairly.
INT-2026-02020,CUST-25344,,web_chat,Enterprise,North West,AGT-595,I'm experiencing severe financial hardship following a bereavement. I live at G4C 9ZU and need urgent payment assistance.
INT-2026-02574,CUST-11576,10/05/2026 23:02,EMAIL,VIP,Wales,AGT-990,Can you send me a copy of my latest VAT invoice for last month?
INT-2026-03238,CUST-90462,27/02/2026 20:11,email,Small Business,North West,AGT-750,My business went into administration. I cannot pay this invoice right now. Contact my legal representative at teresa12@example.org.
INT-2026-00623,CUST-97173,12/01/2026 02:45,CALL,,Wales,AGT-815,Why did my direct debit fail yesterday? I was charged a £25 penalty fee unfairly.
INT-2026-03648,CUST-54547,06/01/2026 02:56,Web Chat,Standard,West Midlands,AGT-751,I was double billed for my monthly subscription on card 4492850636068382057. Please process a refund.
INT-2026-01351,CUST-92483,27/03/2026 07:25,email,Enterprise,West Midlands,AGT-764,Why did my direct debit fail yesterday? I was charged a £25 penalty fee unfairly.
INT-2026-00382,CUST-29672,04/02/2026 17:34,email,Small Business,West Midlands,AGT-741,Unacceptable service! Your agent was extremely rude. I demand an immediate refund of £85. My account number is linked to NI XH828197N.
INT-2026-00249,CUST-98826,,webchat,Standard,Scotland,AGT-235,How do I update my password on the online customer portal?
INT-2026-03317,CUST-27721,1770519322,email,VIP,North West,AGT-442,I was double billed for my monthly subscription on card 4154194468816. Please process a refund.
INT-2026-02436,CUST-95679,08/02/2026 02:50,Email,Standard,West Midlands,AGT-964,Can someone explain the difference between the standard and enterprise tier plans?
INT-2026-03422,CUST-65054,17/05/2026 01:40,EMAIL,VIP,Scotland,AGT-100,Can someone explain the difference between the standard and enterprise tier plans?
INT-2026-01392,CUST-13806,10/01/2026 01:28,email,Standard,Greater London,AGT-565,What are your customer support opening hours over the bank holiday weekend?
INT-2026-01890,CUST-23547,29/04/2026 05:13,Web Chat,VIP,Yorkshire & Humber,AGT-973,How do I update my password on the online customer portal?
INT-2026-01784,CUST-82584,03/04/2026 14:00,web_chat,Standard,North West,AGT-235,"This is a formal complaint regarding my overcharged invoice. If you do not resolve this today, I will escalate to the Financial Ombudsman and FCA immediately. My postcode is LS3 8TX."
INT-2026-04185,CUST-77930,03/04/2026 02:04,call_transcript,VIP,Wales,AGT-735,I was double billed for my monthly subscription on card 180074801036218. Please process a refund.
INT-2026-02535,CUST-46657,05/01/2026 15:56,E-Mail,Enterprise,Yorkshire & Humber,AGT-817,I would like to update my billing address to M3 1SE.
INT-2026-01616,CUST-83927,,Web Chat,Small Business,West Midlands,AGT-255,Can someone explain the difference between the standard and enterprise tier plans?
INT-2026-01132,CUST-77067,13/03/2026 18:18,web_chat,Small Business,East of England,AGT-142,Why did my direct debit fail yesterday? I was charged a £25 penalty fee unfairly.
INT-2026-03464,CUST-17999,05/05/2026 15:38,Call Transcript,VIP,Greater London,AGT-120,I am currently in hospital due to severe illness and my pension payment hasn't come through. Please call me back on (0113) 496 0681.
INT-2026-01835,CUST-68660,18/03/2026 17:38,EMAIL,Standard,Scotland,AGT-398,Why did my direct debit fail yesterday? I was charged a £25 penalty fee unfairly.
INT-2026-02572,CUST-30922,13/04/2026 18:20,Web Chat,Enterprise,Greater London,AGT-878,   
INT-2026-01453,CUST-75056,12/04/2026 13:41,email,VIP,East of England,AGT-130,You have failed to address my issue for 3 weeks. I am filing an official grievance and taking this further to legal counsel.
INT-2026-02249,CUST-98690,24/02/2026 12:40,web_chat,Small Business,Greater London,AGT-109,"This is a formal complaint regarding my overcharged invoice. If you do not resolve this today, I will escalate to the Financial Ombudsman and FCA immediately. My postcode is IV5 3JP."
INT-2026-00084,CUST-64524,24/03/2026 20:51,web_chat,Small Business,Greater London,AGT-193,How do I update my password on the online customer portal?
INT-2026-03629,CUST-78683,23/05/2026 03:32,webchat,VIP,Yorkshire & Humber,AGT-863,Why did my direct debit fail yesterday? I was charged a £25 penalty fee unfairly.
INT-2026-04436,CUST-95215,28/05/2026 12:22,Call Transcript,Enterprise,East of England,AGT-368,Can someone explain the difference between the standard and enterprise tier plans?
INT-2026-03637,CUST-60803,26/01/2026 17:31,email,Enterprise,Wales,AGT-595,I would like to update my billing address to BL5E 2RH.
INT-2026-01185,CUST-58323,06/01/2026 19:20,Web Chat,Enterprise,East of England,AGT-567,Why did my direct debit fail yesterday? I was charged a £25 penalty fee unfairly.
INT-2026-00991,CUST-82001,05/04/2026 11:24,E-Mail,Small Business,East of England,AGT-161,Why did my direct debit fail yesterday? I was charged a £25 penalty fee unfairly.
INT-2026-01873,CUST-14132,14/05/2026 00:59,E-Mail,Small Business,North West,AGT-525,What are your customer support opening hours over the bank holiday weekend?
INT-2026-03424,CUST-88160,08/05/2026 18:15,CALL,Small Business,East of England,AGT-526,Your company has breached GDPR by sending emails to the wrong recipient. I am reporting this to the Information Commissioner's Office (ICO).
INT-2026-01026,CUST-92745,15/03/2026 18:14,Call Transcript,Enterprise,Yorkshire & Humber,AGT-895,Can someone explain the difference between the standard and enterprise tier plans?
INT-2026-04451,CUST-56786,02/02/2026 15:38,webchat,Enterprise,North West,AGT-285,What are your customer support opening hours over the bank holiday weekend?
INT-2026-03428,CUST-50404,15/06/2026 11:22,call_transcript,Standard,Wales,AGT-918,Your company has breached GDPR by sending emails to the wrong recipient. I am reporting this to the Information Commissioner's Office (ICO). [DUPLICATE SUBMISSION]
INT-2026-03817,,05/02/2026 09:46,Web Chat,Small Business,West Midlands,AGT-206,Your company has breached GDPR by sending emails to the wrong recipient. I am reporting this to the Information Commissioner's Office (ICO).
INT-2026-02090,CUST-28745,21/03/2026 11:02,Call Transcript,Standard,North West,AGT-368,I lost my job last month and I simply cannot afford my direct debit payment of £150. My NI number is HH291660R. Please help me reduce my bill.
INT-2026-03005,CUST-96235,21/03/2026 18:02,email,Enterprise,North West,AGT-360,I lost my job last month and I simply cannot afford my direct debit payment of £150. My NI number is MD978570G. Please help me reduce my bill.
INT-2026-02830,CUST-37806,09/04/2026 21:34,webchat,,Greater London,AGT-355,Can you send me a copy of my latest VAT invoice for last month?
INT-2026-02131,CUST-26894,10/02/2026 09:18,email,Small Business,North West,AGT-232,"This is a formal complaint regarding my overcharged invoice. If you do not resolve this today, I will escalate to the Financial Ombudsman and FCA immediately. My postcode is E5U 7NH."
INT-2026-04531,CUST-71967,22/01/2026 12:25,EMAIL,Enterprise,East of England,AGT-906,You have failed to address my issue for 3 weeks. I am filing an official grievance and taking this further to legal counsel.
INT-2026-01826,CUST-35971,23/03/2026 17:06,web_chat,VIP,Wales,AGT-113,I lost my job last month and I simply cannot afford my direct debit payment of £150. My NI number is FM747604U. Please help me reduce my bill.
INT-2026-02331,CUST-42706,14/02/2026 17:44,web_chat,Standard,West Midlands,AGT-551,I was double billed for my monthly subscription on card 503863986496. Please process a refund.
INT-2026-04688,CUST-71293,29/03/2026 14:55,webchat,Standard,West Midlands,AGT-450,SELECT * FROM users WHERE customer_id = 'CUST-101' OR 1=1;
INT-2026-00423,CUST-25725,26/01/2026 05:24,CALL,VIP,Greater London,AGT-812,You have failed to address my issue for 3 weeks. I am filing an official grievance and taking this further to legal counsel.
INT-2026-04223,,22/01/2026 07:36,E-Mail,Small Business,North West,AGT-279,I'm experiencing severe financial hardship following a bereavement. I live at N0 4LG and need urgent payment assistance.
INT-2026-04526,CUST-41439,21/03/2026 14:38,CALL,Small Business,Yorkshire & Humber,AGT-374,I am issuing a formal right to be forgotten request. Erase all personal records linked to my phone number +44161 4960263.
INT-2026-02960,CUST-58872,13/03/2026 11:38,EMAIL,Standard,Scotland,AGT-988,How do I update my password on the online customer portal?
INT-2026-03039,CUST-73746,22/05/2026 03:39,Web Chat,Enterprise,Yorkshire & Humber,AGT-123,Why did my direct debit fail yesterday? I was charged a £25 penalty fee unfairly.
INT-2026-03370,CUST-46579,07/03/2026 19:48,Call Transcript,Small Business,West Midlands,AGT-760,What are your customer support opening hours over the bank holiday weekend?
INT-2026-01633,CUST-80890,13/02/2026 04:15,Web Chat,Small Business,Scotland,AGT-202,I'm experiencing severe financial hardship following a bereavement. I live at BR70 1DB and need urgent payment assistance.
INT-2026-04498,CUST-27998,16/05/2026 14:20,Call Transcript,Enterprise,Wales,AGT-468,Can you send me a copy of my latest VAT invoice for last month?
INT-2026-02522,CUST-39960,13/05/2026 13:57,email,VIP,Scotland,AGT-983,What are your customer support opening hours over the bank holiday weekend?
INT-2026-03486,,15/02/2026 14:42,E-Mail,VIP,Scotland,AGT-623,"This is a formal complaint regarding my overcharged invoice. If you do not resolve this today, I will escalate to the Financial Ombudsman and FCA immediately. My postcode is S3S 1UU."
INT-2026-02282,CUST-91359,26/02/2026 04:32,webchat,VIP,East of England,AGT-716,Can you send me a copy of my latest VAT invoice for last month?
INT-2026-02777,CUST-41425,07/01/2026 05:14,call_transcript,Small Business,Wales,AGT-671,Can someone explain the difference between the standard and enterprise tier plans?
INT-2026-00666,CUST-37784,28/04/2026 18:35,Web Chat,Enterprise,Greater London,AGT-199,What are your customer support opening hours over the bank holiday weekend?
INT-2026-04718,CUST-96086,12/03/2026 09:33,EMAIL,Small Business,West Midlands,AGT-319,What are your customer support opening hours over the bank holiday weekend?
INT-2026-00404,CUST-73225,10/02/2026 10:27,web_chat,Enterprise,Yorkshire & Humber,AGT-810,"This is a formal complaint regarding my overcharged invoice. If you do not resolve this today, I will escalate to the Financial Ombudsman and FCA immediately. My postcode is BT70 1PX."
INT-2026-01955,CUST-77072,18/05/2026 04:30,Email,Small Business,Greater London,AGT-394,Why did my direct debit fail yesterday? I was charged a £25 penalty fee unfairly.
INT-2026-03651,CUST-35602,05/05/2026 04:44,email,VIP,Greater London,AGT-279,What are your customer support opening hours over the bank holiday weekend?
INT-2026-00749,CUST-55481,07/04/2026 21:10,Email,Enterprise,Yorkshire & Humber,AGT-671,I would like to update my billing address to PL9 0AL.
INT-2026-02562,CUST-75767,12/04/2026 13:41,web_chat,Small Business,Greater London,AGT-451,I am currently in hospital due to severe illness and my pension payment hasn't come through. Please call me back on +441144960012.
INT-2026-03043,CUST-93881,03/04/2026 12:48,CALL,Standard,Wales,AGT-819,Unacceptable service! Your agent was extremely rude. I demand an immediate refund of £85. My account number is linked to NI LZ639163X.
INT-2026-00977,CUST-74847,25/04/2026 15:06,,Enterprise,Yorkshire & Humber,AGT-124,Why did my direct debit fail yesterday? I was charged a £25 penalty fee unfairly.
INT-2026-04358,CUST-87455,17/05/2026 02:46,webchat,VIP,West Midlands,AGT-922,How do I update my password on the online customer portal?
INT-2026-03490,CUST-63430,01/05/2026 19:12,call_transcript,Small Business,East of England,AGT-997,Unacceptable service! Your agent was extremely rude. I demand an immediate refund of £85. My account number is linked to NI JZ202841I.
INT-2026-00941,CUST-61936,15/06/2026 11:22,Call Transcript,Small Business,North West,AGT-884,Can you send me a copy of my latest VAT invoice for last month? [DUPLICATE SUBMISSION]
INT-2026-02699,CUST-10329,06/04/2026 05:21,web_chat,Small Business,Scotland,AGT-134,I am issuing a formal right to be forgotten request. Erase all personal records linked to my phone number 01632 960 258.
INT-2026-04028,CUST-96929,05/03/2026 15:23,E-Mail,Enterprise,Yorkshire & Humber,AGT-118,What are your customer support opening hours over the bank holiday weekend?
INT-2026-03247,CUST-58544,29/03/2026 08:30,web_chat,Small Business,Wales,AGT-845,Your company has breached GDPR by sending emails to the wrong recipient. I am reporting this to the Information Commissioner's Office (ICO).
INT-2026-00452,CUST-48426,26/01/2026 15:17,call_transcript,VIP,Greater London,AGT-122,What are your customer support opening hours over the bank holiday weekend?
INT-2026-02211,CUST-70592,03/02/2026 01:15,email,Standard,West Midlands,AGT-826,You have failed to address my issue for 3 weeks. I am filing an official grievance and taking this further to legal counsel.
INT-2026-00850,CUST-65652,14/01/2026 21:56,call_transcript,VIP,Wales,AGT-340,I was double billed for my monthly subscription on card 3525544118185138. Please process a refund.
INT-2026-01846,CUST-36034,09/04/2026 09:17,Web Chat,Enterprise,East of England,AGT-660,What are your customer support opening hours over the bank holiday weekend?
INT-2026-03592,CUST-39039,01/01/2026 17:42,E-Mail,VIP,West Midlands,AGT-360,Why did my direct debit fail yesterday? I was charged a £25 penalty fee unfairly.
INT-2026-00596,CUST-90967,16/03/2026 16:40,Call Transcript,Standard,North West,AGT-991,You have failed to address my issue for 3 weeks. I am filing an official grievance and taking this further to legal counsel.
INT-2026-04350,CUST-49648,02/03/2026 12:26,Web Chat,Small Business,Scotland,AGT-968,Can you send me a copy of my latest VAT invoice for last month?
INT-2026-00457,CUST-47988,10/05/2026 11:55,CALL,Standard,East of England,AGT-590,What are your customer support opening hours over the bank holiday weekend?
INT-2026-00082,CUST-65872,19/05/2026 08:01,Call Transcript,VIP,Greater London,AGT-229,Your company has breached GDPR by sending emails to the wrong recipient. I am reporting this to the Information Commissioner's Office (ICO).
INT-2026-01477,CUST-17351,07/01/2026 19:48,email,Small Business,East of England,AGT-238,I'm experiencing severe financial hardship following a bereavement. I live at M2 3UN and need urgent payment assistance.
INT-2026-00554,CUST-25855,27/05/2026 01:11,E-Mail,Standard,West Midlands,AGT-162,Your company has breached GDPR by sending emails to the wrong recipient. I am reporting this to the Information Commissioner's Office (ICO).
INT-2026-03129,CUST-41547,02/04/2026 01:35,CALL,Enterprise,North West,AGT-220,Can you send me a copy of my latest VAT invoice for last month?
INT-2026-02982,CUST-46530,,EMAIL,Enterprise,Yorkshire & Humber,AGT-727,I am currently in hospital due to severe illness and my pension payment hasn't come through. Please call me back on +44116 4960071.
INT-2026-01979,CUST-73343,30/01/2026 17:51,EMAIL,VIP,West Midlands,AGT-310,Can someone explain the difference between the standard and enterprise tier plans?
INT-2026-03662,CUST-48143,23/03/2026 13:50,Web Chat,VIP,Greater London,AGT-511,Unacceptable service! Your agent was extremely rude. I demand an immediate refund of £85. My account number is linked to NI EF733236G.
INT-2026-01765,,1778535703,call_transcript,Enterprise,Scotland,AGT-672,How do I update my password on the online customer portal?
INT-2026-00614,CUST-63580,16/03/2026 17:25,EMAIL,Enterprise,Yorkshire & Humber,AGT-826,Can you send me a copy of my latest VAT invoice for last month?
INT-2026-02454,CUST-22125,25/02/2026 14:13,webchat,Enterprise,West Midlands,AGT-390,
INT-2026-00214,CUST-53911,08/05/2026 15:15,,VIP,Scotland,AGT-603,SELECT * FROM users WHERE customer_id = 'CUST-101' OR 1=1;
INT-2026-04584,CUST-73809,24/03/2026 00:23,CALL,Enterprise,North West,AGT-862,Unacceptable service! Your agent was extremely rude. I demand an immediate refund of £85. My account number is linked to NI CA803345N.
INT-2026-01031,CUST-64869,26/03/2026 17:15,Web Chat,Enterprise,Scotland,AGT-510,Why did my direct debit fail yesterday? I was charged a £25 penalty fee unfairly.
INT-2026-00829,CUST-90599,03/04/2026 07:49,email,Small Business,Scotland,AGT-780,I was double billed for my monthly subscription on card 4541829912699. Please process a refund.
INT-2026-01590,CUST-76022,05/01/2026 16:10,webchat,Standard,Wales,AGT-786,What are your customer support opening hours over the bank holiday weekend?
INT-2026-00654,CUST-55227,13/05/2026 20:02,call_transcript,VIP,North West,AGT-176,Why did my direct debit fail yesterday? I was charged a £25 penalty fee unfairly.
INT-2026-02586,CUST-36305,02/03/2026 16:51,Call Transcript,Enterprise,Greater London,AGT-906,Can someone explain the difference between the standard and enterprise tier plans?
INT-2026-02644,CUST-74196,08/04/2026 20:04,CALL,Small Business,East of England,AGT-940,What are your customer support opening hours over the bank holiday weekend?
INT-2026-03343,CUST-15637,12/05/2026 05:33,web_chat,Enterprise,North West,AGT-844,"<html><body><p>Hello support team, I need help logging in.</p></body></html>"
INT-2026-04342,CUST-59085,19/03/2026 16:29,call_transcript,VIP,Wales,AGT-856,"<html><body><p>Hello support team, I need help logging in.</p></body></html>"
INT-2026-04246,CUST-37017,03/02/2026 08:14,Web Chat,VIP,North West,AGT-167,My business went into administration. I cannot pay this invoice right now. Contact my legal representative at dylan96@example.org.
INT-2026-00008,CUST-16175,02/05/2026 20:06,email,Small Business,Yorkshire & Humber,AGT-357,"<html><body><p>Hello support team, I need help logging in.</p></body></html>"
INT-2026-01723,CUST-66588,,web_chat,VIP,North West,AGT-395,How do I update my password on the online customer portal?
INT-2026-02511,CUST-79463,13/03/2026 14:28,CALL,Enterprise,Greater London,AGT-287,What are your customer support opening hours over the bank holiday weekend?
INT-2026-02439,CUST-25745,19/03/2026 22:02,web_chat,Small Business,Wales,AGT-389,What are your customer support opening hours over the bank holiday weekend?
INT-2026-03735,CUST-73899,1769775144,Call Transcript,VIP,Greater London,AGT-810,Can someone explain the difference between the standard and enterprise tier plans?
INT-2026-04193,CUST-17425,26/05/2026 13:12,CALL,Enterprise,East of England,AGT-650,Can you send me a copy of my latest VAT invoice for last month?
INT-2026-03114,CUST-49953,30/04/2026 01:15,email,VIP,Yorkshire & Humber,AGT-488,You have failed to address my issue for 3 weeks. I am filing an official grievance and taking this further to legal counsel.
INT-2026-04821,CUST-18169,07/03/2026 19:05,CALL,VIP,Scotland,AGT-225,Why did my direct debit fail yesterday? I was charged a £25 penalty fee unfairly.
INT-2026-04073,CUST-33254,04/04/2026 09:30,email,Small Business,North West,AGT-995,Can you send me a copy of my latest VAT invoice for last month?
INT-2026-04593,CUST-64220,22/02/2026 10:22,webchat,Standard,Scotland,AGT-348,Disgusted by this scam service. I demand to speak with a senior manager immediately regarding my direct debit failure.
INT-2026-02790,CUST-45058,21/02/2026 03:48,call_transcript,VIP,Scotland,AGT-104,
INT-2026-01583,CUST-94874,27/02/2026 00:16,EMAIL,VIP,Scotland,AGT-152,I was double billed for my monthly subscription on card 4661995417100656261. Please process a refund.
INT-2026-02406,CUST-59156,17/03/2026 11:00,CALL,Standard,East of England,AGT-650,Unacceptable service! Your agent was extremely rude. I demand an immediate refund of £85. My account number is linked to NI WI584723H.
INT-2026-03204,CUST-73659,05/04/2026 11:46,webchat,VIP,East of England,AGT-235,Your company has breached GDPR by sending emails to the wrong recipient. I am reporting this to the Information Commissioner's Office (ICO).
INT-2026-01073,CUST-50371,18/03/2026 23:06,Call Transcript,VIP,West Midlands,AGT-263,Can you send me a copy of my latest VAT invoice for last month?
INT-2026-00619,CUST-78807,23/05/2026 08:13,Web Chat,Small Business,North West,AGT-614,Can someone explain the difference between the standard and enterprise tier plans?
INT-2026-00625,CUST-15997,12/05/2026 15:22,web_chat,Standard,West Midlands,AGT-538,Can someone explain the difference between the standard and enterprise tier plans?
INT-2026-00966,CUST-32852,1771540883,webchat,VIP,Greater London,AGT-570,Can you send me a copy of my latest VAT invoice for last month?
INT-2026-03159,CUST-83767,07/01/2026 20:37,call_transcript,Standard,Wales,AGT-981,Please delete all my data and process my Subject Access Request under UK GDPR rules immediately. Contact me at craigallen@example.net.
INT-2026-01542,CUST-94340,21/01/2026 15:56,EMAIL,Small Business,Scotland,AGT-721,Disgusted by this scam service. I demand to speak with a senior manager immediately regarding my direct debit failure.
INT-2026-02357,CUST-93997,27/05/2026 11:24,webchat,Small Business,North West,AGT-455,I was double billed for my monthly subscription on card 4152359820290169. Please process a refund.
INT-2026-02137,CUST-35577,18/05/2026 13:08,email,Standard,West Midlands,AGT-615,What are your customer support opening hours over the bank holiday weekend?
INT-2026-03085,CUST-52007,31/01/2026 07:16,call_transcript,VIP,Greater London,AGT-768,I was double billed for my monthly subscription on card 379214758570402. Please process a refund.
INT-2026-01680,CUST-10142,18/02/2026 17:37,CALL,VIP,Greater London,AGT-462,What are your customer support opening hours over the bank holiday weekend?
INT-2026-03400,CUST-76103,29/04/2026 12:21,E-Mail,,Yorkshire & Humber,AGT-846,Can someone explain the difference between the standard and enterprise tier plans?
INT-2026-01310,CUST-54536,09/01/2026 12:14,Web Chat,VIP,Scotland,AGT-709,I was double billed for my monthly subscription on card 30595013367217. Please process a refund.
INT-2026-00440,CUST-40154,14/02/2026 05:32,web_chat,VIP,Greater London,AGT-582,Why did my direct debit fail yesterday? I was charged a £25 penalty fee unfairly.
INT-2026-01813,CUST-11045,18/04/2026 21:08,E-Mail,Small Business,Scotland,AGT-864,"<html><body><p>Hello support team, I need help logging in.</p></body></html>"
INT-2026-02012,CUST-93725,12/03/2026 07:27,webchat,Enterprise,West Midlands,AGT-359,Why did my direct debit fail yesterday? I was charged a £25 penalty fee unfairly.
INT-2026-00342,CUST-74694,02/03/2026 12:03,webchat,Standard,West Midlands,AGT-182,What are your customer support opening hours over the bank holiday weekend?
INT-2026-04058,CUST-49465,24/01/2026 04:43,webchat,Standard,Wales,AGT-621,Why did my direct debit fail yesterday? I was charged a £25 penalty fee unfairly.
INT-2026-01228,CUST-62250,05/04/2026 22:49,EMAIL,Enterprise,Scotland,AGT-209,"This is a formal complaint regarding my overcharged invoice. If you do not resolve this today, I will escalate to the Financial Ombudsman and FCA immediately. My postcode is PE3 7QN."
INT-2026-01802,CUST-48243,08/03/2026 23:43,Call Transcript,Standard,Yorkshire & Humber,AGT-998,I lost my job last month and I simply cannot afford my direct debit payment of £150. My NI number is QD630079H. Please help me reduce my bill.
INT-2026-01400,CUST-52008,25/04/2026 18:44,Web Chat,Standard,East of England,AGT-652,What are your customer support opening hours over the bank holiday weekend?
INT-2026-03509,CUST-38440,22/01/2026 13:11,webchat,Standard,Scotland,AGT-202,Why did my direct debit fail yesterday? I was charged a £25 penalty fee unfairly.
INT-2026-00121,CUST-41029,12/03/2026 01:53,Email,Standard,Greater London,AGT-416,Can you send me a copy of my latest VAT invoice for last month?
INT-2026-02839,CUST-63532,04/04/2026 02:41,E-Mail,Small Business,North West,AGT-614,I lost my job last month and I simply cannot afford my direct debit payment of £150. My NI number is NH137183S. Please help me reduce my bill.
INT-2026-01278,CUST-29785,08/04/2026 02:01,call_transcript,VIP,North West,AGT-629,How do I update my password on the online customer portal?
INT-2026-01810,CUST-65747,28/04/2026 10:21,Call Transcript,VIP,Greater London,AGT-255,I would like to update my billing address to E8K 3UD.
INT-2026-02942,CUST-40318,13/02/2026 08:48,EMAIL,Small Business,North West,AGT-413,I would like to update my billing address to M83 2FA.
INT-2026-01501,CUST-53517,14/05/2026 07:52,EMAIL,Enterprise,West Midlands,AGT-678,My business went into administration. I cannot pay this invoice right now. Contact my legal representative at philipjackson@example.org.
INT-2026-04509,CUST-32216,27/03/2026 05:18,CALL,Enterprise,West Midlands,AGT-673,I would like to update my billing address to B2 1SF.
INT-2026-02228,CUST-40569,18/05/2026 21:05,call_transcript,Small Business,East of England,AGT-280,Can someone explain the difference between the standard and enterprise tier plans?
INT-2026-01245,CUST-15653,19/05/2026 12:36,E-Mail,Standard,West Midlands,AGT-537,I am currently in hospital due to severe illness and my pension payment hasn't come through. Please call me back on 0113 4960993.
INT-2026-00882,CUST-33944,1771056508,E-Mail,Enterprise,Greater London,AGT-860,"This is a formal complaint regarding my overcharged invoice. If you do not resolve this today, I will escalate to the Financial Ombudsman and FCA immediately. My postcode is SA7H 0BF."
INT-2026-02433,CUST-58314,16/03/2026 05:10,Call Transcript,VIP,Wales,AGT-112,Can you send me a copy of my latest VAT invoice for last month?
INT-2026-03389,CUST-37359,19/04/2026 18:06,Call Transcript,Enterprise,North West,AGT-458,I'm experiencing severe financial hardship following a bereavement. I live at N5 4FJ and need urgent payment assistance.
INT-2026-01785,CUST-99096,17/03/2026 00:40,Email,VIP,North West,AGT-303,How do I update my password on the online customer portal?
INT-2026-03598,CUST-72231,17/04/2026 13:05,E-Mail,Standard,East of England,AGT-809,I was double billed for my monthly subscription on card 6011966373288865. Please process a refund.
INT-2026-00406,CUST-59664,18/01/2026 13:54,Email,Standard,Wales,AGT-250,Can someone explain the difference between the standard and enterprise tier plans?
INT-2026-03210,CUST-17184,30/04/2026 03:47,EMAIL,VIP,Scotland,AGT-659,"This is a formal complaint regarding my overcharged invoice. If you do not resolve this today, I will escalate to the Financial Ombudsman and FCA immediately. My postcode is BA59 3ZH."
INT-2026-03692,CUST-85625,10/01/2026 06:27,Web Chat,Standard,East of England,AGT-561,My business went into administration. I cannot pay this invoice right now. Contact my legal representative at elliott52@example.org.
INT-2026-04825,CUST-63325,08/03/2026 02:54,E-Mail,Standard,North West,AGT-298,I would like to update my billing address to AB74 1HA.
INT-2026-04597,CUST-99138,03/05/2026 02:55,CALL,VIP,East of England,AGT-349,Why did my direct debit fail yesterday? I was charged a £25 penalty fee unfairly.
INT-2026-03986,CUST-60491,19/02/2026 17:26,web_chat,Standard,Wales,AGT-251,Can someone explain the difference between the standard and enterprise tier plans?
INT-2026-03197,CUST-59362,18/01/2026 17:58,CALL,Small Business,Wales,AGT-734,ok thanks
INT-2026-01924,CUST-49851,03/05/2026 02:44,E-Mail,VIP,North West,AGT-207,Can you send me a copy of my latest VAT invoice for last month?
INT-2026-02434,CUST-33892,09/05/2026 11:27,CALL,Small Business,Wales,AGT-857,How do I update my password on the online customer portal?
INT-2026-01714,CUST-59756,24/04/2026 12:13,CALL,Enterprise,West Midlands,AGT-696,What are your customer support opening hours over the bank holiday weekend?
INT-2026-03482,CUST-62064,15/04/2026 07:57,,Standard,Scotland,AGT-427,What are your customer support opening hours over the bank holiday weekend?
INT-2026-01932,,08/01/2026 03:35,Email,Standard,Greater London,AGT-161,I would like to update my billing address to ST41 8YN.
INT-2026-02911,CUST-51406,02/05/2026 06:07,call_transcript,Standard,Scotland,AGT-935,What are your customer support opening hours over the bank holiday weekend?
INT-2026-02341,CUST-56301,11/05/2026 12:43,Email,VIP,Greater London,AGT-986,   
INT-2026-04018,CUST-93554,21/05/2026 15:55,web_chat,Standard,Wales,AGT-523,Can someone explain the difference between the standard and enterprise tier plans?
INT-2026-00199,CUST-78084,02/01/2026 13:34,Email,VIP,Scotland,AGT-172,"This is a formal complaint regarding my overcharged invoice. If you do not resolve this today, I will escalate to the Financial Ombudsman and FCA immediately. My postcode is L21 1DA."
INT-2026-03953,CUST-52764,23/05/2026 01:45,E-Mail,Small Business,North West,AGT-828,Can someone explain the difference between the standard and enterprise tier plans?
INT-2026-01742,CUST-42361,23/05/2026 00:29,Web Chat,Enterprise,West Midlands,AGT-320,Can you send me a copy of my latest VAT invoice for last month?
INT-2026-00019,CUST-40828,17/02/2026 19:26,CALL,Enterprise,West Midlands,AGT-309,I would like to update my billing address to B5J 5DW.
INT-2026-02617,CUST-41768,17/04/2026 12:11,email,VIP,North West,AGT-111,Why did my direct debit fail yesterday? I was charged a £25 penalty fee unfairly.
INT-2026-04276,CUST-76461,08/03/2026 04:34,CALL,Small Business,East of England,AGT-155,Disgusted by this scam service. I demand to speak with a senior manager immediately regarding my direct debit failure.
INT-2026-02418,CUST-58009,25/03/2026 03:07,Email,VIP,Greater London,AGT-511,I was double billed for my monthly subscription on card 4201302239354035718. Please process a refund.
INT-2026-02985,CUST-48021,12/05/2026 04:49,call_transcript,Enterprise,North West,AGT-642,I was double billed for my monthly subscription on card 4231966005875. Please process a refund.
INT-2026-00503,CUST-39423,05/01/2026 11:02,,Small Business,North West,AGT-368,What are your customer support opening hours over the bank holiday weekend?
INT-2026-04241,CUST-44161,02/04/2026 16:05,E-Mail,Small Business,North West,AGT-397,How do I update my password on the online customer portal?
INT-2026-04357,CUST-33351,19/02/2026 11:27,Web Chat,Standard,Wales,AGT-453,Why did my direct debit fail yesterday? I was charged a £25 penalty fee unfairly.
INT-2026-03584,CUST-25150,29/05/2026 01:45,web_chat,VIP,West Midlands,AGT-875,I'm experiencing severe financial hardship following a bereavement. I live at SK1W 6XU and need urgent payment assistance.
INT-2026-00269,CUST-23593,04/04/2026 17:25,CALL,Enterprise,Yorkshire & Humber,AGT-129,What are your customer support opening hours over the bank holiday weekend?
INT-2026-00743,CUST-31842,28/01/2026 12:59,Call Transcript,Enterprise,Greater London,AGT-274,How do I update my password on the online customer portal?
INT-2026-04267,CUST-25007,06/01/2026 13:55,Email,Small Business,East of England,AGT-147,
INT-2026-00282,CUST-11673,15/03/2026 22:59,Email,VIP,West Midlands,AGT-799,"This is a formal complaint regarding my overcharged invoice. If you do not resolve this today, I will escalate to the Financial Ombudsman and FCA immediately. My postcode is HX5 3LH."
INT-2026-01265,CUST-83246,03/02/2026 13:43,EMAIL,Standard,Wales,AGT-379,Can you send me a copy of my latest VAT invoice for last month?
INT-2026-00110,CUST-97584,14/01/2026 03:24,web_chat,Standard,Scotland,AGT-994,Can you send me a copy of my latest VAT invoice for last month?
INT-2026-03519,CUST-35709,08/04/2026 14:14,email,Small Business,West Midlands,AGT-981,You have failed to address my issue for 3 weeks. I am filing an official grievance and taking this further to legal counsel.
INT-2026-02277,CUST-38719,06/02/2026 03:56,email,VIP,East of England,AGT-582,
INT-2026-04724,CUST-17148,21/01/2026 20:03,web_chat,Standard,East of England,AGT-902,Why did my direct debit fail yesterday? I was charged a £25 penalty fee unfairly.
INT-2026-04403,CUST-37779,08/04/2026 07:28,EMAIL,Enterprise,North West,AGT-861,I would like to update my billing address to B4 1JU.
INT-2026-03932,CUST-57107,1770750669,Call Transcript,Small Business,East of England,AGT-673,Can you send me a copy of my latest VAT invoice for last month?
INT-2026-00054,CUST-48175,18/05/2026 06:39,Web Chat,Enterprise,Wales,AGT-910,What are your customer support opening hours over the bank holiday weekend?
INT-2026-00836,CUST-51481,1777071267,email,Small Business,Wales,AGT-783,How do I update my password on the online customer portal?
INT-2026-04519,CUST-44107,27/03/2026 07:08,email,Standard,Greater London,AGT-334,What are your customer support opening hours over the bank holiday weekend?
INT-2026-01936,CUST-54969,,CALL,Standard,West Midlands,AGT-835,Unacceptable service! Your agent was extremely rude. I demand an immediate refund of £85. My account number is linked to NI XC796807A.
INT-2026-03397,CUST-25005,22/02/2026 22:09,Call Transcript,VIP,Scotland,AGT-938,Can you send me a copy of my latest VAT invoice for last month?
INT-2026-00006,CUST-93886,13/05/2026 22:32,E-Mail,Enterprise,Scotland,AGT-374,I'm experiencing severe financial hardship following a bereavement. I live at BA9 9JA and need urgent payment assistance.
INT-2026-01023,CUST-19350,24/01/2026 02:21,Call Transcript,Enterprise,West Midlands,AGT-497,I was double billed for my monthly subscription on card 343358508143227. Please process a refund.
INT-2026-03845,CUST-97710,24/05/2026 18:38,call_transcript,VIP,North West,AGT-706,Can someone explain the difference between the standard and enterprise tier plans?
INT-2026-04306,CUST-66604,20/05/2026 13:01,Web Chat,VIP,Scotland,AGT-260,Unacceptable service! Your agent was extremely rude. I demand an immediate refund of £85. My account number is linked to NI ZK629768I.
INT-2026-02291,CUST-18560,1767310969,webchat,,Yorkshire & Humber,AGT-631,Can you send me a copy of my latest VAT invoice for last month?
INT-2026-01082,CUST-84261,02/01/2026 10:40,email,Enterprise,North West,AGT-143,What are your customer support opening hours over the bank holiday weekend?
INT-2026-00552,CUST-13153,16/03/2026 04:18,web_chat,VIP,North West,AGT-361,What are your customer support opening hours over the bank holiday weekend?
INT-2026-01435,CUST-62542,02/02/2026 00:11,web_chat,VIP,Greater London,AGT-431,Can someone explain the difference between the standard and enterprise tier plans?
INT-2026-01533,CUST-70630,11/03/2026 12:52,Email,Small Business,Greater London,AGT-470,I was double billed for my monthly subscription on card 4251964295861673. Please process a refund.
INT-2026-01530,CUST-74301,24/03/2026 10:14,CALL,Enterprise,East of England,AGT-883,How do I update my password on the online customer portal?
INT-2026-02930,CUST-97522,24/04/2026 02:57,Call Transcript,VIP,North West,AGT-347,SELECT * FROM users WHERE customer_id = 'CUST-101' OR 1=1;
INT-2026-00644,CUST-56152,1770746122,call_transcript,VIP,West Midlands,AGT-976,What are your customer support opening hours over the bank holiday weekend?
INT-2026-02925,CUST-72628,08/04/2026 11:19,webchat,Standard,East of England,AGT-928,Can someone explain the difference between the standard and enterprise tier plans?
INT-2026-00374,CUST-63903,30/01/2026 12:10,Web Chat,Enterprise,Yorkshire & Humber,AGT-680,What are your customer support opening hours over the bank holiday weekend?
INT-2026-02186,CUST-89681,23/01/2026 08:55,call_transcript,,Yorkshire & Humber,AGT-427,Please delete all my data and process my Subject Access Request under UK GDPR rules immediately. Contact me at emartin@example.org.
INT-2026-03539,CUST-48730,04/02/2026 13:33,Email,VIP,North West,AGT-670,I was double billed for my monthly subscription on card 376154550595509. Please process a refund.
INT-2026-04462,CUST-81333,11/01/2026 09:03,Web Chat,Enterprise,West Midlands,AGT-126,My business went into administration. I cannot pay this invoice right now. Contact my legal representative at hbaldwin@example.net.
INT-2026-00788,CUST-16498,05/02/2026 18:41,Email,VIP,Greater London,AGT-831,ok thanks
INT-2026-03169,CUST-13299,31/03/2026 13:38,Web Chat,Enterprise,Greater London,AGT-387,I would like to update my billing address to G1C 3FA.
INT-2026-00246,CUST-30836,20/03/2026 07:54,call_transcript,VIP,Wales,AGT-305,What are your customer support opening hours over the bank holiday weekend?
INT-2026-04135,CUST-41642,1778359107,Email,Small Business,Scotland,AGT-615,Your company has breached GDPR by sending emails to the wrong recipient. I am reporting this to the Information Commissioner's Office (ICO).
INT-2026-03036,CUST-29298,20/04/2026 13:33,Email,VIP,West Midlands,AGT-575,Can you send me a copy of my latest VAT invoice for last month?
INT-2026-04216,CUST-97073,07/05/2026 09:44,Web Chat,Standard,West Midlands,AGT-936,I lost my job last month and I simply cannot afford my direct debit payment of £150. My NI number is BF557158S. Please help me reduce my bill.
INT-2026-04387,CUST-79325,26/02/2026 22:46,Call Transcript,Enterprise,Scotland,AGT-977,What are your customer support opening hours over the bank holiday weekend?
INT-2026-03025,CUST-67372,1778508056,Call Transcript,VIP,Wales,AGT-737,How do I update my password on the online customer portal?
INT-2026-01222,CUST-39997,28/01/2026 13:12,EMAIL,Enterprise,Scotland,AGT-414,What are your customer support opening hours over the bank holiday weekend?
INT-2026-00835,CUST-27255,11/01/2026 21:12,EMAIL,Enterprise,Wales,AGT-298,How do I update my password on the online customer portal?
INT-2026-01519,CUST-11235,10/02/2026 00:11,EMAIL,Standard,Greater London,AGT-583,Can someone explain the difference between the standard and enterprise tier plans?
INT-2026-04701,CUST-71716,07/02/2026 16:33,call_transcript,Enterprise,Scotland,AGT-104,SELECT * FROM users WHERE customer_id = 'CUST-101' OR 1=1;
INT-2026-02418,CUST-58009,25/03/2026 03:07,Email,VIP,Greater London,AGT-511,I was double billed for my monthly subscription on card 4201302239354035718. Please process a refund.
INT-2026-04363,CUST-39872,17/05/2026 08:55,email,Small Business,East of England,AGT-586,Disgusted by this scam service. I demand to speak with a senior manager immediately regarding my direct debit failure.
INT-2026-02239,CUST-11166,15/06/2026 11:22,CALL,Small Business,North West,AGT-355,You have failed to address my issue for 3 weeks. I am filing an official grievance and taking this further to legal counsel. [DUPLICATE SUBMISSION]
INT-2026-01801,CUST-16815,29/01/2026 06:24,E-Mail,VIP,West Midlands,AGT-151,How do I update my password on the online customer portal?
INT-2026-01807,CUST-56694,09/02/2026 05:13,call_transcript,Enterprise,Wales,AGT-128,Your company has breached GDPR by sending emails to the wrong recipient. I am reporting this to the Information Commissioner's Office (ICO).
INT-2026-03508,CUST-23104,17/01/2026 13:25,call_transcript,VIP,Greater London,AGT-409,Your company has breached GDPR by sending emails to the wrong recipient. I am reporting this to the Information Commissioner's Office (ICO).
INT-2026-00999,CUST-48810,07/05/2026 12:50,,VIP,Scotland,AGT-740,Why did my direct debit fail yesterday? I was charged a £25 penalty fee unfairly.
INT-2026-00695,CUST-11111,19/03/2026 07:27,Web Chat,VIP,East of England,AGT-790,My business went into administration. I cannot pay this invoice right now. Contact my legal representative at hendersonhazel@example.net.
INT-2026-04666,CUST-18545,03/05/2026 22:37,E-Mail,Enterprise,Scotland,AGT-487,Can someone explain the difference between the standard and enterprise tier plans?
INT-2026-02561,CUST-81301,16/02/2026 10:07,CALL,Standard,Wales,AGT-989,Can you send me a copy of my latest VAT invoice for last month?
INT-2026-03820,CUST-94787,26/02/2026 05:31,EMAIL,Standard,East of England,AGT-748,I was double billed for my monthly subscription on card 30011978965888. Please process a refund.
INT-2026-00961,CUST-54741,04/02/2026 02:01,Web Chat,VIP,West Midlands,AGT-617,I am currently in hospital due to severe illness and my pension payment hasn't come through. Please call me back on +44151 496 0037.
INT-2026-02123,CUST-19497,04/02/2026 00:32,Email,Small Business,Scotland,AGT-888,Disgusted by this scam service. I demand to speak with a senior manager immediately regarding my direct debit failure.
INT-2026-02491,CUST-85203,05/05/2026 21:38,Call Transcript,Standard,West Midlands,AGT-469,I'm experiencing severe financial hardship following a bereavement. I live at PR47 8HN and need urgent payment assistance.
INT-2026-03133,CUST-25250,30/03/2026 01:35,email,Standard,Yorkshire & Humber,AGT-452,"This is a formal complaint regarding my overcharged invoice. If you do not resolve this today, I will escalate to the Financial Ombudsman and FCA immediately. My postcode is G4B 9NR."
INT-2026-03180,CUST-94950,13/02/2026 08:37,CALL,VIP,Wales,AGT-558,How do I update my password on the online customer portal?
INT-2026-02096,CUST-47870,1772266473,webchat,Small Business,West Midlands,AGT-339,How do I update my password on the online customer portal?
INT-2026-00893,CUST-86823,11/01/2026 21:30,EMAIL,Standard,Scotland,AGT-237,How do I update my password on the online customer portal?
INT-2026-04490,CUST-44198,09/04/2026 07:22,E-Mail,Small Business,Greater London,AGT-244,You have failed to address my issue for 3 weeks. I am filing an official grievance and taking this further to legal counsel.
INT-2026-03971,CUST-58926,15/02/2026 13:49,Email,Small Business,North West,AGT-813,Your company has breached GDPR by sending emails to the wrong recipient. I am reporting this to the Information Commissioner's Office (ICO).
INT-2026-00609,CUST-18469,15/06/2026 11:22,EMAIL,VIP,Yorkshire & Humber,AGT-662,What are your customer support opening hours over the bank holiday weekend? [DUPLICATE SUBMISSION]
INT-2026-03187,CUST-58697,09/04/2026 11:43,EMAIL,Small Business,Yorkshire & Humber,AGT-470,Can you send me a copy of my latest VAT invoice for last month?
INT-2026-01014,CUST-38242,06/01/2026 19:20,webchat,Standard,Yorkshire & Humber,AGT-145,I would like to update my billing address to WD1P 2HY.
INT-2026-01363,CUST-95616,03/01/2026 15:09,email,VIP,Scotland,AGT-776,I'm experiencing severe financial hardship following a bereavement. I live at N69 2AD and need urgent payment assistance.
INT-2026-01670,CUST-91727,07/02/2026 10:30,webchat,Small Business,North West,AGT-306,Why did my direct debit fail yesterday? I was charged a £25 penalty fee unfairly.
INT-2026-01259,CUST-86069,26/02/2026 22:57,Email,Small Business,Scotland,AGT-609,I was double billed for my monthly subscription on card 4660366980276448295. Please process a refund.
INT-2026-02444,CUST-82982,05/05/2026 13:06,web_chat,Small Business,West Midlands,AGT-337,You have failed to address my issue for 3 weeks. I am filing an official grievance and taking this further to legal counsel.
INT-2026-00397,CUST-23513,05/01/2026 08:45,Web Chat,VIP,West Midlands,AGT-383,I was double billed for my monthly subscription on card 30333373204303. Please process a refund.
INT-2026-01538,CUST-13959,12/04/2026 14:49,call_transcript,Enterprise,Wales,AGT-479,
INT-2026-00510,CUST-47083,30/04/2026 00:28,Web Chat,VIP,West Midlands,AGT-854,SELECT * FROM users WHERE customer_id = 'CUST-101' OR 1=1;
INT-2026-04647,CUST-78075,06/04/2026 08:43,Email,Small Business,Wales,AGT-527,"<html><body><p>Hello support team, I need help logging in.</p></body></html>"
INT-2026-03719,CUST-60030,20/04/2026 18:39,CALL,Small Business,Scotland,AGT-245,Unacceptable service! Your agent was extremely rude. I demand an immediate refund of £85. My account number is linked to NI HI616268R.
INT-2026-01108,CUST-67337,26/03/2026 03:17,Email,Standard,East of England,AGT-569,Why did my direct debit fail yesterday? I was charged a £25 penalty fee unfairly.
INT-2026-03411,CUST-68276,01/01/2026 08:58,CALL,Small Business,East of England,AGT-720,"This is a formal complaint regarding my overcharged invoice. If you do not resolve this today, I will escalate to the Financial Ombudsman and FCA immediately. My postcode is E2G 1JH."
INT-2026-02837,CUST-83664,13/05/2026 03:02,call_transcript,Enterprise,Scotland,AGT-545,I am currently in hospital due to severe illness and my pension payment hasn't come through. Please call me back on +4420 74960474.
INT-2026-00264,CUST-75239,21/02/2026 01:38,E-Mail,VIP,Greater London,AGT-661,Why did my direct debit fail yesterday? I was charged a £25 penalty fee unfairly.
INT-2026-03823,CUST-37931,04/02/2026 17:36,webchat,Enterprise,Wales,AGT-217,Can someone explain the difference between the standard and enterprise tier plans?
INT-2026-02346,CUST-12487,15/03/2026 01:31,E-Mail,Enterprise,Yorkshire & Humber,AGT-458,I would like to update my billing address to W7 2ES.
INT-2026-02843,CUST-36867,15/06/2026 11:22,call_transcript,Enterprise,East of England,AGT-993,Why did my direct debit fail yesterday? I was charged a £25 penalty fee unfairly. [DUPLICATE SUBMISSION]
INT-2026-00102,CUST-48770,09/04/2026 14:00,EMAIL,Enterprise,Wales,AGT-732,Disgusted by this scam service. I demand to speak with a senior manager immediately regarding my direct debit failure.
INT-2026-03194,CUST-62892,12/03/2026 20:30,web_chat,Standard,Greater London,AGT-801,Can someone explain the difference between the standard and enterprise tier plans?
INT-2026-04192,CUST-82336,10/02/2026 13:19,EMAIL,VIP,North West,AGT-981,I'm experiencing severe financial hardship following a bereavement. I live at NN3W 8FX and need urgent payment assistance.
INT-2026-03636,CUST-64488,27/02/2026 01:36,CALL,VIP,North West,AGT-354,I am issuing a formal right to be forgotten request. Erase all personal records linked to my phone number 0113 4960136.
INT-2026-01383,CUST-87975,24/04/2026 01:56,web_chat,,Scotland,AGT-925,I am currently in hospital due to severe illness and my pension payment hasn't come through. Please call me back on (0118) 4960476.
INT-2026-03263,CUST-84373,04/03/2026 11:22,E-Mail,Small Business,Scotland,AGT-730,What are your customer support opening hours over the bank holiday weekend?
INT-2026-03726,CUST-67062,03/01/2026 12:40,EMAIL,Standard,Wales,AGT-243,I was double billed for my monthly subscription on card 213114547432981. Please process a refund.
INT-2026-03179,CUST-19300,15/05/2026 22:09,,VIP,Yorkshire & Humber,AGT-622,Can someone explain the difference between the standard and enterprise tier plans?
INT-2026-04506,CUST-26138,,email,VIP,Greater London,AGT-850,"<html><body><p>Hello support team, I need help logging in.</p></body></html>"
INT-2026-00284,CUST-60014,18/04/2026 05:05,web_chat,Small Business,Wales,AGT-330,I would like to update my billing address to W8T 4JN.
INT-2026-01080,CUST-94451,22/05/2026 15:09,call_transcript,Standard,West Midlands,AGT-260,I was double billed for my monthly subscription on card 30060074614338. Please process a refund.
INT-2026-03649,CUST-72026,24/02/2026 07:48,web_chat,Enterprise,Scotland,AGT-820,Can someone explain the difference between the standard and enterprise tier plans?
INT-2026-00493,CUST-43868,1778276260,Web Chat,Standard,Greater London,AGT-980,I would like to update my billing address to SA3 8AN.
INT-2026-02667,CUST-97804,28/02/2026 06:49,CALL,Enterprise,Yorkshire & Humber,AGT-696,I'm experiencing severe financial hardship following a bereavement. I live at M7 7XR and need urgent payment assistance.
INT-2026-01546,CUST-20536,28/03/2026 12:52,E-Mail,Standard,Greater London,AGT-398,Why did my direct debit fail yesterday? I was charged a £25 penalty fee unfairly.
INT-2026-00094,CUST-20011,14/04/2026 00:47,EMAIL,VIP,North West,AGT-205,Unacceptable service! Your agent was extremely rude. I demand an immediate refund of £85. My account number is linked to NI CN993476J.
INT-2026-00338,CUST-27865,,Call Transcript,Small Business,West Midlands,AGT-109,I would like to update my billing address to G1 4XU.
INT-2026-00768,CUST-86298,10/05/2026 20:10,,Standard,West Midlands,AGT-892,Can you send me a copy of my latest VAT invoice for last month?
INT-2026-01163,CUST-50729,02/05/2026 13:33,Web Chat,VIP,Greater London,AGT-106,Can someone explain the difference between the standard and enterprise tier plans?
INT-2026-00263,CUST-99881,23/03/2026 17:24,Web Chat,VIP,Scotland,AGT-950,How do I update my password on the online customer portal?
INT-2026-00570,CUST-22560,15/02/2026 06:22,webchat,Small Business,Wales,AGT-538,How do I update my password on the online customer portal?
INT-2026-02779,CUST-83679,21/02/2026 20:00,Call Transcript,Small Business,East of England,AGT-277,I would like to update my billing address to N7 6DQ.
INT-2026-00226,CUST-13697,21/04/2026 05:26,web_chat,Small Business,Yorkshire & Humber,AGT-416,"This is a formal complaint regarding my overcharged invoice. If you do not resolve this today, I will escalate to the Financial Ombudsman and FCA immediately. My postcode is L7 0JU."
INT-2026-01283,CUST-46562,15/03/2026 15:09,CALL,,East of England,AGT-147,Can you send me a copy of my latest VAT invoice for last month?
INT-2026-04249,CUST-54035,21/01/2026 10:14,email,Small Business,Scotland,AGT-965,I am currently in hospital due to severe illness and my pension payment hasn't come through. Please call me back on 01154960123.
INT-2026-01674,CUST-49654,1777102823,call_transcript,VIP,North West,AGT-641,Can you send me a copy of my latest VAT invoice for last month?
INT-2026-00495,CUST-88619,05/03/2026 22:35,web_chat,Small Business,North West,AGT-247,I am currently in hospital due to severe illness and my pension payment hasn't come through. Please call me back on (0115)4960683.
INT-2026-01043,CUST-75136,05/04/2026 01:12,webchat,Enterprise,Yorkshire & Humber,AGT-173,Disgusted by this scam service. I demand to speak with a senior manager immediately regarding my direct debit failure.
INT-2026-02823,CUST-88038,16/03/2026 22:55,Call Transcript,Standard,North West,AGT-796,I was double billed for my monthly subscription on card 4524905413237153578. Please process a refund.
INT-2026-04280,CUST-51267,12/02/2026 14:44,Call Transcript,Enterprise,Scotland,AGT-171,Why did my direct debit fail yesterday? I was charged a £25 penalty fee unfairly.
INT-2026-00618,CUST-55140,26/05/2026 09:20,Web Chat,,North West,AGT-935,Why did my direct debit fail yesterday? I was charged a £25 penalty fee unfairly.
INT-2026-04678,CUST-33363,12/02/2026 08:29,webchat,Enterprise,Wales,AGT-852,Can someone explain the difference between the standard and enterprise tier plans?
INT-2026-04227,CUST-92349,18/05/2026 09:31,Email,Enterprise,Yorkshire & Humber,AGT-242,I would like to update my billing address to M33 9EE.
INT-2026-02991,CUST-44586,31/03/2026 08:39,Email,Enterprise,North West,AGT-905,Can someone explain the difference between the standard and enterprise tier plans?
INT-2026-04631,CUST-83884,20/01/2026 20:42,web_chat,Enterprise,Scotland,AGT-263,"This is a formal complaint regarding my overcharged invoice. If you do not resolve this today, I will escalate to the Financial Ombudsman and FCA immediately. My postcode is MK4 2XR."
INT-2026-00770,CUST-19288,11/04/2026 10:32,email,Enterprise,Greater London,AGT-329,I would like to update my billing address to NP1W 6PT.
INT-2026-01769,CUST-16353,31/03/2026 06:20,webchat,Standard,Greater London,AGT-508,I am issuing a formal right to be forgotten request. Erase all personal records linked to my phone number (0118) 4960182.
INT-2026-00698,CUST-66479,15/06/2026 11:22,webchat,Small Business,Greater London,AGT-924,I'm experiencing severe financial hardship following a bereavement. I live at WC0 0HY and need urgent payment assistance. [DUPLICATE SUBMISSION]
INT-2026-03810,CUST-56489,22/03/2026 17:48,EMAIL,Enterprise,East of England,AGT-253,I was double billed for my monthly subscription on card 3552256180797247. Please process a refund.
INT-2026-03448,CUST-77593,21/01/2026 17:12,E-Mail,Enterprise,North West,AGT-162,Unacceptable service! Your agent was extremely rude. I demand an immediate refund of £85. My account number is linked to NI WN557551S.
INT-2026-01947,CUST-94032,1768131130,E-Mail,Enterprise,West Midlands,AGT-110,Can you send me a copy of my latest VAT invoice for last month?
INT-2026-00656,CUST-84559,05/05/2026 20:28,Web Chat,Small Business,Greater London,AGT-464,My business went into administration. I cannot pay this invoice right now. Contact my legal representative at morgankenneth@example.com.
INT-2026-01124,CUST-86205,11/01/2026 10:41,email,Small Business,Scotland,AGT-765,Can you send me a copy of my latest VAT invoice for last month?
INT-2026-00458,CUST-13250,28/03/2026 14:23,E-Mail,VIP,Wales,AGT-885,Please delete all my data and process my Subject Access Request under UK GDPR rules immediately. Contact me at rosie27@example.com.
INT-2026-00728,CUST-60540,13/04/2026 09:13,E-Mail,Standard,Yorkshire & Humber,AGT-761,I was double billed for my monthly subscription on card 2272446144092337. Please process a refund.
INT-2026-01591,CUST-69691,24/03/2026 01:24,call_transcript,Small Business,Greater London,AGT-516,Why did my direct debit fail yesterday? I was charged a £25 penalty fee unfairly.
INT-2026-00450,CUST-73730,02/04/2026 07:07,EMAIL,Enterprise,Wales,AGT-789,How do I update my password on the online customer portal?
INT-2026-03183,,30/01/2026 04:59,EMAIL,VIP,Greater London,AGT-675,Disgusted by this scam service. I demand to speak with a senior manager immediately regarding my direct debit failure.
INT-2026-03812,CUST-91349,23/05/2026 02:03,email,Enterprise,Wales,AGT-144,Why did my direct debit fail yesterday? I was charged a £25 penalty fee unfairly.
INT-2026-04141,CUST-38533,04/03/2026 04:37,webchat,Small Business,West Midlands,AGT-407,Can someone explain the difference between the standard and enterprise tier plans?
INT-2026-01956,CUST-44360,11/03/2026 15:15,,Small Business,East of England,AGT-721,"<html><body><p>Hello support team, I need help logging in.</p></body></html>"
INT-2026-00350,CUST-18302,17/03/2026 05:50,call_transcript,Enterprise,West Midlands,AGT-519,How do I update my password on the online customer portal?
INT-2026-02704,CUST-40381,24/02/2026 23:08,Call Transcript,Standard,Yorkshire & Humber,AGT-718,Please delete all my data and process my Subject Access Request under UK GDPR rules immediately. Contact me at liambailey@example.net.
INT-2026-02742,CUST-32120,05/04/2026 10:31,email,VIP,Yorkshire & Humber,AGT-388,Your company has breached GDPR by sending emails to the wrong recipient. I am reporting this to the Information Commissioner's Office (ICO).
INT-2026-00842,CUST-99393,08/03/2026 10:40,E-Mail,Standard,Yorkshire & Humber,AGT-891,Unacceptable service! Your agent was extremely rude. I demand an immediate refund of £85. My account number is linked to NI XE294414M.
INT-2026-00598,CUST-19593,16/03/2026 00:18,Call Transcript,Enterprise,Greater London,AGT-826,I would like to update my billing address to EH72 2ZN.
INT-2026-03395,CUST-50183,21/05/2026 21:59,,VIP,Wales,AGT-793,Your company has breached GDPR by sending emails to the wrong recipient. I am reporting this to the Information Commissioner's Office (ICO).
INT-2026-00564,CUST-87091,25/01/2026 17:52,EMAIL,Enterprise,North West,AGT-968,I would like to update my billing address to NW80 5JU.
INT-2026-01051,CUST-99558,10/02/2026 05:18,webchat,VIP,Scotland,AGT-714,How do I update my password on the online customer portal?
INT-2026-01529,CUST-42121,06/03/2026 01:53,CALL,Standard,Wales,AGT-382,Can someone explain the difference between the standard and enterprise tier plans?
INT-2026-03832,CUST-31575,23/01/2026 02:03,E-Mail,Standard,Wales,AGT-857,Please delete all my data and process my Subject Access Request under UK GDPR rules immediately. Contact me at beth23@example.org.
INT-2026-00898,CUST-95219,29/05/2026 23:00,EMAIL,VIP,East of England,AGT-438,I'm experiencing severe financial hardship following a bereavement. I live at L31 4LW and need urgent payment assistance.
INT-2026-00541,CUST-17857,02/05/2026 17:58,Web Chat,Small Business,West Midlands,AGT-686,Can someone explain the difference between the standard and enterprise tier plans?
INT-2026-01006,CUST-87289,24/04/2026 03:45,E-Mail,VIP,Scotland,AGT-317,"This is a formal complaint regarding my overcharged invoice. If you do not resolve this today, I will escalate to the Financial Ombudsman and FCA immediately. My postcode is M1T 3US."
INT-2026-03565,CUST-11411,1773166718,E-Mail,Enterprise,West Midlands,AGT-700,Can someone explain the difference between the standard and enterprise tier plans?
INT-2026-03628,CUST-47680,25/01/2026 06:17,Call Transcript,Small Business,Greater London,AGT-806,
INT-2026-02101,CUST-65459,23/02/2026 23:43,Email,Standard,Wales,AGT-465,Your company has breached GDPR by sending emails to the wrong recipient. I am reporting this to the Information Commissioner's Office (ICO).
INT-2026-02831,CUST-57147,15/05/2026 14:29,EMAIL,Enterprise,Greater London,AGT-839,I was double billed for my monthly subscription on card 3509984522059794. Please process a refund.
INT-2026-00692,CUST-26401,01/05/2026 04:57,webchat,Standard,Wales,AGT-809,I was double billed for my monthly subscription on card 4145634091858054. Please process a refund.
INT-2026-04013,CUST-56203,18/04/2026 14:25,email,Enterprise,West Midlands,AGT-800,Disgusted by this scam service. I demand to speak with a senior manager immediately regarding my direct debit failure.
INT-2026-04804,CUST-98208,1778478052,webchat,Enterprise,West Midlands,AGT-305,I'm experiencing severe financial hardship following a bereavement. I live at E79 2RD and need urgent payment assistance.
INT-2026-02003,CUST-35995,12/01/2026 14:03,Web Chat,Small Business,Greater London,AGT-300,My business went into administration. I cannot pay this invoice right now. Contact my legal representative at bryanpowell@example.org.
INT-2026-01912,CUST-42602,23/03/2026 22:25,CALL,Small Business,Scotland,AGT-436,My business went into administration. I cannot pay this invoice right now. Contact my legal representative at francesca16@example.com.
INT-2026-00296,CUST-77181,12/02/2026 20:56,email,Standard,Wales,AGT-869,Can someone explain the difference between the standard and enterprise tier plans?
INT-2026-01691,CUST-30388,19/03/2026 09:34,Call Transcript,Standard,East of England,AGT-905,How do I update my password on the online customer portal?
INT-2026-03616,CUST-83975,14/01/2026 18:47,Web Chat,Standard,Scotland,AGT-681,What are your customer support opening hours over the bank holiday weekend?
INT-2026-00658,CUST-39634,28/02/2026 02:46,web_chat,Small Business,East of England,AGT-959,Why did my direct debit fail yesterday? I was charged a £25 penalty fee unfairly.
INT-2026-04667,CUST-79595,11/01/2026 13:47,E-Mail,,Yorkshire & Humber,AGT-563,I would like to update my billing address to DL5E 8XE.
INT-2026-01159,CUST-78184,,call_transcript,Enterprise,Wales,AGT-103,Can someone explain the difference between the standard and enterprise tier plans?
INT-2026-00061,CUST-24871,06/05/2026 18:32,EMAIL,Enterprise,Scotland,AGT-954,I was double billed for my monthly subscription on card 6585161227530466. Please process a refund.
INT-2026-03126,CUST-22027,31/03/2026 09:34,Email,Small Business,Greater London,AGT-350,Can someone explain the difference between the standard and enterprise tier plans?
INT-2026-04087,CUST-89859,07/02/2026 02:27,email,Enterprise,East of England,AGT-719,What are your customer support opening hours over the bank holiday weekend?
INT-2026-00860,CUST-20391,23/01/2026 14:34,webchat,VIP,East of England,AGT-918,My business went into administration. I cannot pay this invoice right now. Contact my legal representative at xhancock@example.com.
INT-2026-04699,CUST-73855,21/04/2026 22:20,EMAIL,Small Business,Yorkshire & Humber,AGT-447,How do I update my password on the online customer portal?
INT-2026-00387,CUST-71710,05/03/2026 22:13,Web Chat,Standard,Yorkshire & Humber,AGT-847,   
INT-2026-02978,CUST-17422,19/03/2026 07:17,CALL,Small Business,East of England,AGT-638,You have failed to address my issue for 3 weeks. I am filing an official grievance and taking this further to legal counsel.
INT-2026-00697,CUST-40352,30/05/2026 06:59,email,Enterprise,Scotland,AGT-904,You have failed to address my issue for 3 weeks. I am filing an official grievance and taking this further to legal counsel.
INT-2026-00089,CUST-84395,31/01/2026 05:03,Email,Small Business,Scotland,AGT-721,I was double billed for my monthly subscription on card 213123806174457. Please process a refund.
INT-2026-03573,CUST-26305,02/05/2026 17:10,E-Mail,Enterprise,Greater London,AGT-329,"<html><body><p>Hello support team, I need help logging in.</p></body></html>"
INT-2026-00358,CUST-84798,19/01/2026 07:24,email,VIP,North West,AGT-362,How do I update my password on the online customer portal?
INT-2026-00327,CUST-44039,16/02/2026 01:08,Web Chat,Small Business,North West,AGT-529,I would like to update my billing address to M11 3BZ.
INT-2026-04143,CUST-45171,04/05/2026 19:11,Web Chat,Small Business,Yorkshire & Humber,AGT-578,Can you send me a copy of my latest VAT invoice for last month?
INT-2026-03899,CUST-80325,10/03/2026 10:30,Call Transcript,Small Business,North West,AGT-681,My business went into administration. I cannot pay this invoice right now. Contact my legal representative at vanessacooke@example.org.
INT-2026-04515,CUST-18749,20/03/2026 22:42,call_transcript,Small Business,Scotland,AGT-851,Unacceptable service! Your agent was extremely rude. I demand an immediate refund of £85. My account number is linked to NI WE578954H.
INT-2026-01523,CUST-75601,07/05/2026 11:25,email,VIP,Scotland,AGT-290,"This is a formal complaint regarding my overcharged invoice. If you do not resolve this today, I will escalate to the Financial Ombudsman and FCA immediately. My postcode is E29 8GH."
INT-2026-03102,CUST-92047,14/05/2026 03:31,CALL,Small Business,East of England,AGT-151,How do I update my password on the online customer portal?
INT-2026-03560,CUST-48588,06/02/2026 07:19,call_transcript,Standard,Wales,AGT-576,Why did my direct debit fail yesterday? I was charged a £25 penalty fee unfairly.
INT-2026-00758,CUST-10845,14/05/2026 13:15,CALL,Standard,Yorkshire & Humber,AGT-199,"This is a formal complaint regarding my overcharged invoice. If you do not resolve this today, I will escalate to the Financial Ombudsman and FCA immediately. My postcode is G3A 5HF."
INT-2026-03269,CUST-70473,14/05/2026 12:47,web_chat,Small Business,Greater London,AGT-828,
INT-2026-02508,CUST-62692,11/01/2026 05:52,E-Mail,Enterprise,West Midlands,AGT-267,Can someone explain the difference between the standard and enterprise tier plans?
INT-2026-04449,CUST-18614,23/05/2026 04:56,email,Small Business,Wales,AGT-648,What are your customer support opening hours over the bank holiday weekend?
INT-2026-02210,CUST-26916,08/04/2026 00:47,Call Transcript,Enterprise,Yorkshire & Humber,AGT-465,Can someone explain the difference between the standard and enterprise tier plans?
INT-2026-03466,CUST-94637,05/03/2026 09:40,email,Enterprise,Scotland,AGT-428,Disgusted by this scam service. I demand to speak with a senior manager immediately regarding my direct debit failure.
INT-2026-04419,,20/05/2026 21:49,,Small Business,Greater London,AGT-965,I am currently in hospital due to severe illness and my pension payment hasn't come through. Please call me back on 0289018582.
INT-2026-00119,CUST-68493,25/02/2026 10:53,CALL,Standard,Scotland,AGT-276,Can someone explain the difference between the standard and enterprise tier plans?
INT-2026-01728,CUST-49112,29/04/2026 08:03,Web Chat,Small Business,Scotland,AGT-297,"This is a formal complaint regarding my overcharged invoice. If you do not resolve this today, I will escalate to the Financial Ombudsman and FCA immediately. My postcode is TD05 9AX."
INT-2026-02805,CUST-46958,07/01/2026 18:23,webchat,Small Business,East of England,AGT-884,Can you send me a copy of my latest VAT invoice for last month?
INT-2026-00481,CUST-55038,,call_transcript,Small Business,Greater London,AGT-492,I was double billed for my monthly subscription on card 4248355054298. Please process a refund.
INT-2026-04217,CUST-54422,08/04/2026 06:16,EMAIL,Standard,Wales,AGT-994,Can you send me a copy of my latest VAT invoice for last month?
INT-2026-00774,CUST-75089,25/03/2026 19:00,web_chat,Standard,Greater London,AGT-892,What are your customer support opening hours over the bank holiday weekend?
INT-2026-00680,CUST-68238,06/03/2026 10:05,Web Chat,Standard,Greater London,AGT-944,I'm experiencing severe financial hardship following a bereavement. I live at TW8 3AQ and need urgent payment assistance.
INT-2026-03930,CUST-76448,31/03/2026 18:47,,VIP,Wales,AGT-586,Unacceptable service! Your agent was extremely rude. I demand an immediate refund of £85. My account number is linked to NI IR596739Y.
INT-2026-00504,CUST-88694,1773398275,EMAIL,Small Business,Wales,AGT-789,Why did my direct debit fail yesterday? I was charged a £25 penalty fee unfairly.
INT-2026-02706,CUST-21349,08/05/2026 10:11,CALL,Standard,Yorkshire & Humber,AGT-400,You have failed to address my issue for 3 weeks. I am filing an official grievance and taking this further to legal counsel.
INT-2026-02719,CUST-76734,18/02/2026 06:40,Email,VIP,East of England,AGT-346,What are your customer support opening hours over the bank holiday weekend?
INT-2026-04530,CUST-29599,15/01/2026 13:48,Email,Standard,Greater London,AGT-622,I lost my job last month and I simply cannot afford my direct debit payment of £150. My NI number is ZD332874A. Please help me reduce my bill.
INT-2026-02499,CUST-74458,24/02/2026 06:30,Email,Small Business,Scotland,AGT-595,My business went into administration. I cannot pay this invoice right now. Contact my legal representative at amber85@example.com.
INT-2026-03073,CUST-30043,30/05/2026 07:46,,Small Business,Yorkshire & Humber,AGT-736,SELECT * FROM users WHERE customer_id = 'CUST-101' OR 1=1;
INT-2026-02647,,11/03/2026 08:47,E-Mail,,Scotland,AGT-434,What are your customer support opening hours over the bank holiday weekend?
INT-2026-01446,CUST-52917,10/04/2026 09:25,Call Transcript,Small Business,North West,AGT-399,I am issuing a formal right to be forgotten request. Erase all personal records linked to my phone number 0116 4960992.
INT-2026-04512,CUST-56379,03/04/2026 14:57,web_chat,Standard,Scotland,AGT-974,Why did my direct debit fail yesterday? I was charged a £25 penalty fee unfairly.
INT-2026-04793,CUST-64152,15/04/2026 20:02,call_transcript,Small Business,West Midlands,AGT-539,Why did my direct debit fail yesterday? I was charged a £25 penalty fee unfairly.
INT-2026-04388,CUST-63428,05/02/2026 16:24,Email,Small Business,East of England,AGT-687,How do I update my password on the online customer portal?
INT-2026-01650,CUST-26129,04/03/2026 13:52,E-Mail,Small Business,Yorkshire & Humber,AGT-107,I was double billed for my monthly subscription on card 213147599117399. Please process a refund.
INT-2026-02992,CUST-65356,20/01/2026 08:35,call_transcript,Standard,Yorkshire & Humber,AGT-314,Why did my direct debit fail yesterday? I was charged a £25 penalty fee unfairly.
INT-2026-04500,CUST-92736,27/02/2026 06:03,webchat,VIP,Scotland,AGT-607,You have failed to address my issue for 3 weeks. I am filing an official grievance and taking this further to legal counsel.
INT-2026-02485,CUST-49918,05/01/2026 14:36,Web Chat,Small Business,Greater London,AGT-534,Can someone explain the difference between the standard and enterprise tier plans?
INT-2026-03156,CUST-16257,12/01/2026 06:09,web_chat,Enterprise,North West,AGT-913,   
INT-2026-00605,CUST-27423,10/05/2026 09:30,web_chat,Small Business,Yorkshire & Humber,AGT-755,How do I update my password on the online customer portal?
INT-2026-01066,CUST-84232,15/03/2026 09:15,email,VIP,North West,AGT-880,How do I update my password on the online customer portal?
INT-2026-03248,CUST-74120,05/01/2026 00:36,EMAIL,VIP,East of England,AGT-944,I would like to update my billing address to M3 0RN.
INT-2026-02630,CUST-55006,11/02/2026 02:58,webchat,VIP,North West,AGT-473,I was double billed for my monthly subscription on card 502048234798. Please process a refund.
INT-2026-03900,CUST-62807,1773350399,call_transcript,VIP,Greater London,AGT-534,I'm experiencing severe financial hardship following a bereavement. I live at G3S 9HT and need urgent payment assistance.
INT-2026-02036,CUST-12779,22/05/2026 20:56,email,Enterprise,West Midlands,AGT-475,How do I update my password on the online customer portal?
INT-2026-04083,CUST-25324,31/01/2026 09:14,call_transcript,Small Business,East of England,AGT-862,I am currently in hospital due to severe illness and my pension payment hasn't come through. Please call me back on 0118 4960103.
INT-2026-00959,CUST-61761,17/01/2026 19:08,E-Mail,Small Business,Scotland,AGT-211,I lost my job last month and I simply cannot afford my direct debit payment of £150. My NI number is HE464461G. Please help me reduce my bill.
INT-2026-02068,CUST-15509,08/01/2026 08:49,CALL,Small Business,East of England,AGT-198,What are your customer support opening hours over the bank holiday weekend?
INT-2026-02035,CUST-82968,,Call Transcript,Standard,North West,AGT-639,I was double billed for my monthly subscription on card 375848363917013. Please process a refund.
INT-2026-00222,CUST-46681,07/01/2026 17:28,email,Small Business,Greater London,AGT-189,Please delete all my data and process my Subject Access Request under UK GDPR rules immediately. Contact me at holiver@example.org.
INT-2026-00843,,03/04/2026 06:38,email,Standard,West Midlands,AGT-818,I'm experiencing severe financial hardship following a bereavement. I live at TR92 0YL and need urgent payment assistance.
INT-2026-00009,CUST-80381,1769097134,web_chat,Enterprise,Yorkshire & Humber,AGT-880,"This is a formal complaint regarding my overcharged invoice. If you do not resolve this today, I will escalate to the Financial Ombudsman and FCA immediately. My postcode is PA9V 4HP."
INT-2026-02975,,06/01/2026 02:57,web_chat,Small Business,North West,AGT-581,Can someone explain the difference between the standard and enterprise tier plans?
INT-2026-03945,CUST-54849,17/04/2026 07:48,Web Chat,Enterprise,North West,AGT-454,How do I update my password on the online customer portal?
INT-2026-01703,CUST-37312,20/04/2026 16:47,email,Enterprise,East of England,AGT-267,SELECT * FROM users WHERE customer_id = 'CUST-101' OR 1=1;
INT-2026-03819,CUST-90531,09/04/2026 04:54,CALL,Standard,Greater London,AGT-313,I lost my job last month and I simply cannot afford my direct debit payment of £150. My NI number is TF978360G. Please help me reduce my bill.
INT-2026-04219,CUST-90597,15/03/2026 23:43,call_transcript,Enterprise,Wales,AGT-773,I am currently in hospital due to severe illness and my pension payment hasn't come through. Please call me back on +44117 496 0380.
INT-2026-04642,CUST-27075,20/03/2026 14:13,webchat,VIP,Greater London,AGT-567,Disgusted by this scam service. I demand to speak with a senior manager immediately regarding my direct debit failure.
INT-2026-03974,CUST-86221,11/01/2026 00:32,Call Transcript,Standard,North West,AGT-475,Disgusted by this scam service. I demand to speak with a senior manager immediately regarding my direct debit failure.
INT-2026-03902,CUST-89746,15/06/2026 11:22,web_chat,Enterprise,Scotland,AGT-728,How do I update my password on the online customer portal? [DUPLICATE SUBMISSION]
INT-2026-00805,CUST-97649,16/01/2026 08:28,web_chat,Enterprise,West Midlands,AGT-564,How do I update my password on the online customer portal?
INT-2026-02268,CUST-87821,28/03/2026 19:15,Email,Small Business,East of England,AGT-821,What are your customer support opening hours over the bank holiday weekend?
INT-2026-00140,CUST-99285,17/04/2026 20:49,Email,Small Business,Scotland,AGT-766,You have failed to address my issue for 3 weeks. I am filing an official grievance and taking this further to legal counsel.
INT-2026-04393,CUST-33146,24/01/2026 11:18,Email,Enterprise,Greater London,AGT-870,I lost my job last month and I simply cannot afford my direct debit payment of £150. My NI number is UA755902Q. Please help me reduce my bill.
INT-2026-01959,CUST-37001,22/03/2026 21:55,Email,Standard,Greater London,AGT-918,What are your customer support opening hours over the bank holiday weekend?
INT-2026-01502,,1770900871,email,VIP,Yorkshire & Humber,AGT-246,Why did my direct debit fail yesterday? I was charged a £25 penalty fee unfairly.
INT-2026-04463,CUST-30574,17/05/2026 16:12,Web Chat,Small Business,Greater London,AGT-567,Can you send me a copy of my latest VAT invoice for last month?
INT-2026-02622,CUST-62706,14/01/2026 19:56,webchat,Standard,Greater London,AGT-595,I am currently in hospital due to severe illness and my pension payment hasn't come through. Please call me back on +44(0)909 879 0833.
INT-2026-00693,CUST-59868,06/05/2026 13:35,web_chat,Enterprise,Greater London,AGT-345,Your company has breached GDPR by sending emails to the wrong recipient. I am reporting this to the Information Commissioner's Office (ICO).
INT-2026-04585,CUST-98934,25/05/2026 17:25,web_chat,VIP,North West,AGT-185,I'm experiencing severe financial hardship following a bereavement. I live at KY91 8NU and need urgent payment assistance.
INT-2026-01437,CUST-49790,14/03/2026 07:20,web_chat,VIP,Yorkshire & Humber,AGT-330,I am issuing a formal right to be forgotten request. Erase all personal records linked to my phone number (0306) 999 0145.
INT-2026-00812,CUST-50437,22/04/2026 04:04,E-Mail,Enterprise,North West,AGT-719,Can you send me a copy of my latest VAT invoice for last month?
INT-2026-00033,CUST-35485,06/04/2026 23:57,webchat,Standard,Wales,AGT-535,Disgusted by this scam service. I demand to speak with a senior manager immediately regarding my direct debit failure.
INT-2026-04326,CUST-59525,25/02/2026 07:45,Web Chat,VIP,West Midlands,AGT-758,Disgusted by this scam service. I demand to speak with a senior manager immediately regarding my direct debit failure.
INT-2026-04606,CUST-57457,27/03/2026 05:01,Email,Standard,Greater London,AGT-805,What are your customer support opening hours over the bank holiday weekend?
INT-2026-03123,CUST-28466,1776993540,email,Small Business,Yorkshire & Humber,AGT-482,How do I update my password on the online customer portal?
INT-2026-00603,CUST-66083,21/01/2026 13:27,E-Mail,Small Business,North West,AGT-569,You have failed to address my issue for 3 weeks. I am filing an official grievance and taking this further to legal counsel.
INT-2026-04442,CUST-20454,18/04/2026 23:05,EMAIL,Small Business,Yorkshire & Humber,AGT-858,My business went into administration. I cannot pay this invoice right now. Contact my legal representative at francis11@example.org.
INT-2026-01341,CUST-57951,07/04/2026 23:52,call_transcript,Small Business,Wales,AGT-845,Can you send me a copy of my latest VAT invoice for last month?
INT-2026-01219,CUST-11757,07/05/2026 08:08,Call Transcript,Enterprise,North West,AGT-202,I lost my job last month and I simply cannot afford my direct debit payment of £150. My NI number is YA945419Z. Please help me reduce my bill.
INT-2026-02001,CUST-79772,17/01/2026 13:39,web_chat,Enterprise,North West,AGT-159,"This is a formal complaint regarding my overcharged invoice. If you do not resolve this today, I will escalate to the Financial Ombudsman and FCA immediately. My postcode is W4 2BQ."
INT-2026-00215,CUST-40339,22/03/2026 04:59,call_transcript,Standard,Yorkshire & Humber,AGT-236,Can someone explain the difference between the standard and enterprise tier plans?
INT-2026-00802,CUST-31704,05/04/2026 11:53,Web Chat,Standard,North West,AGT-782,Please delete all my data and process my Subject Access Request under UK GDPR rules immediately. Contact me at melissa22@example.net.
INT-2026-00354,CUST-60506,08/05/2026 13:15,call_transcript,Small Business,East of England,AGT-208,I would like to update my billing address to HX83 9NP.
INT-2026-01466,CUST-45466,27/05/2026 14:27,call_transcript,Small Business,Yorkshire & Humber,AGT-916,My business went into administration. I cannot pay this invoice right now. Contact my legal representative at margaret72@example.com.
INT-2026-04437,CUST-21844,24/05/2026 01:06,web_chat,Enterprise,West Midlands,AGT-751,How do I update my password on the online customer portal?
INT-2026-02972,CUST-71350,27/01/2026 04:04,Email,Enterprise,West Midlands,AGT-388,You have failed to address my issue for 3 weeks. I am filing an official grievance and taking this further to legal counsel.
INT-2026-04660,CUST-97416,07/01/2026 10:51,Call Transcript,Enterprise,Wales,AGT-338,How do I update my password on the online customer portal?
INT-2026-01042,CUST-81142,31/03/2026 20:17,E-Mail,VIP,North West,AGT-712,I would like to update my billing address to EH43 6RB.
INT-2026-02716,CUST-64953,22/04/2026 08:26,CALL,Standard,Wales,AGT-205,I would like to update my billing address to RM0V 9PP.
INT-2026-03678,CUST-74276,04/04/2026 01:47,Web Chat,VIP,West Midlands,AGT-862,Unacceptable service! Your agent was extremely rude. I demand an immediate refund of £85. My account number is linked to NI LQ684953Q.
INT-2026-00603,CUST-66083,21/01/2026 13:27,E-Mail,Small Business,North West,AGT-569,You have failed to address my issue for 3 weeks. I am filing an official grievance and taking this further to legal counsel.
INT-2026-03028,CUST-86534,1775797554,E-Mail,Enterprise,North West,AGT-971,"This is a formal complaint regarding my overcharged invoice. If you do not resolve this today, I will escalate to the Financial Ombudsman and FCA immediately. My postcode is N8 9EP."
INT-2026-04054,CUST-11491,03/01/2026 16:15,Email,,East of England,AGT-593,What are your customer support opening hours over the bank holiday weekend?
INT-2026-02013,CUST-26006,01/02/2026 15:16,,VIP,Yorkshire & Humber,AGT-350,You have failed to address my issue for 3 weeks. I am filing an official grievance and taking this further to legal counsel.
INT-2026-03176,CUST-82742,15/02/2026 09:53,E-Mail,Small Business,Wales,AGT-812,How do I update my password on the online customer portal?
INT-2026-01257,CUST-57358,15/05/2026 21:50,webchat,Standard,North West,AGT-952,Can you send me a copy of my latest VAT invoice for last month?
INT-2026-02786,CUST-87695,06/03/2026 00:30,Email,Enterprise,Greater London,AGT-297,"This is a formal complaint regarding my overcharged invoice. If you do not resolve this today, I will escalate to the Financial Ombudsman and FCA immediately. My postcode is N19 6XU."
INT-2026-00576,CUST-53452,1770670236,webchat,,West Midlands,AGT-130,Why did my direct debit fail yesterday? I was charged a £25 penalty fee unfairly.
INT-2026-01853,CUST-44710,13/02/2026 10:58,E-Mail,Standard,Wales,AGT-838,How do I update my password on the online customer portal?
INT-2026-03206,CUST-80528,27/02/2026 21:25,Web Chat,Small Business,Scotland,AGT-685,Please delete all my data and process my Subject Access Request under UK GDPR rules immediately. Contact me at pauline42@example.org.
INT-2026-00143,CUST-27589,22/02/2026 23:30,Call Transcript,Enterprise,East of England,AGT-290,I'm experiencing severe financial hardship following a bereavement. I live at G66 4DS and need urgent payment assistance.
INT-2026-00193,CUST-63948,08/05/2026 08:41,Web Chat,VIP,Wales,AGT-963,Can someone explain the difference between the standard and enterprise tier plans?
INT-2026-02380,CUST-37325,23/01/2026 19:28,Email,Enterprise,Greater London,AGT-122,Please delete all my data and process my Subject Access Request under UK GDPR rules immediately. Contact me at derekbrown@example.net.
INT-2026-04117,CUST-85221,13/03/2026 12:59,E-Mail,Small Business,Greater London,AGT-706,I was double billed for my monthly subscription on card 2607617796800021. Please process a refund.
INT-2026-02043,CUST-76259,08/03/2026 17:37,EMAIL,Standard,Greater London,AGT-539,Can someone explain the difference between the standard and enterprise tier plans?
INT-2026-01645,CUST-40767,20/01/2026 21:54,webchat,Small Business,Greater London,AGT-403,Can you send me a copy of my latest VAT invoice for last month?
INT-2026-00451,CUST-21443,25/02/2026 23:54,email,Standard,East of England,AGT-251,Why did my direct debit fail yesterday? I was charged a £25 penalty fee unfairly.
INT-2026-00970,CUST-66594,05/01/2026 15:04,Call Transcript,VIP,East of England,AGT-511,Why did my direct debit fail yesterday? I was charged a £25 penalty fee unfairly.
INT-2026-02761,CUST-13385,20/01/2026 09:39,Web Chat,Enterprise,North West,AGT-576,How do I update my password on the online customer portal?
INT-2026-04572,CUST-79421,22/02/2026 18:38,webchat,VIP,East of England,AGT-891,Why did my direct debit fail yesterday? I was charged a £25 penalty fee unfairly.
INT-2026-00846,CUST-76448,1771744727,webchat,Enterprise,Yorkshire & Humber,AGT-814,What are your customer support opening hours over the bank holiday weekend?
INT-2026-00971,CUST-42204,29/05/2026 02:04,email,Standard,East of England,AGT-199,How do I update my password on the online customer portal?
INT-2026-00974,CUST-92402,14/05/2026 23:27,Web Chat,Small Business,Greater London,AGT-873,My business went into administration. I cannot pay this invoice right now. Contact my legal representative at janet03@example.net.
INT-2026-04314,CUST-28955,31/01/2026 23:09,EMAIL,Small Business,Scotland,AGT-723,I was double billed for my monthly subscription on card 372460448085114. Please process a refund.
INT-2026-01705,CUST-60371,17/03/2026 11:49,Web Chat,Enterprise,East of England,AGT-184,Can someone explain the difference between the standard and enterprise tier plans?
INT-2026-03877,CUST-79936,15/06/2026 11:22,web_chat,VIP,North West,AGT-673,"This is a formal complaint regarding my overcharged invoice. If you do not resolve this today, I will escalate to the Financial Ombudsman and FCA immediately. My postcode is W4W 5RQ. [DUPLICATE SUBMISSION]"
INT-2026-02138,CUST-93356,22/02/2026 15:00,web_chat,Small Business,North West,AGT-448,What are your customer support opening hours over the bank holiday weekend?
INT-2026-00488,CUST-22053,19/01/2026 09:29,CALL,Small Business,North West,AGT-455,I would like to update my billing address to W45 6DD.
INT-2026-02626,CUST-31418,06/01/2026 19:52,Web Chat,Small Business,North West,AGT-831,I would like to update my billing address to G25 8RE.
INT-2026-01167,CUST-68854,29/05/2026 03:40,webchat,Standard,East of England,AGT-993,Can you send me a copy of my latest VAT invoice for last month?
INT-2026-04389,CUST-80067,1767684503,E-Mail,Standard,West Midlands,AGT-756,I was double billed for my monthly subscription on card 4771506407415454790. Please process a refund.
INT-2026-04173,CUST-98112,20/01/2026 14:19,CALL,VIP,Wales,AGT-446,What are your customer support opening hours over the bank holiday weekend?
INT-2026-04798,CUST-59133,1775151178,CALL,Standard,West Midlands,AGT-566,I am currently in hospital due to severe illness and my pension payment hasn't come through. Please call me back on 0116 496 0763.
INT-2026-03729,CUST-51997,19/04/2026 16:04,Email,Small Business,Greater London,AGT-368,I would like to update my billing address to DE5 8TF.
INT-2026-01977,CUST-98287,04/03/2026 03:25,web_chat,VIP,Scotland,AGT-366,You have failed to address my issue for 3 weeks. I am filing an official grievance and taking this further to legal counsel.
INT-2026-03585,CUST-69678,28/03/2026 07:44,Email,VIP,Wales,AGT-588,I lost my job last month and I simply cannot afford my direct debit payment of £150. My NI number is GC710449D. Please help me reduce my bill.
INT-2026-04281,CUST-39639,30/03/2026 23:17,CALL,Small Business,Greater London,AGT-573,Please delete all my data and process my Subject Access Request under UK GDPR rules immediately. Contact me at pauline20@example.org.
INT-2026-04453,CUST-43478,1775725136,Email,VIP,Yorkshire & Humber,AGT-366,I was double billed for my monthly subscription on card 4420391908976824273. Please process a refund.
INT-2026-03186,CUST-57151,15/01/2026 10:58,Web Chat,Small Business,Scotland,AGT-825,Unacceptable service! Your agent was extremely rude. I demand an immediate refund of £85. My account number is linked to NI XV504916J.
INT-2026-02456,CUST-48679,16/03/2026 09:01,webchat,Enterprise,Scotland,AGT-801,I lost my job last month and I simply cannot afford my direct debit payment of £150. My NI number is VN202730Y. Please help me reduce my bill.
INT-2026-00903,CUST-62321,25/04/2026 14:36,webchat,Standard,North West,AGT-874,Disgusted by this scam service. I demand to speak with a senior manager immediately regarding my direct debit failure.
INT-2026-00535,CUST-10863,08/03/2026 06:40,Call Transcript,Small Business,West Midlands,AGT-744,What are your customer support opening hours over the bank holiday weekend?
INT-2026-02085,CUST-33552,05/04/2026 17:17,email,Standard,Yorkshire & Humber,AGT-670,Why did my direct debit fail yesterday? I was charged a £25 penalty fee unfairly.
INT-2026-04127,CUST-15300,25/02/2026 05:27,call_transcript,Enterprise,East of England,AGT-543,Can someone explain the difference between the standard and enterprise tier plans?
INT-2026-02501,CUST-71105,1771288832,E-Mail,Enterprise,North West,AGT-904,Can someone explain the difference between the standard and enterprise tier plans?
INT-2026-04423,CUST-21826,,CALL,Small Business,North West,AGT-466,I was double billed for my monthly subscription on card 3562334418255342. Please process a refund.
INT-2026-01311,CUST-57992,10/05/2026 09:46,E-Mail,,Scotland,AGT-394,   
INT-2026-01333,CUST-49129,08/01/2026 22:29,CALL,Standard,Wales,AGT-129,You have failed to address my issue for 3 weeks. I am filing an official grievance and taking this further to legal counsel.
INT-2026-03682,CUST-14610,07/03/2026 02:45,E-Mail,Small Business,North West,AGT-803,What are your customer support opening hours over the bank holiday weekend?
INT-2026-04740,CUST-32038,22/03/2026 09:40,email,Standard,East of England,AGT-944,Unacceptable service! Your agent was extremely rude. I demand an immediate refund of £85. My account number is linked to NI DX907795F.
INT-2026-04126,CUST-93252,26/01/2026 12:27,Web Chat,Standard,West Midlands,AGT-517,Can you send me a copy of my latest VAT invoice for last month?
INT-2026-00167,CUST-22499,14/02/2026 14:47,Email,Standard,Greater London,AGT-800,How do I update my password on the online customer portal?
INT-2026-01053,CUST-39957,03/04/2026 22:06,Web Chat,VIP,Wales,AGT-137,ok thanks
INT-2026-03992,CUST-96409,15/06/2026 11:22,Email,Enterprise,West Midlands,AGT-976,Why did my direct debit fail yesterday? I was charged a £25 penalty fee unfairly. [DUPLICATE SUBMISSION]
INT-2026-01872,CUST-51100,24/02/2026 12:42,E-Mail,Standard,North West,AGT-648,What are your customer support opening hours over the bank holiday weekend?
INT-2026-02926,CUST-43307,15/06/2026 11:22,CALL,Enterprise,Yorkshire & Humber,AGT-507,Can you send me a copy of my latest VAT invoice for last month? [DUPLICATE SUBMISSION]
INT-2026-00704,CUST-72419,08/01/2026 10:24,Call Transcript,Standard,Yorkshire & Humber,AGT-892,I was double billed for my monthly subscription on card 4202320914011. Please process a refund.
INT-2026-00406,CUST-59664,18/01/2026 13:54,Email,Standard,Wales,AGT-250,Can someone explain the difference between the standard and enterprise tier plans?
INT-2026-03757,CUST-81124,16/03/2026 11:59,E-Mail,Small Business,East of England,AGT-179,How do I update my password on the online customer portal?
INT-2026-02827,CUST-57703,14/05/2026 13:30,E-Mail,Small Business,West Midlands,AGT-263,Can you send me a copy of my latest VAT invoice for last month?
INT-2026-03201,CUST-30731,10/02/2026 10:41,CALL,Standard,East of England,AGT-267,I am currently in hospital due to severe illness and my pension payment hasn't come through. Please call me back on 0117 496 0673.
INT-2026-03382,CUST-62362,03/03/2026 14:56,EMAIL,Small Business,Scotland,AGT-512,Can someone explain the difference between the standard and enterprise tier plans?
INT-2026-04716,CUST-53266,31/03/2026 13:49,email,Standard,Greater London,AGT-889,I was double billed for my monthly subscription on card 4532835675694521087. Please process a refund.
INT-2026-03995,CUST-83061,23/02/2026 21:01,email,VIP,Scotland,AGT-329,Your company has breached GDPR by sending emails to the wrong recipient. I am reporting this to the Information Commissioner's Office (ICO).
INT-2026-00314,CUST-33425,04/04/2026 22:29,call_transcript,VIP,Wales,AGT-984,What are your customer support opening hours over the bank holiday weekend?
INT-2026-01593,CUST-80321,24/01/2026 07:13,Call Transcript,VIP,Wales,AGT-923,"This is a formal complaint regarding my overcharged invoice. If you do not resolve this today, I will escalate to the Financial Ombudsman and FCA immediately. My postcode is CA1 3SQ."
INT-2026-01215,CUST-85653,26/05/2026 11:53,CALL,Small Business,West Midlands,AGT-769,What are your customer support opening hours over the bank holiday weekend?
INT-2026-01547,CUST-34056,15/03/2026 03:42,Web Chat,Enterprise,Wales,AGT-554,Why did my direct debit fail yesterday? I was charged a £25 penalty fee unfairly.
INT-2026-04671,CUST-38848,09/05/2026 02:03,E-Mail,Small Business,Wales,AGT-880,"<html><body><p>Hello support team, I need help logging in.</p></body></html>"
INT-2026-00837,CUST-29334,03/02/2026 12:18,EMAIL,VIP,East of England,AGT-864,How do I update my password on the online customer portal?
INT-2026-03031,CUST-51303,24/02/2026 08:39,CALL,Enterprise,Greater London,AGT-400,Why did my direct debit fail yesterday? I was charged a £25 penalty fee unfairly.
INT-2026-04040,CUST-40114,01/05/2026 23:47,,Standard,West Midlands,AGT-204,What are your customer support opening hours over the bank holiday weekend?
INT-2026-02980,CUST-14728,15/01/2026 08:40,CALL,VIP,North West,AGT-154,Why did my direct debit fail yesterday? I was charged a £25 penalty fee unfairly.
INT-2026-04460,CUST-77953,19/01/2026 19:11,call_transcript,Enterprise,Scotland,AGT-771,Can you send me a copy of my latest VAT invoice for last month?
INT-2026-04397,CUST-85649,18/01/2026 17:09,,Standard,West Midlands,AGT-203,Your company has breached GDPR by sending emails to the wrong recipient. I am reporting this to the Information Commissioner's Office (ICO).
INT-2026-01036,CUST-66606,,web_chat,Enterprise,Scotland,AGT-560,What are your customer support opening hours over the bank holiday weekend?
INT-2026-01830,CUST-84983,16/05/2026 10:09,Call Transcript,VIP,Greater London,AGT-948,How do I update my password on the online customer portal?
INT-2026-00064,CUST-63841,17/05/2026 22:36,Call Transcript,VIP,Scotland,AGT-137,You have failed to address my issue for 3 weeks. I am filing an official grievance and taking this further to legal counsel.
INT-2026-00822,CUST-20158,01/02/2026 11:24,Email,Standard,Greater London,AGT-534,Can you send me a copy of my latest VAT invoice for last month?
INT-2026-01836,CUST-23916,01/05/2026 20:59,web_chat,Small Business,Scotland,AGT-403,I am currently in hospital due to severe illness and my pension payment hasn't come through. Please call me back on (028)9018949.
INT-2026-04522,CUST-96150,16/03/2026 13:46,Email,Standard,East of England,AGT-529,I am issuing a formal right to be forgotten request. Erase all personal records linked to my phone number (0121) 496 0377.
INT-2026-02314,CUST-45924,,call_transcript,Small Business,Wales,AGT-143,How do I update my password on the online customer portal?
INT-2026-03771,CUST-92405,12/04/2026 00:57,webchat,Enterprise,North West,AGT-136,What are your customer support opening hours over the bank holiday weekend?
INT-2026-03767,CUST-80486,22/04/2026 06:57,web_chat,Enterprise,Greater London,AGT-756,I was double billed for my monthly subscription on card 6567781947447337. Please process a refund.
INT-2026-03151,CUST-35966,27/02/2026 09:36,Call Transcript,VIP,North West,AGT-471,You have failed to address my issue for 3 weeks. I am filing an official grievance and taking this further to legal counsel.
INT-2026-00499,CUST-31001,29/05/2026 21:16,web_chat,Small Business,Scotland,AGT-854,I was double billed for my monthly subscription on card 30363831828567. Please process a refund.
INT-2026-02398,CUST-94702,07/01/2026 11:42,EMAIL,Standard,Greater London,AGT-478,What are your customer support opening hours over the bank holiday weekend?
INT-2026-00346,,14/05/2026 16:12,Call Transcript,Standard,East of England,AGT-733,Your company has breached GDPR by sending emails to the wrong recipient. I am reporting this to the Information Commissioner's Office (ICO).
INT-2026-03903,CUST-49978,01/01/2026 23:31,,Small Business,West Midlands,AGT-295,I was double billed for my monthly subscription on card 3530796932154160. Please process a refund.
INT-2026-04100,CUST-24596,,Web Chat,Enterprise,East of England,AGT-783,I would like to update my billing address to W6W 8FN.
INT-2026-03997,CUST-10160,03/02/2026 16:06,Call Transcript,VIP,North West,AGT-911,"<html><body><p>Hello support team, I need help logging in.</p></body></html>"
INT-2026-02824,CUST-89625,11/05/2026 03:15,webchat,Small Business,West Midlands,AGT-503,I would like to update my billing address to RG1N 7JR.
INT-2026-02629,CUST-23678,17/02/2026 17:42,E-Mail,VIP,Greater London,AGT-483,Why did my direct debit fail yesterday? I was charged a £25 penalty fee unfairly.
INT-2026-02560,CUST-18087,28/01/2026 03:00,Call Transcript,VIP,North West,AGT-919,I would like to update my billing address to G52 8WW.
INT-2026-02759,CUST-67626,29/03/2026 05:40,webchat,Small Business,East of England,AGT-263,Why did my direct debit fail yesterday? I was charged a £25 penalty fee unfairly.
INT-2026-03641,CUST-93569,27/03/2026 06:41,web_chat,Enterprise,Greater London,AGT-139,How do I update my password on the online customer portal?
INT-2026-02739,CUST-18649,15/05/2026 22:56,call_transcript,VIP,Yorkshire & Humber,AGT-787,How do I update my password on the online customer portal?
INT-2026-04725,CUST-34186,08/02/2026 06:59,call_transcript,Standard,West Midlands,AGT-807,You have failed to address my issue for 3 weeks. I am filing an official grievance and taking this further to legal counsel.
INT-2026-04492,CUST-51125,17/03/2026 02:24,E-Mail,Small Business,East of England,AGT-282,Can someone explain the difference between the standard and enterprise tier plans?
INT-2026-02118,CUST-93239,20/01/2026 17:57,Call Transcript,Enterprise,Wales,AGT-980,Unacceptable service! Your agent was extremely rude. I demand an immediate refund of £85. My account number is linked to NI ZH873233U.
INT-2026-02094,CUST-69994,27/04/2026 10:32,Call Transcript,Standard,North West,AGT-319,Can someone explain the difference between the standard and enterprise tier plans?
INT-2026-02189,CUST-41914,24/05/2026 00:58,Call Transcript,Standard,East of England,AGT-630,Can you send me a copy of my latest VAT invoice for last month?
INT-2026-03277,CUST-90965,18/04/2026 22:26,web_chat,VIP,Scotland,AGT-530,Unacceptable service! Your agent was extremely rude. I demand an immediate refund of £85. My account number is linked to NI GC846786U.
INT-2026-01904,CUST-45909,22/04/2026 20:09,,Standard,North West,AGT-578,I'm experiencing severe financial hardship following a bereavement. I live at NE6H 8YT and need urgent payment assistance.
INT-2026-02926,CUST-43307,11/02/2026 14:33,CALL,Enterprise,Yorkshire & Humber,AGT-507,Can you send me a copy of my latest VAT invoice for last month?
INT-2026-03646,CUST-27611,02/03/2026 18:34,CALL,Small Business,West Midlands,AGT-352,Can you send me a copy of my latest VAT invoice for last month?
INT-2026-02419,CUST-36367,24/02/2026 20:37,EMAIL,VIP,Greater London,AGT-724,You have failed to address my issue for 3 weeks. I am filing an official grievance and taking this further to legal counsel.
INT-2026-02817,CUST-52932,31/03/2026 23:06,webchat,Enterprise,East of England,AGT-905,Can someone explain the difference between the standard and enterprise tier plans?
INT-2026-03228,CUST-24240,30/05/2026 18:31,web_chat,Standard,North West,AGT-221,I am issuing a formal right to be forgotten request. Erase all personal records linked to my phone number +44(0)113 4960261.
INT-2026-03922,CUST-10755,,,,Wales,AGT-192,"This is a formal complaint regarding my overcharged invoice. If you do not resolve this today, I will escalate to the Financial Ombudsman and FCA immediately. My postcode is M69 7ND."
INT-2026-00027,CUST-62227,24/02/2026 04:49,EMAIL,Enterprise,Greater London,AGT-218,I would like to update my billing address to G1E 5WL.
INT-2026-01297,CUST-24314,03/03/2026 03:55,EMAIL,Enterprise,North West,AGT-936,Can someone explain the difference between the standard and enterprise tier plans?
INT-2026-03309,CUST-24301,29/05/2026 12:48,E-Mail,VIP,Wales,AGT-478,How do I update my password on the online customer portal?
INT-2026-03285,CUST-29465,20/02/2026 23:32,E-Mail,Small Business,Greater London,AGT-778,I was double billed for my monthly subscription on card 30037214082956. Please process a refund.
INT-2026-00468,CUST-31368,08/04/2026 17:56,email,Standard,Scotland,AGT-571,How do I update my password on the online customer portal?
INT-2026-02658,CUST-98784,14/03/2026 13:35,call_transcript,VIP,Scotland,AGT-768,Can someone explain the difference between the standard and enterprise tier plans?
INT-2026-04704,CUST-78251,12/03/2026 19:42,E-Mail,Small Business,North West,AGT-609,I would like to update my billing address to S8 0UB.
INT-2026-04271,CUST-52411,27/04/2026 09:35,,Small Business,West Midlands,AGT-792,SELECT * FROM users WHERE customer_id = 'CUST-101' OR 1=1;
INT-2026-03014,CUST-62195,13/01/2026 02:11,Call Transcript,Standard,West Midlands,AGT-226,I was double billed for my monthly subscription on card 5322747319874067. Please process a refund.
INT-2026-00955,,04/02/2026 09:08,web_chat,Standard,North West,AGT-245,Can you send me a copy of my latest VAT invoice for last month?
INT-2026-01607,CUST-68832,27/05/2026 10:53,,Enterprise,Greater London,AGT-460,Can you send me a copy of my latest VAT invoice for last month?
INT-2026-04791,CUST-28202,1778329654,,Small Business,North West,AGT-938,Why did my direct debit fail yesterday? I was charged a £25 penalty fee unfairly.
INT-2026-00962,CUST-67523,27/03/2026 13:01,,VIP,Yorkshire & Humber,AGT-425,I lost my job last month and I simply cannot afford my direct debit payment of £150. My NI number is RS674876R. Please help me reduce my bill.
INT-2026-02133,CUST-28552,06/01/2026 20:26,call_transcript,Standard,Scotland,AGT-960,Can someone explain the difference between the standard and enterprise tier plans?
INT-2026-02175,CUST-10171,1768476036,Call Transcript,Small Business,Yorkshire & Humber,AGT-627,I am currently in hospital due to severe illness and my pension payment hasn't come through. Please call me back on (029)2018977.
INT-2026-04546,CUST-43843,02/03/2026 01:06,,Standard,Scotland,AGT-320,My business went into administration. I cannot pay this invoice right now. Contact my legal representative at bennettangela@example.net.
INT-2026-04413,CUST-39102,02/05/2026 17:34,CALL,Standard,Yorkshire & Humber,AGT-227,I lost my job last month and I simply cannot afford my direct debit payment of £150. My NI number is ET091247U. Please help me reduce my bill.
INT-2026-02064,CUST-43282,30/04/2026 16:57,EMAIL,Enterprise,West Midlands,AGT-608,Can someone explain the difference between the standard and enterprise tier plans?
INT-2026-01196,CUST-86489,15/04/2026 15:31,Call Transcript,Enterprise,Yorkshire & Humber,AGT-445,ok thanks
INT-2026-00093,CUST-70305,18/01/2026 02:42,web_chat,Standard,Scotland,AGT-991,I am issuing a formal right to be forgotten request. Erase all personal records linked to my phone number +4420 7496 0410.
INT-2026-01576,CUST-67052,19/05/2026 22:04,E-Mail,VIP,Scotland,AGT-282,Can you send me a copy of my latest VAT invoice for last month?
INT-2026-03231,CUST-37416,31/01/2026 21:15,CALL,Enterprise,East of England,AGT-454,Can someone explain the difference between the standard and enterprise tier plans?
INT-2026-03404,CUST-96136,01/03/2026 16:19,email,Small Business,North West,AGT-591,How do I update my password on the online customer portal?
INT-2026-01112,CUST-42020,30/04/2026 03:33,call_transcript,Standard,North West,AGT-120,Your company has breached GDPR by sending emails to the wrong recipient. I am reporting this to the Information Commissioner's Office (ICO).
INT-2026-04805,CUST-60286,01/02/2026 22:18,E-Mail,VIP,East of England,AGT-794,I am issuing a formal right to be forgotten request. Erase all personal records linked to my phone number (0116)4960447.
INT-2026-03948,CUST-77691,,Call Transcript,Standard,Yorkshire & Humber,AGT-920,"This is a formal complaint regarding my overcharged invoice. If you do not resolve this today, I will escalate to the Financial Ombudsman and FCA immediately. My postcode is N94 5RR."
INT-2026-03748,CUST-76421,27/02/2026 16:36,E-Mail,VIP,East of England,AGT-279,"This is a formal complaint regarding my overcharged invoice. If you do not resolve this today, I will escalate to the Financial Ombudsman and FCA immediately. My postcode is E6H 2LN."
INT-2026-02150,CUST-95652,02/03/2026 16:58,Web Chat,Enterprise,West Midlands,AGT-212,How do I update my password on the online customer portal?
INT-2026-01413,CUST-68525,25/04/2026 04:52,webchat,Standard,East of England,AGT-264,Why did my direct debit fail yesterday? I was charged a £25 penalty fee unfairly.
INT-2026-02093,CUST-75972,,E-Mail,Enterprise,Wales,AGT-499,I am issuing a formal right to be forgotten request. Erase all personal records linked to my phone number (0191) 4960321.
INT-2026-03368,CUST-25420,22/01/2026 06:34,call_transcript,Small Business,Scotland,AGT-634,"This is a formal complaint regarding my overcharged invoice. If you do not resolve this today, I will escalate to the Financial Ombudsman and FCA immediately. My postcode is SN92 0XS."
INT-2026-02556,CUST-58573,06/04/2026 10:47,webchat,Small Business,West Midlands,AGT-936,I was double billed for my monthly subscription on card 30163457848398. Please process a refund.
INT-2026-02894,CUST-14871,03/04/2026 17:50,CALL,Small Business,West Midlands,AGT-150,SELECT * FROM users WHERE customer_id = 'CUST-101' OR 1=1;
INT-2026-00808,,15/03/2026 20:16,CALL,VIP,West Midlands,AGT-960,You have failed to address my issue for 3 weeks. I am filing an official grievance and taking this further to legal counsel.
INT-2026-03561,,1772839164,EMAIL,Enterprise,Wales,AGT-558,How do I update my password on the online customer portal?
INT-2026-04052,CUST-27285,20/05/2026 08:15,call_transcript,Enterprise,Wales,AGT-568,I was double billed for my monthly subscription on card 6011336143913723. Please process a refund.
INT-2026-03355,CUST-11957,23/05/2026 19:08,CALL,Standard,Wales,AGT-822,How do I update my password on the online customer portal?
INT-2026-02578,CUST-53327,28/03/2026 16:40,Web Chat,VIP,Yorkshire & Humber,AGT-985,How do I update my password on the online customer portal?
INT-2026-00858,CUST-66505,30/03/2026 22:34,web_chat,Small Business,Greater London,AGT-178,Please delete all my data and process my Subject Access Request under UK GDPR rules immediately. Contact me at eleanor09@example.com.
INT-2026-03600,CUST-88086,25/05/2026 10:59,Email,Small Business,North West,AGT-338,I was double billed for my monthly subscription on card 2289910065381673. Please process a refund.
INT-2026-02052,CUST-78380,13/02/2026 06:12,CALL,Small Business,Wales,AGT-413,Unacceptable service! Your agent was extremely rude. I demand an immediate refund of £85. My account number is linked to NI PW284512M.
INT-2026-03311,CUST-26457,09/02/2026 01:28,webchat,Enterprise,East of England,AGT-134,"This is a formal complaint regarding my overcharged invoice. If you do not resolve this today, I will escalate to the Financial Ombudsman and FCA immediately. My postcode is S31 6WE."
INT-2026-02638,CUST-50568,13/01/2026 09:36,email,Small Business,West Midlands,AGT-109,I was double billed for my monthly subscription on card 571040633141. Please process a refund.
INT-2026-04213,CUST-32938,1768225682,EMAIL,VIP,West Midlands,AGT-655,You have failed to address my issue for 3 weeks. I am filing an official grievance and taking this further to legal counsel.
INT-2026-04564,CUST-91481,02/02/2026 19:55,email,VIP,Wales,AGT-501,What are your customer support opening hours over the bank holiday weekend?
INT-2026-03717,CUST-11086,01/05/2026 18:20,,VIP,Wales,AGT-814,ok thanks
INT-2026-00815,CUST-40147,07/01/2026 13:25,E-Mail,VIP,Wales,AGT-858,How do I update my password on the online customer portal?
INT-2026-00230,CUST-32983,25/01/2026 17:29,Web Chat,Small Business,Wales,AGT-889,"<html><body><p>Hello support team, I need help logging in.</p></body></html>"
INT-2026-01942,CUST-79104,04/05/2026 19:52,web_chat,Standard,Wales,AGT-691,Can you send me a copy of my latest VAT invoice for last month?
INT-2026-02124,CUST-35633,05/04/2026 22:16,web_chat,VIP,West Midlands,AGT-837,Can you send me a copy of my latest VAT invoice for last month?
INT-2026-03805,CUST-36787,29/03/2026 21:00,,VIP,Scotland,AGT-749,I am currently in hospital due to severe illness and my pension payment hasn't come through. Please call me back on (0117) 4960634.
INT-2026-03344,CUST-57638,23/02/2026 12:33,webchat,Small Business,East of England,AGT-741,I would like to update my billing address to EH66 0YX.
INT-2026-04196,CUST-96777,10/01/2026 14:01,web_chat,Standard,Greater London,AGT-331,What are your customer support opening hours over the bank holiday weekend?
INT-2026-04256,,30/04/2026 17:42,Call Transcript,VIP,Yorkshire & Humber,AGT-339,Can someone explain the difference between the standard and enterprise tier plans?
INT-2026-01678,CUST-30035,10/02/2026 17:28,EMAIL,Standard,Scotland,AGT-309,I was double billed for my monthly subscription on card 213198822092529. Please process a refund.
INT-2026-03276,CUST-73891,03/01/2026 17:17,Web Chat,VIP,North West,AGT-679,Can someone explain the difference between the standard and enterprise tier plans?
INT-2026-03004,CUST-44154,06/04/2026 20:44,webchat,Enterprise,Wales,AGT-144,I lost my job last month and I simply cannot afford my direct debit payment of £150. My NI number is JD053316S. Please help me reduce my bill.
INT-2026-00821,CUST-37423,16/04/2026 22:37,Call Transcript,Small Business,Yorkshire & Humber,AGT-668,How do I update my password on the online customer portal?
INT-2026-01909,CUST-98414,14/02/2026 16:12,CALL,Small Business,Scotland,AGT-726,"This is a formal complaint regarding my overcharged invoice. If you do not resolve this today, I will escalate to the Financial Ombudsman and FCA immediately. My postcode is UB7M 7QS."
INT-2026-04041,CUST-49580,06/04/2026 05:06,webchat,Small Business,West Midlands,AGT-517,Can someone explain the difference between the standard and enterprise tier plans?
INT-2026-02359,CUST-96226,26/04/2026 10:42,web_chat,Small Business,East of England,AGT-859,Can you send me a copy of my latest VAT invoice for last month?
INT-2026-02229,CUST-74693,23/01/2026 12:28,email,VIP,Yorkshire & Humber,AGT-185,"<html><body><p>Hello support team, I need help logging in.</p></body></html>"
INT-2026-00209,CUST-85582,30/03/2026 09:22,Call Transcript,VIP,West Midlands,AGT-261,"This is a formal complaint regarding my overcharged invoice. If you do not resolve this today, I will escalate to the Financial Ombudsman and FCA immediately. My postcode is E5 1SQ."
INT-2026-03780,CUST-38215,1767593041,Web Chat,Small Business,Yorkshire & Humber,AGT-721,   
INT-2026-03110,CUST-54416,23/02/2026 16:24,CALL,VIP,Yorkshire & Humber,AGT-658,I would like to update my billing address to W1 0SP.
INT-2026-03755,CUST-34613,,call_transcript,VIP,West Midlands,AGT-173,How do I update my password on the online customer portal?
INT-2026-04702,,17/05/2026 22:34,webchat,Small Business,Yorkshire & Humber,AGT-266,Can someone explain the difference between the standard and enterprise tier plans?
INT-2026-03407,CUST-32582,08/04/2026 12:27,EMAIL,VIP,North West,AGT-363,Can you send me a copy of my latest VAT invoice for last month?
INT-2026-00568,CUST-72072,11/01/2026 13:40,web_chat,Small Business,Wales,AGT-197,How do I update my password on the online customer portal?
INT-2026-01318,CUST-29588,01/03/2026 18:03,E-Mail,,Wales,AGT-132,Can you send me a copy of my latest VAT invoice for last month?
INT-2026-03390,CUST-16006,11/03/2026 00:57,CALL,Standard,Scotland,AGT-620,I was double billed for my monthly subscription on card 30186414537333. Please process a refund.
INT-2026-03775,CUST-35038,20/02/2026 08:43,web_chat,VIP,East of England,AGT-236,Can you send me a copy of my latest VAT invoice for last month?
INT-2026-00748,CUST-79062,06/03/2026 07:29,web_chat,Standard,Yorkshire & Humber,AGT-632,How do I update my password on the online customer portal?
INT-2026-02566,CUST-89004,23/03/2026 17:33,Call Transcript,Enterprise,North West,AGT-541,I was double billed for my monthly subscription on card 30281480229830. Please process a refund.
INT-2026-03742,CUST-23975,11/04/2026 21:35,call_transcript,Standard,West Midlands,AGT-377,Why did my direct debit fail yesterday? I was charged a £25 penalty fee unfairly.
INT-2026-02461,CUST-49848,17/01/2026 15:07,email,Enterprise,North West,AGT-684,Can you send me a copy of my latest VAT invoice for last month?
INT-2026-00943,,06/03/2026 10:15,EMAIL,Small Business,Wales,AGT-517,I was double billed for my monthly subscription on card 4035321244029360. Please process a refund.
INT-2026-02907,CUST-11522,28/05/2026 00:16,,Enterprise,North West,AGT-921,Why did my direct debit fail yesterday? I was charged a £25 penalty fee unfairly.
INT-2026-01375,CUST-58622,04/02/2026 19:20,Email,VIP,Scotland,AGT-406,"This is a formal complaint regarding my overcharged invoice. If you do not resolve this today, I will escalate to the Financial Ombudsman and FCA immediately. My postcode is HD3 4HA."
INT-2026-00531,CUST-16166,20/02/2026 15:27,web_chat,Standard,Wales,AGT-165,Please delete all my data and process my Subject Access Request under UK GDPR rules immediately. Contact me at davidkerr@example.net.
INT-2026-01454,CUST-24952,17/02/2026 17:19,CALL,Enterprise,Yorkshire & Humber,AGT-111,How do I update my password on the online customer portal?
INT-2026-03747,CUST-36314,16/01/2026 22:26,web_chat,Enterprise,Scotland,AGT-216,Can someone explain the difference between the standard and enterprise tier plans?
INT-2026-02657,CUST-55787,15/06/2026 11:22,E-Mail,Standard,Scotland,AGT-187,Can someone explain the difference between the standard and enterprise tier plans? [DUPLICATE SUBMISSION]
INT-2026-04205,CUST-87694,17/05/2026 16:52,CALL,Standard,Greater London,AGT-785,What are your customer support opening hours over the bank holiday weekend?
INT-2026-03136,CUST-40961,01/04/2026 09:02,Email,Enterprise,West Midlands,AGT-149,How do I update my password on the online customer portal?
INT-2026-02158,CUST-17029,17/02/2026 16:53,email,Enterprise,Greater London,AGT-699,You have failed to address my issue for 3 weeks. I am filing an official grievance and taking this further to legal counsel.
INT-2026-02968,CUST-80519,25/01/2026 14:54,webchat,Small Business,Scotland,AGT-535,Can someone explain the difference between the standard and enterprise tier plans?
INT-2026-01198,,08/01/2026 15:37,Email,VIP,Greater London,AGT-342,"This is a formal complaint regarding my overcharged invoice. If you do not resolve this today, I will escalate to the Financial Ombudsman and FCA immediately. My postcode is NE9 7DG."
INT-2026-01168,CUST-16251,16/05/2026 18:52,CALL,Standard,Scotland,AGT-636,I would like to update my billing address to BD49 9ST.
INT-2026-01598,CUST-24928,23/04/2026 14:31,call_transcript,Enterprise,Wales,AGT-694,What are your customer support opening hours over the bank holiday weekend?
INT-2026-02452,CUST-23999,09/04/2026 01:08,EMAIL,Standard,North West,AGT-259,What are your customer support opening hours over the bank holiday weekend?
INT-2026-01798,CUST-28129,06/01/2026 06:08,email,Enterprise,Yorkshire & Humber,AGT-374,You have failed to address my issue for 3 weeks. I am filing an official grievance and taking this further to legal counsel.
INT-2026-00081,CUST-57453,1774808992,EMAIL,Enterprise,Scotland,AGT-758,"<html><body><p>Hello support team, I need help logging in.</p></body></html>"
INT-2026-00681,CUST-64432,05/01/2026 15:51,E-Mail,Small Business,East of England,AGT-832,How do I update my password on the online customer portal?
INT-2026-00791,CUST-91515,09/01/2026 15:54,web_chat,VIP,Wales,AGT-420,Can you send me a copy of my latest VAT invoice for last month?
INT-2026-03115,CUST-85568,05/01/2026 12:34,Call Transcript,Small Business,East of England,AGT-322,Can you send me a copy of my latest VAT invoice for last month?
INT-2026-02401,CUST-64029,20/03/2026 11:37,webchat,Standard,Yorkshire & Humber,AGT-338,Your company has breached GDPR by sending emails to the wrong recipient. I am reporting this to the Information Commissioner's Office (ICO).
INT-2026-00254,CUST-76494,08/05/2026 16:42,email,Enterprise,East of England,AGT-927,Why did my direct debit fail yesterday? I was charged a £25 penalty fee unfairly.
INT-2026-03066,CUST-84700,04/05/2026 12:13,webchat,Enterprise,Yorkshire & Humber,AGT-581,"<html><body><p>Hello support team, I need help logging in.</p></body></html>"
INT-2026-02883,CUST-36938,08/05/2026 11:51,email,VIP,North West,AGT-516,I was double billed for my monthly subscription on card 4629378954047779321. Please process a refund.
INT-2026-04228,CUST-46495,01/04/2026 22:40,Call Transcript,VIP,Yorkshire & Humber,AGT-787,
INT-2026-02154,CUST-38584,05/04/2026 21:59,Email,Standard,Wales,AGT-803,Can someone explain the difference between the standard and enterprise tier plans?
INT-2026-03927,CUST-59266,21/04/2026 00:22,EMAIL,Standard,North West,AGT-486,Can you send me a copy of my latest VAT invoice for last month?
INT-2026-04841,CUST-44946,22/01/2026 05:05,email,Enterprise,Greater London,AGT-697,???
INT-2026-00022,CUST-44664,25/05/2026 03:54,EMAIL,VIP,East of England,AGT-749,Can someone explain the difference between the standard and enterprise tier plans?
INT-2026-02959,CUST-20899,08/01/2026 16:11,call_transcript,Standard,North West,AGT-783,Can someone explain the difference between the standard and enterprise tier plans?
INT-2026-03103,CUST-50409,05/05/2026 00:29,webchat,Small Business,East of England,AGT-255,I would like to update my billing address to DT12 2XJ.
INT-2026-02112,CUST-43079,02/05/2026 17:05,CALL,Standard,East of England,AGT-857,Why did my direct debit fail yesterday? I was charged a £25 penalty fee unfairly.
INT-2026-01553,CUST-49228,01/05/2026 07:59,E-Mail,VIP,North West,AGT-260,Please delete all my data and process my Subject Access Request under UK GDPR rules immediately. Contact me at jakebaker@example.com.
INT-2026-04001,CUST-76722,16/02/2026 04:00,E-Mail,Small Business,West Midlands,AGT-472,???
INT-2026-02197,CUST-27851,15/05/2026 08:35,CALL,,West Midlands,AGT-716,Can you send me a copy of my latest VAT invoice for last month?
INT-2026-04344,CUST-28864,15/03/2026 12:14,,Standard,Scotland,AGT-128,Your company has breached GDPR by sending emails to the wrong recipient. I am reporting this to the Information Commissioner's Office (ICO).
INT-2026-00498,CUST-99816,27/03/2026 21:44,E-Mail,Enterprise,West Midlands,AGT-192,What are your customer support opening hours over the bank holiday weekend?
INT-2026-01129,CUST-51005,08/04/2026 20:54,EMAIL,VIP,Yorkshire & Humber,AGT-784,I was double billed for my monthly subscription on card 6011606741514481. Please process a refund.
INT-2026-04731,CUST-17206,,E-Mail,Standard,West Midlands,AGT-719,???
INT-2026-03000,CUST-52904,06/03/2026 12:34,call_transcript,VIP,North West,AGT-417,I was double billed for my monthly subscription on card 30578401366223. Please process a refund.
INT-2026-02336,CUST-46258,01/02/2026 23:13,Call Transcript,Standard,East of England,AGT-310,I would like to update my billing address to NP3P 6ZR.
INT-2026-01388,CUST-58052,01/02/2026 10:54,email,VIP,Scotland,AGT-869,Please delete all my data and process my Subject Access Request under UK GDPR rules immediately. Contact me at carolinepowell@example.net.
INT-2026-01202,CUST-32658,24/05/2026 02:53,EMAIL,Standard,East of England,AGT-412,How do I update my password on the online customer portal?
INT-2026-02596,CUST-64115,19/05/2026 04:19,CALL,VIP,North West,AGT-899,What are your customer support opening hours over the bank holiday weekend?
INT-2026-01803,CUST-18028,16/02/2026 23:45,Web Chat,VIP,Wales,AGT-438,"This is a formal complaint regarding my overcharged invoice. If you do not resolve this today, I will escalate to the Financial Ombudsman and FCA immediately. My postcode is B9 7ZL."
INT-2026-02008,CUST-73772,27/02/2026 22:29,E-Mail,Small Business,East of England,AGT-154,"This is a formal complaint regarding my overcharged invoice. If you do not resolve this today, I will escalate to the Financial Ombudsman and FCA immediately. My postcode is W7 5XN."
INT-2026-03255,CUST-22419,22/03/2026 16:41,Call Transcript,Enterprise,North West,AGT-528,Can you send me a copy of my latest VAT invoice for last month?
INT-2026-03954,CUST-56405,30/05/2026 19:05,Email,Enterprise,Greater London,AGT-372,Can someone explain the difference between the standard and enterprise tier plans?
INT-2026-02207,CUST-12198,16/03/2026 02:32,webchat,Small Business,Yorkshire & Humber,AGT-498,You have failed to address my issue for 3 weeks. I am filing an official grievance and taking this further to legal counsel.
INT-2026-01111,CUST-24394,12/04/2026 08:49,web_chat,Enterprise,East of England,AGT-513,I lost my job last month and I simply cannot afford my direct debit payment of £150. My NI number is KB886312Y. Please help me reduce my bill.
INT-2026-00300,CUST-92132,04/01/2026 14:49,EMAIL,VIP,Greater London,AGT-664,Disgusted by this scam service. I demand to speak with a senior manager immediately regarding my direct debit failure.
INT-2026-01266,CUST-31510,15/01/2026 18:50,webchat,Enterprise,North West,AGT-853,Can someone explain the difference between the standard and enterprise tier plans?
INT-2026-04163,CUST-96734,10/01/2026 04:07,email,Enterprise,West Midlands,AGT-886,I would like to update my billing address to E1H 7LU.
INT-2026-01624,CUST-66525,26/05/2026 14:17,,Standard,Greater London,AGT-808,Can someone explain the difference between the standard and enterprise tier plans?
INT-2026-00949,CUST-97648,17/02/2026 19:28,web_chat,Small Business,Greater London,AGT-466,My business went into administration. I cannot pay this invoice right now. Contact my legal representative at frederickclayton@example.com.
INT-2026-03380,CUST-40388,01/05/2026 11:38,Email,Enterprise,North West,AGT-896,I would like to update my billing address to S5F 6TZ.
INT-2026-04218,CUST-80173,26/04/2026 22:09,CALL,Enterprise,Wales,AGT-345,Why did my direct debit fail yesterday? I was charged a £25 penalty fee unfairly.
INT-2026-02558,CUST-34254,13/01/2026 01:02,web_chat,Small Business,North West,AGT-579,Can you send me a copy of my latest VAT invoice for last month?
INT-2026-03882,CUST-41787,13/05/2026 21:09,call_transcript,VIP,Scotland,AGT-413,Can you send me a copy of my latest VAT invoice for last month?
INT-2026-01541,CUST-13620,20/02/2026 10:09,call_transcript,VIP,Scotland,AGT-846,"This is a formal complaint regarding my overcharged invoice. If you do not resolve this today, I will escalate to the Financial Ombudsman and FCA immediately. My postcode is M3 0TP."
INT-2026-00622,CUST-10951,28/05/2026 20:12,call_transcript,Enterprise,West Midlands,AGT-798,I would like to update my billing address to GY36 2WJ.
INT-2026-04728,,06/03/2026 13:57,Web Chat,Standard,Yorkshire & Humber,AGT-690,My business went into administration. I cannot pay this invoice right now. Contact my legal representative at mhamilton@example.org.
INT-2026-00200,CUST-51071,27/01/2026 15:04,Web Chat,VIP,Greater London,AGT-643,Can you send me a copy of my latest VAT invoice for last month?
INT-2026-01254,CUST-82240,16/01/2026 11:03,Web Chat,VIP,Wales,AGT-434,Can someone explain the difference between the standard and enterprise tier plans?
INT-2026-00902,CUST-38473,27/01/2026 15:55,Email,Standard,Scotland,AGT-988,What are your customer support opening hours over the bank holiday weekend?
INT-2026-04811,CUST-12183,28/01/2026 09:39,Web Chat,Small Business,Wales,AGT-445,Can someone explain the difference between the standard and enterprise tier plans?
INT-2026-04443,CUST-99284,14/01/2026 01:49,Call Transcript,Small Business,Scotland,AGT-604,I would like to update my billing address to W89 0LY.
INT-2026-01889,CUST-51075,19/01/2026 09:23,E-Mail,Enterprise,Wales,AGT-460,Why did my direct debit fail yesterday? I was charged a £25 penalty fee unfairly.
INT-2026-04417,CUST-91483,21/02/2026 11:55,call_transcript,Enterprise,Wales,AGT-319,What are your customer support opening hours over the bank holiday weekend?
INT-2026-02506,CUST-30258,13/05/2026 13:17,webchat,Enterprise,North West,AGT-489,"This is a formal complaint regarding my overcharged invoice. If you do not resolve this today, I will escalate to the Financial Ombudsman and FCA immediately. My postcode is M8 8RU."
INT-2026-03826,CUST-46443,08/04/2026 04:10,webchat,Standard,Wales,AGT-202,What are your customer support opening hours over the bank holiday weekend?
INT-2026-02524,CUST-76144,04/01/2026 02:08,EMAIL,VIP,Greater London,AGT-588,I would like to update my billing address to EN23 6LG.
INT-2026-02621,CUST-99750,16/04/2026 07:48,E-Mail,Standard,Wales,AGT-964,I am issuing a formal right to be forgotten request. Erase all personal records linked to my phone number 0141 496 0576.
INT-2026-00807,CUST-29848,23/05/2026 10:38,email,VIP,Greater London,AGT-544,I am currently in hospital due to severe illness and my pension payment hasn't come through. Please call me back on (0131) 496 0174.
INT-2026-00715,CUST-14282,30/01/2026 18:46,,Enterprise,West Midlands,AGT-274,???
INT-2026-03413,CUST-32915,07/01/2026 10:05,EMAIL,Enterprise,Wales,AGT-976,I was double billed for my monthly subscription on card 6535403624089626. Please process a refund.
INT-2026-02156,CUST-52145,06/02/2026 17:13,E-Mail,Enterprise,East of England,AGT-884,I am currently in hospital due to severe illness and my pension payment hasn't come through. Please call me back on (0131) 4960612.
INT-2026-01979,CUST-73343,30/01/2026 17:51,EMAIL,VIP,West Midlands,AGT-310,Can someone explain the difference between the standard and enterprise tier plans?
INT-2026-01379,CUST-72525,22/04/2026 18:34,E-Mail,Enterprise,Greater London,AGT-355,"This is a formal complaint regarding my overcharged invoice. If you do not resolve this today, I will escalate to the Financial Ombudsman and FCA immediately. My postcode is SR0W 0TD."
INT-2026-00792,CUST-55095,24/04/2026 03:30,webchat,Standard,Greater London,AGT-329,Can you send me a copy of my latest VAT invoice for last month?
INT-2026-03444,CUST-33478,06/04/2026 05:42,call_transcript,Enterprise,Yorkshire & Humber,AGT-181,I would like to update my billing address to CB6E 1LW.
INT-2026-00362,CUST-21807,18/03/2026 13:40,Web Chat,Small Business,West Midlands,AGT-187,I was double billed for my monthly subscription on card 2415160252986705. Please process a refund.
INT-2026-00136,CUST-83516,13/04/2026 00:54,Call Transcript,Enterprise,East of England,AGT-890,I would like to update my billing address to L43 3JZ.
INT-2026-01513,CUST-86907,08/04/2026 14:42,call_transcript,Small Business,Yorkshire & Humber,AGT-123,???
INT-2026-03037,CUST-78634,27/01/2026 21:57,webchat,Small Business,Wales,AGT-292,Can you send me a copy of my latest VAT invoice for last month?
INT-2026-03709,CUST-66843,15/03/2026 13:46,EMAIL,VIP,Scotland,AGT-656,SELECT * FROM users WHERE customer_id = 'CUST-101' OR 1=1;
INT-2026-02804,CUST-74558,30/03/2026 13:03,email,Standard,East of England,AGT-923,I was double billed for my monthly subscription on card 6011884038753597. Please process a refund.
INT-2026-01028,CUST-86763,06/04/2026 08:41,call_transcript,Enterprise,Scotland,AGT-212,How do I update my password on the online customer portal?
INT-2026-02362,,24/02/2026 07:17,web_chat,Standard,West Midlands,AGT-335,Why did my direct debit fail yesterday? I was charged a £25 penalty fee unfairly.
INT-2026-04765,CUST-87448,02/02/2026 18:45,Email,VIP,North West,AGT-892,I lost my job last month and I simply cannot afford my direct debit payment of £150. My NI number is IN102018J. Please help me reduce my bill.
INT-2026-02356,CUST-71150,02/05/2026 10:20,E-Mail,,Yorkshire & Humber,AGT-534,I was double billed for my monthly subscription on card 4901473427220893. Please process a refund.
INT-2026-04494,CUST-84715,03/02/2026 01:06,Call Transcript,Standard,Wales,AGT-459,I would like to update my billing address to G53 4RF.
INT-2026-00502,CUST-51864,20/02/2026 14:51,email,Standard,Scotland,AGT-476,Disgusted by this scam service. I demand to speak with a senior manager immediately regarding my direct debit failure.
INT-2026-01816,CUST-91139,24/01/2026 08:40,webchat,Small Business,West Midlands,AGT-890,I was double billed for my monthly subscription on card 4109531615667850. Please process a refund.
INT-2026-03458,CUST-76778,19/05/2026 02:42,Web Chat,Enterprise,Scotland,AGT-762,I was double billed for my monthly subscription on card 578693572344. Please process a refund.
INT-2026-00832,CUST-83373,16/03/2026 06:22,E-Mail,Enterprise,Yorkshire & Humber,AGT-299,I'm experiencing severe financial hardship following a bereavement. I live at BA2X 0RB and need urgent payment assistance.
INT-2026-00161,CUST-29976,15/03/2026 18:10,E-Mail,Enterprise,West Midlands,AGT-881,Can someone explain the difference between the standard and enterprise tier plans?
INT-2026-02276,CUST-27826,12/02/2026 03:45,E-Mail,Small Business,North West,AGT-891,What are your customer support opening hours over the bank holiday weekend?
INT-2026-00580,CUST-66300,09/01/2026 23:17,E-Mail,VIP,West Midlands,AGT-353,I'm experiencing severe financial hardship following a bereavement. I live at IM9H 7XU and need urgent payment assistance.
INT-2026-04302,CUST-79322,24/03/2026 11:54,call_transcript,VIP,Scotland,AGT-347,Unacceptable service! Your agent was extremely rude. I demand an immediate refund of £85. My account number is linked to NI SG219436Y.
INT-2026-03667,CUST-11013,21/01/2026 12:28,Call Transcript,VIP,East of England,AGT-793,Can you send me a copy of my latest VAT invoice for last month?
INT-2026-03437,CUST-52838,16/03/2026 19:06,CALL,Standard,North West,AGT-779,   
INT-2026-04161,CUST-33848,1771613809,Call Transcript,Enterprise,Scotland,AGT-995,My business went into administration. I cannot pay this invoice right now. Contact my legal representative at martinhall@example.com.
INT-2026-02317,CUST-55663,05/04/2026 14:06,Email,Standard,West Midlands,AGT-735,Can you send me a copy of my latest VAT invoice for last month?
INT-2026-03702,CUST-62777,06/05/2026 20:42,Email,Small Business,Yorkshire & Humber,AGT-476,I would like to update my billing address to L20 0WU.
INT-2026-00778,CUST-20011,09/02/2026 23:22,call_transcript,VIP,Scotland,AGT-830,I am issuing a formal right to be forgotten request. Erase all personal records linked to my phone number +44(0)121 496 0636.
INT-2026-03351,CUST-54926,17/03/2026 09:31,call_transcript,Small Business,North West,AGT-985,How do I update my password on the online customer portal?
INT-2026-02579,CUST-88710,09/03/2026 07:26,Call Transcript,Standard,West Midlands,AGT-921,"This is a formal complaint regarding my overcharged invoice. If you do not resolve this today, I will escalate to the Financial Ombudsman and FCA immediately. My postcode is SK9M 6RG."
INT-2026-03451,CUST-62363,29/04/2026 22:48,Call Transcript,Enterprise,Scotland,AGT-787,Can you send me a copy of my latest VAT invoice for last month?
INT-2026-00772,CUST-44478,07/03/2026 15:24,Email,VIP,Yorkshire & Humber,AGT-936,How do I update my password on the online customer portal?
INT-2026-02769,CUST-30683,10/01/2026 01:49,Email,Small Business,Scotland,AGT-460,"This is a formal complaint regarding my overcharged invoice. If you do not resolve this today, I will escalate to the Financial Ombudsman and FCA immediately. My postcode is DN2M 9EB."
INT-2026-04823,CUST-65291,09/03/2026 14:04,webchat,Small Business,Wales,AGT-301,I was double billed for my monthly subscription on card 4979787446126899. Please process a refund.
INT-2026-03563,CUST-82955,02/03/2026 19:28,CALL,VIP,Scotland,AGT-574,Can someone explain the difference between the standard and enterprise tier plans?
INT-2026-01800,CUST-37111,05/05/2026 07:09,web_chat,VIP,Greater London,AGT-675,???
INT-2026-03992,CUST-96409,15/05/2026 12:16,Email,Enterprise,West Midlands,AGT-976,Why did my direct debit fail yesterday? I was charged a £25 penalty fee unfairly.
INT-2026-02842,CUST-63698,14/04/2026 10:15,CALL,Standard,Scotland,AGT-869,Your company has breached GDPR by sending emails to the wrong recipient. I am reporting this to the Information Commissioner's Office (ICO).
INT-2026-01964,CUST-31862,09/05/2026 20:21,call_transcript,Standard,Wales,AGT-882,I am currently in hospital due to severe illness and my pension payment hasn't come through. Please call me back on 0131 4960035.
INT-2026-01622,CUST-94195,09/03/2026 21:18,Call Transcript,VIP,Greater London,AGT-250,How do I update my password on the online customer portal?
INT-2026-02213,CUST-23631,15/04/2026 08:38,call_transcript,Small Business,East of England,AGT-903,Can someone explain the difference between the standard and enterprise tier plans?
INT-2026-00954,CUST-34340,15/01/2026 04:02,web_chat,Standard,Scotland,AGT-310,How do I update my password on the online customer portal?
INT-2026-04794,CUST-53518,17/01/2026 18:42,EMAIL,VIP,Yorkshire & Humber,AGT-981,"This is a formal complaint regarding my overcharged invoice. If you do not resolve this today, I will escalate to the Financial Ombudsman and FCA immediately. My postcode is M9F 4AE."
INT-2026-03511,CUST-59134,03/02/2026 19:16,EMAIL,Standard,East of England,AGT-803,I was double billed for my monthly subscription on card 4900740123663. Please process a refund.
INT-2026-01119,CUST-92209,07/02/2026 09:19,Web Chat,VIP,Wales,AGT-314,You have failed to address my issue for 3 weeks. I am filing an official grievance and taking this further to legal counsel.
INT-2026-00841,CUST-55725,29/03/2026 07:37,call_transcript,Small Business,North West,AGT-650,Can you send me a copy of my latest VAT invoice for last month?
INT-2026-03942,CUST-86940,25/05/2026 20:36,Web Chat,VIP,Scotland,AGT-304,Disgusted by this scam service. I demand to speak with a senior manager immediately regarding my direct debit failure.
INT-2026-02710,CUST-84511,13/05/2026 20:03,CALL,VIP,Yorkshire & Humber,AGT-270,Can someone explain the difference between the standard and enterprise tier plans?
INT-2026-03369,CUST-22278,20/04/2026 10:03,Web Chat,Small Business,Scotland,AGT-440,Can you send me a copy of my latest VAT invoice for last month?
INT-2026-03399,CUST-56927,08/05/2026 12:27,webchat,Enterprise,Scotland,AGT-134,I am issuing a formal right to be forgotten request. Erase all personal records linked to my phone number +448081570626.
INT-2026-01929,CUST-71242,26/04/2026 21:09,Web Chat,Small Business,Wales,AGT-312,What are your customer support opening hours over the bank holiday weekend?
INT-2026-02069,CUST-77298,20/01/2026 01:28,call_transcript,Small Business,East of England,AGT-217,Why did my direct debit fail yesterday? I was charged a £25 penalty fee unfairly.
INT-2026-03568,CUST-99229,15/02/2026 08:53,E-Mail,VIP,North West,AGT-196,Unacceptable service! Your agent was extremely rude. I demand an immediate refund of £85. My account number is linked to NI RJ808484A.
INT-2026-02106,CUST-60858,20/02/2026 15:17,EMAIL,VIP,Wales,AGT-227,Can someone explain the difference between the standard and enterprise tier plans?
INT-2026-02028,CUST-39696,19/03/2026 10:40,Email,Small Business,West Midlands,AGT-897,You have failed to address my issue for 3 weeks. I am filing an official grievance and taking this further to legal counsel.
INT-2026-00260,CUST-87158,09/01/2026 21:03,EMAIL,Enterprise,Scotland,AGT-803,ok thanks
INT-2026-04824,CUST-49762,15/02/2026 17:53,email,Standard,Wales,AGT-127,I'm experiencing severe financial hardship following a bereavement. I live at L6 0QX and need urgent payment assistance.
INT-2026-02528,CUST-60510,10/05/2026 10:02,CALL,Small Business,Greater London,AGT-469,Can someone explain the difference between the standard and enterprise tier plans?
INT-2026-04063,CUST-76551,27/03/2026 18:46,call_transcript,Enterprise,Scotland,AGT-960,Unacceptable service! Your agent was extremely rude. I demand an immediate refund of £85. My account number is linked to NI OD995993T.
INT-2026-01315,CUST-67571,16/05/2026 01:02,Email,VIP,East of England,AGT-323,I would like to update my billing address to S33 9FF.
INT-2026-02100,CUST-39087,22/04/2026 11:36,web_chat,Standard,Scotland,AGT-640,I lost my job last month and I simply cannot afford my direct debit payment of £150. My NI number is UE602787D. Please help me reduce my bill.
INT-2026-04253,CUST-87267,10/02/2026 08:23,email,Standard,Scotland,AGT-612,Why did my direct debit fail yesterday? I was charged a £25 penalty fee unfairly.
INT-2026-02783,CUST-66561,30/01/2026 08:29,E-Mail,Small Business,Greater London,AGT-859,How do I update my password on the online customer portal?
INT-2026-03712,CUST-68232,22/03/2026 06:10,call_transcript,Standard,Yorkshire & Humber,AGT-169,"<html><body><p>Hello support team, I need help logging in.</p></body></html>"
INT-2026-01962,CUST-16262,01/03/2026 17:38,E-Mail,Small Business,Scotland,AGT-320,I would like to update my billing address to S3 6QP.
INT-2026-00597,CUST-38476,28/05/2026 22:31,webchat,Enterprise,Scotland,AGT-561,Unacceptable service! Your agent was extremely rude. I demand an immediate refund of £85. My account number is linked to NI OQ329563R.
INT-2026-04441,CUST-30906,01/04/2026 12:37,,Standard,Wales,AGT-744,Can someone explain the difference between the standard and enterprise tier plans?
INT-2026-00659,CUST-57085,22/01/2026 11:44,E-Mail,Enterprise,Greater London,AGT-264,Can someone explain the difference between the standard and enterprise tier plans?
INT-2026-02097,CUST-61980,,Email,Small Business,East of England,AGT-440,Please delete all my data and process my Subject Access Request under UK GDPR rules immediately. Contact me at jfuller@example.org.
INT-2026-04519,CUST-44107,27/03/2026 07:08,email,Standard,Greater London,AGT-334,What are your customer support opening hours over the bank holiday weekend?
INT-2026-04315,CUST-76192,15/05/2026 13:43,Web Chat,Small Business,West Midlands,AGT-511,"<html><body><p>Hello support team, I need help logging in.</p></body></html>"
INT-2026-01949,CUST-49790,25/05/2026 01:53,call_transcript,Enterprise,West Midlands,AGT-256,I'm experiencing severe financial hardship following a bereavement. I live at N3S 5EG and need urgent payment assistance.
INT-2026-00188,CUST-57059,27/01/2026 12:17,Call Transcript,Small Business,East of England,AGT-603,I was double billed for my monthly subscription on card 3532543107427999. Please process a refund.
INT-2026-04427,CUST-47649,19/04/2026 03:55,Call Transcript,Small Business,Greater London,AGT-547,My business went into administration. I cannot pay this invoice right now. Contact my legal representative at pauline30@example.net.
INT-2026-02253,CUST-12524,03/05/2026 00:23,call_transcript,Small Business,Greater London,AGT-115,What are your customer support opening hours over the bank holiday weekend?
INT-2026-00052,CUST-83147,26/04/2026 18:09,CALL,Small Business,West Midlands,AGT-980,I was double billed for my monthly subscription on card 4253584143842498183. Please process a refund.
INT-2026-00153,CUST-87849,11/05/2026 11:51,CALL,Small Business,Scotland,AGT-339,Why did my direct debit fail yesterday? I was charged a £25 penalty fee unfairly.
INT-2026-03166,CUST-68190,1768665917,call_transcript,Standard,Yorkshire & Humber,AGT-205,Why did my direct debit fail yesterday? I was charged a £25 penalty fee unfairly.
INT-2026-04568,CUST-73185,12/02/2026 12:21,E-Mail,Standard,East of England,AGT-760,Can someone explain the difference between the standard and enterprise tier plans?
INT-2026-00285,CUST-89087,27/02/2026 02:58,E-Mail,Standard,Scotland,AGT-141,Can you send me a copy of my latest VAT invoice for last month?
INT-2026-00047,CUST-74038,15/05/2026 02:28,E-Mail,,West Midlands,AGT-326,Why did my direct debit fail yesterday? I was charged a £25 penalty fee unfairly.
INT-2026-03790,CUST-56959,,call_transcript,VIP,East of England,AGT-372,I was double billed for my monthly subscription on card 3553311912928534. Please process a refund.
INT-2026-00138,CUST-98686,09/03/2026 00:26,webchat,Standard,West Midlands,AGT-552,Can someone explain the difference between the standard and enterprise tier plans?
INT-2026-03233,,15/04/2026 18:14,EMAIL,VIP,Wales,AGT-642,How do I update my password on the online customer portal?
INT-2026-01393,CUST-16831,27/03/2026 07:30,Email,Small Business,East of England,AGT-894,???
INT-2026-00547,CUST-47156,01/01/2026 09:43,Call Transcript,Enterprise,Yorkshire & Humber,AGT-563,Can someone explain the difference between the standard and enterprise tier plans?
INT-2026-01852,,28/02/2026 05:37,Email,Standard,West Midlands,AGT-314,Please delete all my data and process my Subject Access Request under UK GDPR rules immediately. Contact me at ssmith@example.com.
INT-2026-04641,CUST-74750,10/05/2026 19:25,call_transcript,Standard,North West,AGT-972,Why did my direct debit fail yesterday? I was charged a £25 penalty fee unfairly.
INT-2026-04235,CUST-28812,01/03/2026 17:23,EMAIL,Small Business,Wales,AGT-632,What are your customer support opening hours over the bank holiday weekend?
INT-2026-01659,CUST-49156,,Email,Standard,North West,AGT-487,I would like to update my billing address to WC3 8XJ.
INT-2026-02666,,09/04/2026 11:56,web_chat,VIP,Yorkshire & Humber,AGT-370,Can you send me a copy of my latest VAT invoice for last month?
INT-2026-02512,CUST-87746,10/04/2026 06:15,web_chat,Enterprise,East of England,AGT-275,Why did my direct debit fail yesterday? I was charged a £25 penalty fee unfairly.
INT-2026-02466,CUST-18078,12/02/2026 06:41,email,VIP,West Midlands,AGT-287,Can you send me a copy of my latest VAT invoice for last month?
INT-2026-00163,CUST-92667,02/01/2026 18:36,email,Small Business,East of England,AGT-599,
INT-2026-04268,CUST-42763,01/03/2026 19:10,webchat,Enterprise,North West,AGT-244,I'm experiencing severe financial hardship following a bereavement. I live at FK77 2LQ and need urgent payment assistance.
INT-2026-00861,CUST-46016,23/02/2026 18:13,email,VIP,East of England,AGT-391,I am issuing a formal right to be forgotten request. Erase all personal records linked to my phone number (0151) 4960351.
INT-2026-03581,CUST-57592,14/01/2026 05:55,call_transcript,Small Business,West Midlands,AGT-488,Please delete all my data and process my Subject Access Request under UK GDPR rules immediately. Contact me at hughessally@example.org.
INT-2026-01493,CUST-22103,15/02/2026 15:37,email,Small Business,East of England,AGT-833,
INT-2026-00527,CUST-88097,08/01/2026 04:30,Web Chat,Small Business,North West,AGT-831,I lost my job last month and I simply cannot afford my direct debit payment of £150. My NI number is VS899499H. Please help me reduce my bill.
INT-2026-02483,CUST-41274,04/01/2026 03:15,EMAIL,Small Business,East of England,AGT-885,Your company has breached GDPR by sending emails to the wrong recipient. I am reporting this to the Information Commissioner's Office (ICO).
INT-2026-01701,CUST-40395,21/05/2026 21:40,webchat,VIP,North West,AGT-727,Please delete all my data and process my Subject Access Request under UK GDPR rules immediately. Contact me at alord@example.com.
INT-2026-04698,CUST-94917,12/03/2026 16:36,CALL,VIP,Wales,AGT-208,I lost my job last month and I simply cannot afford my direct debit payment of £150. My NI number is HX913215V. Please help me reduce my bill.
INT-2026-01953,CUST-93014,06/04/2026 14:10,web_chat,VIP,North West,AGT-249,My business went into administration. I cannot pay this invoice right now. Contact my legal representative at martyn31@example.com.
INT-2026-01970,CUST-11040,20/04/2026 20:28,Email,Standard,Scotland,AGT-903,"This is a formal complaint regarding my overcharged invoice. If you do not resolve this today, I will escalate to the Financial Ombudsman and FCA immediately. My postcode is B5W 3BE."
INT-2026-00234,CUST-23726,14/03/2026 21:45,email,Standard,West Midlands,AGT-708,???
INT-2026-02794,CUST-22324,20/01/2026 04:08,webchat,Enterprise,Scotland,AGT-357,I am issuing a formal right to be forgotten request. Erase all personal records linked to my phone number +441134960836.
INT-2026-02537,CUST-68368,07/03/2026 20:23,webchat,Standard,West Midlands,AGT-912,SELECT * FROM users WHERE customer_id = 'CUST-101' OR 1=1;
INT-2026-02636,CUST-35764,21/05/2026 15:06,Email,VIP,East of England,AGT-589,Can you send me a copy of my latest VAT invoice for last month?
INT-2026-02709,CUST-90202,17/04/2026 19:42,Call Transcript,VIP,Greater London,AGT-640,I am currently in hospital due to severe illness and my pension payment hasn't come through. Please call me back on +4420 7496 0808.
INT-2026-00757,CUST-76954,17/05/2026 05:33,Email,VIP,East of England,AGT-755,I would like to update my billing address to E9 3HQ.
INT-2026-04700,CUST-68222,22/03/2026 23:10,call_transcript,VIP,Yorkshire & Humber,AGT-184,My business went into administration. I cannot pay this invoice right now. Contact my legal representative at smithsylvia@example.org.
INT-2026-00359,CUST-38499,04/04/2026 16:46,web_chat,Standard,Yorkshire & Humber,AGT-757,Your company has breached GDPR by sending emails to the wrong recipient. I am reporting this to the Information Commissioner's Office (ICO).
INT-2026-04655,CUST-46339,05/05/2026 07:00,Call Transcript,Small Business,North West,AGT-544,You have failed to address my issue for 3 weeks. I am filing an official grievance and taking this further to legal counsel.
INT-2026-01898,CUST-85929,03/05/2026 06:19,email,VIP,East of England,AGT-210,Can you send me a copy of my latest VAT invoice for last month?
INT-2026-01509,CUST-96820,05/05/2026 02:28,Email,Standard,Wales,AGT-622,Your company has breached GDPR by sending emails to the wrong recipient. I am reporting this to the Information Commissioner's Office (ICO).
INT-2026-00616,CUST-29315,1776928565,CALL,Small Business,Scotland,AGT-823,Why did my direct debit fail yesterday? I was charged a £25 penalty fee unfairly.
INT-2026-00870,CUST-21923,25/05/2026 06:28,Email,VIP,Wales,AGT-265,Can you send me a copy of my latest VAT invoice for last month?
INT-2026-04580,CUST-98984,14/04/2026 12:33,EMAIL,Small Business,Yorkshire & Humber,AGT-233,Why did my direct debit fail yesterday? I was charged a £25 penalty fee unfairly.
INT-2026-00211,CUST-95944,18/02/2026 04:59,web_chat,Enterprise,Greater London,AGT-614,How do I update my password on the online customer portal?
INT-2026-01484,CUST-51393,02/04/2026 07:52,email,Standard,East of England,AGT-237,I am issuing a formal right to be forgotten request. Erase all personal records linked to my phone number +44(0)121 4960417.
INT-2026-02147,CUST-93761,25/01/2026 14:12,CALL,Standard,Wales,AGT-976,What are your customer support opening hours over the bank holiday weekend?
INT-2026-02284,CUST-58797,02/02/2026 00:51,,Small Business,West Midlands,AGT-917,Why did my direct debit fail yesterday? I was charged a £25 penalty fee unfairly.
INT-2026-02143,CUST-21568,29/03/2026 05:29,E-Mail,Enterprise,Scotland,AGT-521,???
INT-2026-01232,CUST-67603,18/03/2026 10:25,webchat,VIP,Wales,AGT-241,Can someone explain the difference between the standard and enterprise tier plans?
INT-2026-01486,CUST-89514,19/02/2026 13:46,webchat,Small Business,North West,AGT-319,Why did my direct debit fail yesterday? I was charged a £25 penalty fee unfairly.
INT-2026-00062,CUST-60277,09/04/2026 16:34,CALL,Small Business,West Midlands,AGT-906,Why did my direct debit fail yesterday? I was charged a £25 penalty fee unfairly.
INT-2026-03909,CUST-35241,24/02/2026 12:57,call_transcript,Standard,East of England,AGT-302,How do I update my password on the online customer portal?
INT-2026-02307,CUST-23292,30/01/2026 20:17,EMAIL,VIP,West Midlands,AGT-690,Why did my direct debit fail yesterday? I was charged a £25 penalty fee unfairly.
INT-2026-02849,CUST-54070,07/02/2026 19:35,web_chat,Standard,Yorkshire & Humber,AGT-505,SELECT * FROM users WHERE customer_id = 'CUST-101' OR 1=1;
INT-2026-01474,CUST-28932,16/04/2026 15:09,Web Chat,Small Business,North West,AGT-862,I was double billed for my monthly subscription on card 2585125927291694. Please process a refund.
INT-2026-01766,CUST-83178,10/05/2026 15:24,EMAIL,Small Business,West Midlands,AGT-345,Can someone explain the difference between the standard and enterprise tier plans?
INT-2026-01274,CUST-79695,12/03/2026 05:19,call_transcript,Standard,Greater London,AGT-757,I would like to update my billing address to E52 2QZ.
INT-2026-02785,CUST-49589,27/01/2026 08:41,EMAIL,VIP,Greater London,AGT-845,I lost my job last month and I simply cannot afford my direct debit payment of £150. My NI number is MM830404F. Please help me reduce my bill.
INT-2026-04106,CUST-53910,07/02/2026 18:31,web_chat,Standard,Scotland,AGT-828,Can you send me a copy of my latest VAT invoice for last month?
INT-2026-01096,CUST-82559,24/01/2026 06:05,web_chat,Enterprise,North West,AGT-419,I was double billed for my monthly subscription on card 2651769659596561. Please process a refund.
INT-2026-03609,CUST-94527,24/03/2026 22:42,E-Mail,Small Business,Yorkshire & Humber,AGT-678,Can someone explain the difference between the standard and enterprise tier plans?
INT-2026-02348,CUST-66055,05/04/2026 18:47,Call Transcript,VIP,Wales,AGT-894,I am issuing a formal right to be forgotten request. Erase all personal records linked to my phone number 0117 496 0754.
INT-2026-01759,CUST-24591,28/01/2026 04:28,email,Enterprise,Greater London,AGT-648,I am issuing a formal right to be forgotten request. Erase all personal records linked to my phone number +441914960131.
INT-2026-03170,CUST-64730,07/02/2026 16:04,Call Transcript,Enterprise,Yorkshire & Humber,AGT-280,Why did my direct debit fail yesterday? I was charged a £25 penalty fee unfairly.
INT-2026-03987,CUST-26280,02/05/2026 21:24,,VIP,North West,AGT-160,My business went into administration. I cannot pay this invoice right now. Contact my legal representative at twilkinson@example.org.
INT-2026-04808,CUST-60262,05/04/2026 03:49,Email,Small Business,West Midlands,AGT-658,Unacceptable service! Your agent was extremely rude. I demand an immediate refund of £85. My account number is linked to NI IV914756H.
INT-2026-00864,CUST-79761,19/02/2026 15:36,webchat,Small Business,Yorkshire & Humber,AGT-453,I'm experiencing severe financial hardship following a bereavement. I live at OL87 8UH and need urgent payment assistance.
INT-2026-02518,CUST-43144,20/04/2026 10:52,Call Transcript,Standard,East of England,AGT-588,Please delete all my data and process my Subject Access Request under UK GDPR rules immediately. Contact me at robertsjudith@example.com.
INT-2026-00987,CUST-68449,25/05/2026 12:32,,Standard,Yorkshire & Humber,AGT-368,I would like to update my billing address to CW6 7WZ.
INT-2026-03157,CUST-71408,23/04/2026 10:06,CALL,Enterprise,East of England,AGT-442,How do I update my password on the online customer portal?
INT-2026-00990,CUST-66935,30/01/2026 07:53,email,VIP,West Midlands,AGT-445,Disgusted by this scam service. I demand to speak with a senior manager immediately regarding my direct debit failure.
INT-2026-01105,CUST-86048,26/01/2026 17:15,E-Mail,Standard,East of England,AGT-504,Unacceptable service! Your agent was extremely rude. I demand an immediate refund of £85. My account number is linked to NI TB911708C.
INT-2026-04452,CUST-15266,13/03/2026 13:48,Call Transcript,Small Business,North West,AGT-116,You have failed to address my issue for 3 weeks. I am filing an official grievance and taking this further to legal counsel.
INT-2026-01549,CUST-89260,17/05/2026 01:33,Call Transcript,VIP,Yorkshire & Humber,AGT-220,What are your customer support opening hours over the bank holiday weekend?
INT-2026-04183,CUST-73600,09/05/2026 17:00,CALL,Enterprise,Greater London,AGT-279,I am currently in hospital due to severe illness and my pension payment hasn't come through. Please call me back on 029 2018 0531.
INT-2026-02549,CUST-23017,18/02/2026 01:31,E-Mail,Enterprise,East of England,AGT-705,My business went into administration. I cannot pay this invoice right now. Contact my legal representative at lucy93@example.net.
INT-2026-03685,CUST-21351,27/02/2026 00:46,CALL,VIP,Wales,AGT-330,I would like to update my billing address to E9 3TY.
INT-2026-03475,CUST-80875,16/01/2026 22:20,Email,Small Business,North West,AGT-614,How do I update my password on the online customer portal?
INT-2026-01289,CUST-85669,,email,Standard,Wales,AGT-685,Why did my direct debit fail yesterday? I was charged a £25 penalty fee unfairly.
INT-2026-00317,CUST-32973,03/01/2026 01:54,Call Transcript,Standard,Wales,AGT-713,Can you send me a copy of my latest VAT invoice for last month?
INT-2026-02686,CUST-73494,10/02/2026 14:28,Email,Enterprise,Scotland,AGT-279,Can you send me a copy of my latest VAT invoice for last month?
INT-2026-02127,CUST-29156,02/05/2026 23:59,email,VIP,Wales,AGT-213,My business went into administration. I cannot pay this invoice right now. Contact my legal representative at joanclark@example.org.
INT-2026-01355,CUST-96412,29/01/2026 19:24,E-Mail,VIP,Yorkshire & Humber,AGT-717,How do I update my password on the online customer portal?
INT-2026-01682,CUST-24900,10/04/2026 17:00,EMAIL,VIP,North West,AGT-103,Can you send me a copy of my latest VAT invoice for last month?
INT-2026-01676,CUST-37808,12/01/2026 19:10,webchat,VIP,Greater London,AGT-723,I would like to update my billing address to LE9 0RP.
INT-2026-01559,CUST-68738,24/04/2026 18:45,EMAIL,Small Business,West Midlands,AGT-337,What are your customer support opening hours over the bank holiday weekend?
INT-2026-02220,CUST-58246,10/05/2026 16:06,CALL,Enterprise,West Midlands,AGT-126,I would like to update my billing address to S95 9JW.
INT-2026-03766,CUST-32719,22/03/2026 03:30,Email,VIP,Yorkshire & Humber,AGT-365,Disgusted by this scam service. I demand to speak with a senior manager immediately regarding my direct debit failure.
INT-2026-00218,CUST-49874,08/01/2026 19:57,CALL,Enterprise,Scotland,AGT-625,I'm experiencing severe financial hardship following a bereavement. I live at BS8W 1RL and need urgent payment assistance.
INT-2026-04374,CUST-65234,18/01/2026 11:29,E-Mail,Enterprise,East of England,AGT-791,I'm experiencing severe financial hardship following a bereavement. I live at N0C 5LP and need urgent payment assistance.
INT-2026-04788,CUST-61038,29/01/2026 04:09,EMAIL,Small Business,Scotland,AGT-460,How do I update my password on the online customer portal?
INT-2026-01008,,1780144335,call_transcript,VIP,North West,AGT-877,Can you send me a copy of my latest VAT invoice for last month?
INT-2026-03209,CUST-16985,28/02/2026 06:49,web_chat,Standard,Yorkshire & Humber,AGT-442,Unacceptable service! Your agent was extremely rude. I demand an immediate refund of £85. My account number is linked to NI FT112478J.
INT-2026-01123,CUST-90078,24/02/2026 05:03,Call Transcript,Standard,North West,AGT-515,Your company has breached GDPR by sending emails to the wrong recipient. I am reporting this to the Information Commissioner's Office (ICO).
INT-2026-03969,CUST-29453,09/04/2026 07:18,Email,VIP,East of England,AGT-151,Why did my direct debit fail yesterday? I was charged a £25 penalty fee unfairly.
INT-2026-01195,,10/04/2026 20:36,E-Mail,VIP,West Midlands,AGT-670,Can someone explain the difference between the standard and enterprise tier plans?
INT-2026-02142,CUST-48668,26/04/2026 18:45,web_chat,Enterprise,Yorkshire & Humber,AGT-516,I was double billed for my monthly subscription on card 502019067730. Please process a refund.
INT-2026-01048,CUST-45353,19/01/2026 13:55,EMAIL,VIP,North West,AGT-386,I am currently in hospital due to severe illness and my pension payment hasn't come through. Please call me back on +44(0)28 9018524.
INT-2026-01460,CUST-84494,16/02/2026 23:46,web_chat,,West Midlands,AGT-657,I am issuing a formal right to be forgotten request. Erase all personal records linked to my phone number +441154960604.
INT-2026-03880,CUST-71110,20/02/2026 08:59,email,Standard,Yorkshire & Humber,AGT-162,Why did my direct debit fail yesterday? I was charged a £25 penalty fee unfairly.
INT-2026-00310,CUST-15116,08/04/2026 17:41,call_transcript,Standard,Wales,AGT-794,Can someone explain the difference between the standard and enterprise tier plans?
INT-2026-01963,CUST-61621,19/02/2026 16:20,call_transcript,Small Business,Wales,AGT-918,Your company has breached GDPR by sending emails to the wrong recipient. I am reporting this to the Information Commissioner's Office (ICO).
INT-2026-04082,CUST-88254,16/04/2026 13:55,,,Greater London,AGT-593,Can someone explain the difference between the standard and enterprise tier plans?
INT-2026-02677,CUST-18831,29/01/2026 05:15,EMAIL,Enterprise,Yorkshire & Humber,AGT-959,Can someone explain the difference between the standard and enterprise tier plans?
INT-2026-04169,CUST-56316,24/03/2026 08:19,email,Standard,Scotland,AGT-465,I would like to update my billing address to JE5 2TF.
INT-2026-02123,CUST-19497,04/02/2026 00:32,Email,Small Business,Scotland,AGT-888,Disgusted by this scam service. I demand to speak with a senior manager immediately regarding my direct debit failure.
INT-2026-04420,CUST-57736,09/03/2026 02:40,Email,Small Business,Wales,AGT-792,How do I update my password on the online customer portal?
INT-2026-02502,CUST-59310,20/04/2026 23:07,call_transcript,Standard,Wales,AGT-318,How do I update my password on the online customer portal?
INT-2026-03621,,30/03/2026 02:42,E-Mail,VIP,Wales,AGT-243,"This is a formal complaint regarding my overcharged invoice. If you do not resolve this today, I will escalate to the Financial Ombudsman and FCA immediately. My postcode is M92 8WT."
INT-2026-04822,CUST-80057,25/05/2026 19:48,Web Chat,Enterprise,East of England,AGT-543,"This is a formal complaint regarding my overcharged invoice. If you do not resolve this today, I will escalate to the Financial Ombudsman and FCA immediately. My postcode is G8J 5ZQ."
INT-2026-04505,CUST-65537,18/03/2026 00:41,E-Mail,Standard,West Midlands,AGT-569,I am currently in hospital due to severe illness and my pension payment hasn't come through. Please call me back on +44(0)161 496 0797.
INT-2026-01161,CUST-82170,08/03/2026 22:29,webchat,Standard,Yorkshire & Humber,AGT-593,How do I update my password on the online customer portal?
INT-2026-01821,CUST-97742,07/03/2026 07:06,Call Transcript,Enterprise,West Midlands,AGT-619,Why did my direct debit fail yesterday? I was charged a £25 penalty fee unfairly.
INT-2026-04251,CUST-55706,27/02/2026 22:59,EMAIL,Enterprise,North West,AGT-329,???
INT-2026-04129,CUST-94492,07/01/2026 09:34,CALL,Small Business,North West,AGT-832,Unacceptable service! Your agent was extremely rude. I demand an immediate refund of £85. My account number is linked to NI WN350424S.
INT-2026-00392,CUST-80381,22/03/2026 09:09,Call Transcript,Enterprise,Yorkshire & Humber,AGT-648,I'm experiencing severe financial hardship following a bereavement. I live at ST9X 3TF and need urgent payment assistance.
INT-2026-02051,CUST-24896,05/02/2026 09:28,email,Enterprise,Scotland,AGT-685,"<html><body><p>Hello support team, I need help logging in.</p></body></html>"
INT-2026-04197,CUST-85998,02/05/2026 00:21,Web Chat,Standard,North West,AGT-661,I lost my job last month and I simply cannot afford my direct debit payment of £150. My NI number is NM767279X. Please help me reduce my bill.
INT-2026-03978,CUST-95745,17/04/2026 13:12,Web Chat,Enterprise,Greater London,AGT-882,How do I update my password on the online customer portal?
INT-2026-04091,CUST-17650,06/02/2026 03:45,E-Mail,Standard,North West,AGT-398,Can you send me a copy of my latest VAT invoice for last month?
INT-2026-01335,CUST-70359,16/03/2026 09:40,Email,Small Business,West Midlands,AGT-470,I'm experiencing severe financial hardship following a bereavement. I live at ZE0 5BD and need urgent payment assistance.
INT-2026-01791,CUST-61413,30/04/2026 03:33,webchat,Small Business,North West,AGT-268,Your company has breached GDPR by sending emails to the wrong recipient. I am reporting this to the Information Commissioner's Office (ICO).
INT-2026-04485,CUST-70472,09/05/2026 23:20,E-Mail,Standard,East of England,AGT-979,Unacceptable service! Your agent was extremely rude. I demand an immediate refund of £85. My account number is linked to NI GO594063M.
INT-2026-00386,CUST-83685,26/05/2026 12:09,Call Transcript,Enterprise,Scotland,AGT-939,My business went into administration. I cannot pay this invoice right now. Contact my legal representative at newmangareth@example.com.
INT-2026-00895,CUST-51151,28/03/2026 13:46,web_chat,Enterprise,West Midlands,AGT-303,I would like to update my billing address to SE14 3LY.
INT-2026-01018,CUST-28040,06/05/2026 08:04,web_chat,Standard,West Midlands,AGT-618,What are your customer support opening hours over the bank holiday weekend?
INT-2026-03339,CUST-27063,04/05/2026 07:58,web_chat,Standard,Wales,AGT-995,Can you send me a copy of my latest VAT invoice for last month?
INT-2026-03624,CUST-65777,19/04/2026 11:27,email,VIP,Yorkshire & Humber,AGT-437,I was double billed for my monthly subscription on card 4347255603020805689. Please process a refund.
INT-2026-02119,CUST-64325,28/02/2026 12:05,Web Chat,Small Business,Wales,AGT-820,Can someone explain the difference between the standard and enterprise tier plans?
INT-2026-02463,CUST-25821,21/01/2026 23:39,Email,Enterprise,East of England,AGT-414,Can you send me a copy of my latest VAT invoice for last month?
INT-2026-02713,CUST-91821,16/02/2026 06:13,email,Small Business,Scotland,AGT-600,Why did my direct debit fail yesterday? I was charged a £25 penalty fee unfairly.
INT-2026-02613,CUST-20966,10/02/2026 12:41,web_chat,Standard,West Midlands,AGT-910,You have failed to address my issue for 3 weeks. I am filing an official grievance and taking this further to legal counsel.
INT-2026-03941,CUST-73238,18/01/2026 02:04,Web Chat,Standard,Wales,AGT-287,SELECT * FROM users WHERE customer_id = 'CUST-101' OR 1=1;
INT-2026-00607,CUST-88390,24/05/2026 13:10,Call Transcript,Standard,Yorkshire & Humber,AGT-910,ok thanks
INT-2026-00124,CUST-82199,30/04/2026 07:26,Web Chat,VIP,North West,AGT-774,I would like to update my billing address to G9 8TX.
INT-2026-02619,CUST-98396,03/04/2026 03:52,Web Chat,Enterprise,Yorkshire & Humber,AGT-460,Can someone explain the difference between the standard and enterprise tier plans?
INT-2026-03988,CUST-12998,24/01/2026 10:21,call_transcript,Enterprise,West Midlands,AGT-643,Why did my direct debit fail yesterday? I was charged a £25 penalty fee unfairly.
INT-2026-02781,CUST-86681,18/02/2026 15:14,call_transcript,VIP,West Midlands,AGT-883,I would like to update my billing address to BH67 0DG.
INT-2026-04122,CUST-69491,1778093525,E-Mail,Enterprise,East of England,AGT-739,Can someone explain the difference between the standard and enterprise tier plans?
INT-2026-00848,CUST-49489,15/02/2026 20:41,email,Enterprise,Greater London,AGT-588,"This is a formal complaint regarding my overcharged invoice. If you do not resolve this today, I will escalate to the Financial Ombudsman and FCA immediately. My postcode is TW1 9AD."
INT-2026-01867,CUST-62044,04/03/2026 13:51,EMAIL,Standard,West Midlands,AGT-240,Can you send me a copy of my latest VAT invoice for last month?
INT-2026-02354,CUST-98424,09/04/2026 19:43,web_chat,Enterprise,West Midlands,AGT-735,"<html><body><p>Hello support team, I need help logging in.</p></body></html>"
INT-2026-03239,CUST-91807,24/01/2026 10:56,Email,Small Business,Scotland,AGT-284,How do I update my password on the online customer portal?
INT-2026-03112,CUST-38883,18/02/2026 18:16,E-Mail,Enterprise,Wales,AGT-859,Can you send me a copy of my latest VAT invoice for last month?
INT-2026-04836,CUST-53166,11/05/2026 21:04,Email,Small Business,Yorkshire & Humber,AGT-556,Can someone explain the difference between the standard and enterprise tier plans?
INT-2026-01461,CUST-48259,17/01/2026 16:32,E-Mail,Small Business,Yorkshire & Humber,AGT-290,Why did my direct debit fail yesterday? I was charged a £25 penalty fee unfairly.
INT-2026-03815,CUST-15991,14/03/2026 04:13,E-Mail,Enterprise,Greater London,AGT-208,What are your customer support opening hours over the bank holiday weekend?
INT-2026-01719,CUST-67074,07/02/2026 17:35,call_transcript,Standard,East of England,AGT-813,Why did my direct debit fail yesterday? I was charged a £25 penalty fee unfairly.
INT-2026-01854,CUST-56215,02/02/2026 09:40,Web Chat,Small Business,Wales,AGT-791,Why did my direct debit fail yesterday? I was charged a £25 penalty fee unfairly.
INT-2026-04612,CUST-75851,09/05/2026 13:14,email,Enterprise,Wales,AGT-223,I would like to update my billing address to E2W 9HY.
INT-2026-04296,CUST-39406,18/02/2026 06:29,E-Mail,Enterprise,Wales,AGT-760,How do I update my password on the online customer portal?
INT-2026-03118,CUST-54232,09/04/2026 21:37,call_transcript,Small Business,Yorkshire & Humber,AGT-701,Why did my direct debit fail yesterday? I was charged a £25 penalty fee unfairly.
INT-2026-00415,CUST-49855,20/02/2026 13:45,CALL,Enterprise,Wales,AGT-855,I would like to update my billing address to M6 7RR.
INT-2026-01749,CUST-95878,24/01/2026 03:39,EMAIL,VIP,Scotland,AGT-813,I am currently in hospital due to severe illness and my pension payment hasn't come through. Please call me back on 02074960070.
INT-2026-04006,CUST-68243,01/05/2026 03:13,web_chat,VIP,North West,AGT-399,SELECT * FROM users WHERE customer_id = 'CUST-101' OR 1=1;
INT-2026-03421,CUST-83244,1779357350,Email,Enterprise,East of England,AGT-975,I'm experiencing severe financial hardship following a bereavement. I live at NN4 3TB and need urgent payment assistance.
INT-2026-03503,CUST-96721,1776292831,web_chat,VIP,North West,AGT-585,I'm experiencing severe financial hardship following a bereavement. I live at HR18 3JW and need urgent payment assistance.
INT-2026-04332,,23/02/2026 03:12,call_transcript,Enterprise,East of England,AGT-931,Can someone explain the difference between the standard and enterprise tier plans?
INT-2026-04172,CUST-81850,27/02/2026 23:15,E-Mail,Small Business,Yorkshire & Humber,AGT-849,What are your customer support opening hours over the bank holiday weekend?
INT-2026-00336,CUST-80855,28/03/2026 09:07,call_transcript,Small Business,East of England,AGT-866,Can someone explain the difference between the standard and enterprise tier plans?
INT-2026-03425,,22/04/2026 10:46,web_chat,Standard,Greater London,AGT-530,How do I update my password on the online customer portal?
INT-2026-03017,CUST-90285,09/02/2026 16:07,Call Transcript,Standard,Wales,AGT-960,Why did my direct debit fail yesterday? I was charged a £25 penalty fee unfairly.
INT-2026-03740,CUST-16503,22/04/2026 19:16,call_transcript,Standard,West Midlands,AGT-580,How do I update my password on the online customer portal?
INT-2026-00851,,16/01/2026 00:06,webchat,Small Business,Greater London,AGT-447,Why did my direct debit fail yesterday? I was charged a £25 penalty fee unfairly.
INT-2026-03360,CUST-40615,31/03/2026 02:01,Call Transcript,,East of England,AGT-237,"This is a formal complaint regarding my overcharged invoice. If you do not resolve this today, I will escalate to the Financial Ombudsman and FCA immediately. My postcode is S65 5NA."
INT-2026-02183,CUST-95714,05/05/2026 06:38,web_chat,Small Business,East of England,AGT-416,Unacceptable service! Your agent was extremely rude. I demand an immediate refund of £85. My account number is linked to NI HH460499F.
INT-2026-03298,CUST-60399,03/04/2026 14:45,call_transcript,Small Business,Greater London,AGT-329,I lost my job last month and I simply cannot afford my direct debit payment of £150. My NI number is LB231499X. Please help me reduce my bill.
INT-2026-00224,,24/02/2026 13:14,Email,VIP,North West,AGT-202,Unacceptable service! Your agent was extremely rude. I demand an immediate refund of £85. My account number is linked to NI OG395972S.
INT-2026-00914,CUST-41172,03/01/2026 06:35,web_chat,Small Business,Scotland,AGT-319,I was double billed for my monthly subscription on card 3507177613500782. Please process a refund.
INT-2026-00288,CUST-53500,12/02/2026 10:01,Web Chat,Standard,Greater London,AGT-784,Please delete all my data and process my Subject Access Request under UK GDPR rules immediately. Contact me at hthompson@example.org.
INT-2026-03430,CUST-69043,20/01/2026 08:49,Web Chat,Standard,East of England,AGT-101,"This is a formal complaint regarding my overcharged invoice. If you do not resolve this today, I will escalate to the Financial Ombudsman and FCA immediately. My postcode is M0W 8HS."
INT-2026-03264,CUST-44155,01/04/2026 01:18,webchat,Enterprise,North West,AGT-121,I would like to update my billing address to HX4 2WZ.
INT-2026-04260,CUST-29554,01/01/2026 20:50,email,,Scotland,AGT-594,Can someone explain the difference between the standard and enterprise tier plans?
INT-2026-00117,CUST-89635,15/06/2026 11:22,Call Transcript,Standard,Yorkshire & Humber,AGT-257,I would like to update my billing address to GY7 2SZ. [DUPLICATE SUBMISSION]
INT-2026-00507,CUST-37815,23/05/2026 22:29,webchat,Standard,West Midlands,AGT-340,I was double billed for my monthly subscription on card 4410527698198783. Please process a refund.
INT-2026-00430,,05/04/2026 23:59,E-Mail,Small Business,Greater London,AGT-137,I am issuing a formal right to be forgotten request. Erase all personal records linked to my phone number 0118 496 0798.
INT-2026-04723,,26/04/2026 20:53,email,,Scotland,AGT-419,What are your customer support opening hours over the bank holiday weekend?
INT-2026-03167,CUST-41161,27/03/2026 17:14,E-Mail,Standard,North West,AGT-177,I was double billed for my monthly subscription on card 4438278596831749. Please process a refund.
INT-2026-03109,CUST-90871,24/05/2026 23:09,web_chat,VIP,Greater London,AGT-346,Why did my direct debit fail yesterday? I was charged a £25 penalty fee unfairly.
INT-2026-02490,CUST-69500,23/05/2026 19:54,Call Transcript,Small Business,East of England,AGT-178,Unacceptable service! Your agent was extremely rude. I demand an immediate refund of £85. My account number is linked to NI JR416447N.
INT-2026-02885,CUST-70005,14/05/2026 04:58,CALL,Standard,North West,AGT-527,Can you send me a copy of my latest VAT invoice for last month?
INT-2026-04003,CUST-53831,11/05/2026 17:16,Web Chat,VIP,Greater London,AGT-657,Can you send me a copy of my latest VAT invoice for last month?
INT-2026-01370,CUST-50470,18/01/2026 19:19,CALL,Enterprise,North West,AGT-338,"This is a formal complaint regarding my overcharged invoice. If you do not resolve this today, I will escalate to the Financial Ombudsman and FCA immediately. My postcode is TQ90 4HY."
INT-2026-02273,CUST-55260,28/03/2026 01:56,web_chat,Standard,Scotland,AGT-871,I would like to update my billing address to DY39 9FE.
INT-2026-03547,CUST-88415,01/03/2026 00:29,CALL,Enterprise,North West,AGT-879,Why did my direct debit fail yesterday? I was charged a £25 penalty fee unfairly.
INT-2026-03937,CUST-42848,03/05/2026 13:19,email,Enterprise,Greater London,AGT-617,What are your customer support opening hours over the bank holiday weekend?
INT-2026-01432,,17/03/2026 05:25,web_chat,Small Business,Yorkshire & Humber,AGT-780,I would like to update my billing address to DG83 6RZ.
INT-2026-02365,CUST-63426,14/04/2026 11:47,E-Mail,Small Business,Scotland,AGT-387,I would like to update my billing address to GY32 6PZ.
INT-2026-03908,CUST-16270,04/04/2026 09:14,call_transcript,VIP,Greater London,AGT-621,What are your customer support opening hours over the bank holiday weekend?
INT-2026-03052,CUST-57238,22/02/2026 04:09,Call Transcript,VIP,Scotland,AGT-767,I would like to update my billing address to W9G 1EJ.
INT-2026-04532,CUST-98308,02/04/2026 05:58,webchat,Enterprise,Greater London,AGT-188,I'm experiencing severe financial hardship following a bereavement. I live at SW2 8TB and need urgent payment assistance.
INT-2026-01033,CUST-83356,29/01/2026 14:52,E-Mail,Standard,Greater London,AGT-637,How do I update my password on the online customer portal?
INT-2026-02802,CUST-48702,14/02/2026 18:01,,Small Business,Greater London,AGT-911,My business went into administration. I cannot pay this invoice right now. Contact my legal representative at garry59@example.org.
INT-2026-01411,CUST-25565,15/06/2026 11:22,email,Small Business,Wales,AGT-248,Unacceptable service! Your agent was extremely rude. I demand an immediate refund of £85. My account number is linked to NI ZU338789X. [DUPLICATE SUBMISSION]
INT-2026-01933,CUST-57405,16/01/2026 06:36,EMAIL,Small Business,Wales,AGT-421,"<html><body><p>Hello support team, I need help logging in.</p></body></html>"
INT-2026-01097,CUST-17197,16/05/2026 03:09,email,Small Business,Greater London,AGT-643,I was double billed for my monthly subscription on card 4579537237660414268. Please process a refund.
INT-2026-00901,,25/01/2026 17:22,Email,VIP,East of England,AGT-313,Unacceptable service! Your agent was extremely rude. I demand an immediate refund of £85. My account number is linked to NI MT805877F.
INT-2026-03968,CUST-49275,1778110632,Email,Standard,Scotland,AGT-208,How do I update my password on the online customer portal?
INT-2026-03107,CUST-87305,09/04/2026 06:23,web_chat,Standard,Greater London,AGT-110,Disgusted by this scam service. I demand to speak with a senior manager immediately regarding my direct debit failure.
INT-2026-04096,CUST-89740,28/01/2026 00:40,email,Enterprise,Greater London,AGT-231,I would like to update my billing address to N6 3DE.
INT-2026-02169,CUST-69510,25/02/2026 13:11,web_chat,Small Business,Wales,AGT-270,What are your customer support opening hours over the bank holiday weekend?
INT-2026-02606,CUST-48538,16/02/2026 07:17,call_transcript,Small Business,Greater London,AGT-481,I would like to update my billing address to PE0V 6JN.
INT-2026-03462,CUST-87086,24/05/2026 20:37,call_transcript,VIP,East of England,AGT-749,How do I update my password on the online customer portal?
INT-2026-03745,CUST-96862,26/01/2026 18:46,Web Chat,VIP,Scotland,AGT-539,   
INT-2026-04177,CUST-86783,14/04/2026 17:35,CALL,Small Business,West Midlands,AGT-272,I was double billed for my monthly subscription on card 6011230313330885. Please process a refund.
INT-2026-02415,CUST-36798,20/03/2026 02:26,Email,Standard,East of England,AGT-943,Why did my direct debit fail yesterday? I was charged a £25 penalty fee unfairly.
INT-2026-02342,CUST-37856,22/03/2026 15:36,call_transcript,Small Business,North West,AGT-536,Unacceptable service! Your agent was extremely rude. I demand an immediate refund of £85. My account number is linked to NI BP326029E.
INT-2026-01386,CUST-98447,15/04/2026 21:51,webchat,Enterprise,East of England,AGT-824,I would like to update my billing address to CB2R 1FT.
INT-2026-02049,CUST-56443,22/03/2026 14:58,Call Transcript,VIP,North West,AGT-474,Unacceptable service! Your agent was extremely rude. I demand an immediate refund of £85. My account number is linked to NI JH474697H.
INT-2026-02218,CUST-56642,11/01/2026 08:35,CALL,Standard,Greater London,AGT-474,What are your customer support opening hours over the bank holiday weekend?
INT-2026-01433,CUST-75883,07/05/2026 22:07,Email,Standard,Greater London,AGT-215,What are your customer support opening hours over the bank holiday weekend?
INT-2026-01455,CUST-85085,21/01/2026 11:02,email,Small Business,Scotland,AGT-699,You have failed to address my issue for 3 weeks. I am filing an official grievance and taking this further to legal counsel.
INT-2026-01488,CUST-27121,09/01/2026 11:14,Web Chat,VIP,Scotland,AGT-722,SELECT * FROM users WHERE customer_id = 'CUST-101' OR 1=1;
INT-2026-02062,CUST-98487,18/03/2026 08:46,web_chat,Enterprise,Wales,AGT-481,What are your customer support opening hours over the bank holiday weekend?
INT-2026-00938,CUST-22664,18/05/2026 13:10,call_transcript,Enterprise,East of England,AGT-818,What are your customer support opening hours over the bank holiday weekend?
INT-2026-01405,CUST-52281,12/02/2026 09:39,webchat,Small Business,North West,AGT-546,Unacceptable service! Your agent was extremely rude. I demand an immediate refund of £85. My account number is linked to NI YU899065I.
INT-2026-01323,CUST-82185,06/02/2026 17:00,,VIP,Greater London,AGT-461,How do I update my password on the online customer portal?
INT-2026-00164,CUST-46010,04/01/2026 07:53,Web Chat,VIP,Greater London,AGT-198,Why did my direct debit fail yesterday? I was charged a £25 penalty fee unfairly.
INT-2026-01597,CUST-98905,01/04/2026 11:17,EMAIL,Standard,Scotland,AGT-749,Can you send me a copy of my latest VAT invoice for last month?
INT-2026-04664,CUST-15147,1777202110,webchat,Enterprise,North West,AGT-144,Can you send me a copy of my latest VAT invoice for last month?
INT-2026-04495,CUST-60061,11/01/2026 10:32,,Standard,Scotland,AGT-387,Why did my direct debit fail yesterday? I was charged a £25 penalty fee unfairly.
INT-2026-02757,CUST-98398,25/03/2026 08:45,web_chat,VIP,Wales,AGT-206,Can someone explain the difference between the standard and enterprise tier plans?
INT-2026-02974,CUST-56784,18/05/2026 18:35,web_chat,Small Business,North West,AGT-347,I would like to update my billing address to JE0 6BU.
INT-2026-01174,CUST-78082,03/02/2026 07:48,webchat,Small Business,North West,AGT-876,Why did my direct debit fail yesterday? I was charged a £25 penalty fee unfairly.
INT-2026-01472,CUST-21140,29/03/2026 10:07,web_chat,Standard,Greater London,AGT-157,Can someone explain the difference between the standard and enterprise tier plans?
INT-2026-01175,CUST-25071,1776344214,email,Small Business,East of England,AGT-123,Can you send me a copy of my latest VAT invoice for last month?
INT-2026-00500,CUST-23159,09/04/2026 07:41,Web Chat,Enterprise,Scotland,AGT-811,I lost my job last month and I simply cannot afford my direct debit payment of £150. My NI number is BV397079I. Please help me reduce my bill.
INT-2026-04686,,10/05/2026 17:48,Email,Small Business,West Midlands,AGT-749,I would like to update my billing address to N3W 5FU.
INT-2026-03113,CUST-67301,1775460387,Email,Enterprise,Wales,AGT-807,I am issuing a formal right to be forgotten request. Erase all personal records linked to my phone number 01314960901.
INT-2026-00989,CUST-62853,29/03/2026 19:17,Call Transcript,VIP,Wales,AGT-424,Can you send me a copy of my latest VAT invoice for last month?
INT-2026-01047,CUST-44961,15/02/2026 21:31,web_chat,Small Business,North West,AGT-654,What are your customer support opening hours over the bank holiday weekend?
INT-2026-02247,,15/01/2026 18:46,webchat,Enterprise,West Midlands,AGT-447,I would like to update my billing address to G1 2UQ.
INT-2026-01180,CUST-30753,06/03/2026 06:01,Email,Small Business,East of England,AGT-712,I would like to update my billing address to G24 0WE.
INT-2026-01558,CUST-41814,08/02/2026 11:09,webchat,Standard,Greater London,AGT-493,You have failed to address my issue for 3 weeks. I am filing an official grievance and taking this further to legal counsel.
INT-2026-04319,CUST-29786,15/03/2026 20:17,E-Mail,Standard,North West,AGT-931,Can you send me a copy of my latest VAT invoice for last month?
INT-2026-01811,CUST-70558,25/03/2026 11:56,webchat,Enterprise,Wales,AGT-856,What are your customer support opening hours over the bank holiday weekend?
INT-2026-03873,CUST-66383,03/03/2026 03:39,webchat,Standard,Wales,AGT-907,I lost my job last month and I simply cannot afford my direct debit payment of £150. My NI number is UG504428H. Please help me reduce my bill.
INT-2026-01685,CUST-33828,08/05/2026 14:47,E-Mail,Standard,Scotland,AGT-653,I was double billed for my monthly subscription on card 373698034594895. Please process a refund.
INT-2026-02624,CUST-76165,31/03/2026 09:50,Call Transcript,Enterprise,East of England,AGT-702,What are your customer support opening hours over the bank holiday weekend?
INT-2026-00646,CUST-36707,03/05/2026 22:33,Web Chat,VIP,Scotland,AGT-941,Disgusted by this scam service. I demand to speak with a senior manager immediately regarding my direct debit failure.
INT-2026-00740,CUST-48535,26/04/2026 08:28,email,Standard,East of England,AGT-354,SELECT * FROM users WHERE customer_id = 'CUST-101' OR 1=1;
INT-2026-03177,CUST-37203,1773350016,email,VIP,Scotland,AGT-598,I lost my job last month and I simply cannot afford my direct debit payment of £150. My NI number is GN591292S. Please help me reduce my bill.
INT-2026-01213,CUST-41037,12/01/2026 19:43,webchat,Standard,North West,AGT-117,I am issuing a formal right to be forgotten request. Erase all personal records linked to my phone number +44117 496 0578.
INT-2026-02645,CUST-71478,08/01/2026 20:05,EMAIL,Standard,West Midlands,AGT-104,What are your customer support opening hours over the bank holiday weekend?
INT-2026-01948,CUST-16219,12/03/2026 00:20,webchat,Small Business,East of England,AGT-959,What are your customer support opening hours over the bank holiday weekend?
INT-2026-01938,CUST-43210,11/02/2026 23:56,EMAIL,Enterprise,Scotland,AGT-988,"This is a formal complaint regarding my overcharged invoice. If you do not resolve this today, I will escalate to the Financial Ombudsman and FCA immediately. My postcode is BS1R 9RS."
INT-2026-02983,CUST-44451,21/01/2026 18:33,EMAIL,Enterprise,Scotland,AGT-465,Why did my direct debit fail yesterday? I was charged a £25 penalty fee unfairly.
INT-2026-00817,CUST-13071,09/02/2026 08:29,Call Transcript,Small Business,Greater London,AGT-327,   
INT-2026-01308,CUST-45133,13/05/2026 13:05,EMAIL,VIP,North West,AGT-548,I would like to update my billing address to W1 6RE.
INT-2026-03476,CUST-37081,03/02/2026 10:09,web_chat,Enterprise,North West,AGT-251,Disgusted by this scam service. I demand to speak with a senior manager immediately regarding my direct debit failure.
INT-2026-00620,CUST-36337,28/05/2026 09:57,email,Standard,Wales,AGT-751,You have failed to address my issue for 3 weeks. I am filing an official grievance and taking this further to legal counsel.
INT-2026-04243,CUST-57269,17/05/2026 11:00,web_chat,VIP,Wales,AGT-558,Your company has breached GDPR by sending emails to the wrong recipient. I am reporting this to the Information Commissioner's Office (ICO).
INT-2026-02909,CUST-62016,05/01/2026 05:08,webchat,Small Business,Scotland,AGT-554,Your company has breached GDPR by sending emails to the wrong recipient. I am reporting this to the Information Commissioner's Office (ICO).
INT-2026-03808,CUST-34368,21/03/2026 06:59,call_transcript,VIP,North West,AGT-325,Unacceptable service! Your agent was extremely rude. I demand an immediate refund of £85. My account number is linked to NI KS988847P.
INT-2026-01314,CUST-15990,07/01/2026 10:59,EMAIL,Standard,Scotland,AGT-684,Can you send me a copy of my latest VAT invoice for last month?
INT-2026-02395,CUST-96248,22/03/2026 12:55,webchat,Standard,West Midlands,AGT-922,How do I update my password on the online customer portal?
INT-2026-02548,CUST-90810,28/03/2026 04:17,CALL,Small Business,Wales,AGT-144,Why did my direct debit fail yesterday? I was charged a £25 penalty fee unfairly.
INT-2026-01147,CUST-63382,11/02/2026 20:42,email,Enterprise,West Midlands,AGT-528,I'm experiencing severe financial hardship following a bereavement. I live at RG1 1YB and need urgent payment assistance.
INT-2026-02678,CUST-78890,02/05/2026 20:14,call_transcript,VIP,Greater London,AGT-455,"This is a formal complaint regarding my overcharged invoice. If you do not resolve this today, I will escalate to the Financial Ombudsman and FCA immediately. My postcode is GL2 8JY."
INT-2026-01739,CUST-55150,07/02/2026 03:18,E-Mail,Enterprise,Greater London,AGT-320,Can you send me a copy of my latest VAT invoice for last month?
INT-2026-01972,CUST-16398,1780081850,call_transcript,Standard,West Midlands,AGT-108,What are your customer support opening hours over the bank holiday weekend?
INT-2026-04292,CUST-77507,23/04/2026 08:04,CALL,Enterprise,Wales,AGT-386,Can someone explain the difference between the standard and enterprise tier plans?
INT-2026-04680,CUST-46343,16/01/2026 22:19,webchat,Enterprise,West Midlands,AGT-805,I would like to update my billing address to N2 9AB.
INT-2026-03679,CUST-13343,27/01/2026 06:44,Call Transcript,Small Business,Wales,AGT-491,Why did my direct debit fail yesterday? I was charged a £25 penalty fee unfairly.
INT-2026-02368,CUST-25071,20/02/2026 22:44,call_transcript,VIP,North West,AGT-983,Can someone explain the difference between the standard and enterprise tier plans?
INT-2026-02063,CUST-14665,15/01/2026 15:14,call_transcript,Enterprise,Greater London,AGT-457,What are your customer support opening hours over the bank holiday weekend?
INT-2026-00909,,10/01/2026 00:42,webchat,Standard,Greater London,AGT-457,How do I update my password on the online customer portal?
INT-2026-03601,CUST-98263,12/05/2026 08:40,email,Enterprise,Wales,AGT-920,Can you send me a copy of my latest VAT invoice for last month?
INT-2026-00141,CUST-21725,1776203965,E-Mail,Small Business,Wales,AGT-280,How do I update my password on the online customer portal?
INT-2026-03578,CUST-89395,,CALL,Standard,Wales,AGT-945,Can you send me a copy of my latest VAT invoice for last month?
INT-2026-01471,CUST-55758,05/01/2026 12:04,webchat,VIP,Greater London,AGT-368,I am currently in hospital due to severe illness and my pension payment hasn't come through. Please call me back on +44115 496 0113.
INT-2026-04348,CUST-28268,18/05/2026 16:38,Email,Small Business,Wales,AGT-341,I would like to update my billing address to BL0 9UB.
INT-2026-02594,CUST-50540,09/04/2026 04:04,webchat,Enterprise,West Midlands,AGT-693,Disgusted by this scam service. I demand to speak with a senior manager immediately regarding my direct debit failure.
INT-2026-02810,CUST-27703,23/01/2026 06:50,EMAIL,Enterprise,East of England,AGT-152,I'm experiencing severe financial hardship following a bereavement. I live at N2S 8LE and need urgent payment assistance.
INT-2026-04367,CUST-76514,1775686806,webchat,Small Business,Wales,AGT-790,Can someone explain the difference between the standard and enterprise tier plans?
INT-2026-01263,CUST-69234,15/05/2026 18:02,Call Transcript,Standard,Scotland,AGT-128,I am currently in hospital due to severe illness and my pension payment hasn't come through. Please call me back on 02074960438.
INT-2026-02599,CUST-99152,11/03/2026 22:46,CALL,Standard,North West,AGT-783,Please delete all my data and process my Subject Access Request under UK GDPR rules immediately. Contact me at webbaimee@example.org.
INT-2026-03035,CUST-51219,28/04/2026 16:02,call_transcript,VIP,Scotland,AGT-298,Can you send me a copy of my latest VAT invoice for last month?
INT-2026-00677,CUST-84666,06/05/2026 17:52,email,VIP,Greater London,AGT-246,I am currently in hospital due to severe illness and my pension payment hasn't come through. Please call me back on +44(0)1184960190.
INT-2026-01812,CUST-58577,21/01/2026 16:18,webchat,VIP,Greater London,AGT-648,Can someone explain the difference between the standard and enterprise tier plans?
INT-2026-03861,CUST-19659,13/05/2026 00:39,webchat,VIP,Scotland,AGT-481,Why did my direct debit fail yesterday? I was charged a £25 penalty fee unfairly.
INT-2026-00908,CUST-31282,09/02/2026 15:04,,Enterprise,Greater London,AGT-902,I lost my job last month and I simply cannot afford my direct debit payment of £150. My NI number is BP969961U. Please help me reduce my bill.
INT-2026-00761,CUST-60570,1775009619,EMAIL,Small Business,Greater London,AGT-694,Your company has breached GDPR by sending emails to the wrong recipient. I am reporting this to the Information Commissioner's Office (ICO).
INT-2026-02389,CUST-45587,13/03/2026 20:01,email,VIP,Wales,AGT-395,What are your customer support opening hours over the bank holiday weekend?
INT-2026-01226,CUST-93864,01/03/2026 20:35,webchat,Enterprise,West Midlands,AGT-391,Why did my direct debit fail yesterday? I was charged a £25 penalty fee unfairly.
INT-2026-01710,CUST-26136,1774196329,webchat,Small Business,North West,AGT-384,"This is a formal complaint regarding my overcharged invoice. If you do not resolve this today, I will escalate to the Financial Ombudsman and FCA immediately. My postcode is SM33 9YN."
INT-2026-03384,CUST-85580,18/02/2026 15:36,web_chat,Enterprise,East of England,AGT-444,I am currently in hospital due to severe illness and my pension payment hasn't come through. Please call me back on 0191 4960184.
INT-2026-02920,CUST-54294,24/02/2026 04:35,E-Mail,Small Business,West Midlands,AGT-534,Unacceptable service! Your agent was extremely rude. I demand an immediate refund of £85. My account number is linked to NI UP562213V.
INT-2026-00670,CUST-64919,05/01/2026 05:56,call_transcript,Standard,Wales,AGT-810,Disgusted by this scam service. I demand to speak with a senior manager immediately regarding my direct debit failure.
INT-2026-00521,CUST-43211,16/01/2026 21:04,CALL,Small Business,North West,AGT-905,Disgusted by this scam service. I demand to speak with a senior manager immediately regarding my direct debit failure.
INT-2026-00663,CUST-72114,17/05/2026 03:34,EMAIL,VIP,North West,AGT-223,"This is a formal complaint regarding my overcharged invoice. If you do not resolve this today, I will escalate to the Financial Ombudsman and FCA immediately. My postcode is L76 1UT."
INT-2026-03801,CUST-54907,25/03/2026 21:44,webchat,VIP,West Midlands,AGT-185,I would like to update my billing address to M5C 4YU.
INT-2026-00370,,02/05/2026 09:47,web_chat,Standard,East of England,AGT-363,How do I update my password on the online customer portal?
INT-2026-02631,CUST-25360,09/02/2026 11:50,Web Chat,Small Business,West Midlands,AGT-371,I would like to update my billing address to ME83 7SA.
INT-2026-01024,CUST-72710,09/01/2026 03:09,CALL,Enterprise,East of England,AGT-584,Can someone explain the difference between the standard and enterprise tier plans?
INT-2026-02815,CUST-34037,04/04/2026 22:32,email,Small Business,Scotland,AGT-457,What are your customer support opening hours over the bank holiday weekend?
INT-2026-03862,CUST-51853,20/04/2026 00:08,email,Standard,East of England,AGT-332,Can someone explain the difference between the standard and enterprise tier plans?
INT-2026-01302,CUST-57178,29/05/2026 08:13,call_transcript,Standard,Scotland,AGT-982,Your company has breached GDPR by sending emails to the wrong recipient. I am reporting this to the Information Commissioner's Office (ICO).
INT-2026-00248,CUST-86923,01/02/2026 18:01,web_chat,Standard,Scotland,AGT-150,Unacceptable service! Your agent was extremely rude. I demand an immediate refund of £85. My account number is linked to NI EX083535Q.
INT-2026-00255,CUST-95778,13/02/2026 08:47,web_chat,Enterprise,Yorkshire & Humber,AGT-401,Why did my direct debit fail yesterday? I was charged a £25 penalty fee unfairly.
INT-2026-00171,CUST-30214,24/05/2026 15:02,email,Small Business,West Midlands,AGT-879,Unacceptable service! Your agent was extremely rude. I demand an immediate refund of £85. My account number is linked to NI KY583219F.
INT-2026-04692,CUST-29424,,call_transcript,Standard,Scotland,AGT-261,???
INT-2026-01061,CUST-59275,03/03/2026 01:53,Email,VIP,Scotland,AGT-985,Can you send me a copy of my latest VAT invoice for last month?
INT-2026-01160,CUST-28672,29/04/2026 10:50,CALL,VIP,Scotland,AGT-704,What are your customer support opening hours over the bank holiday weekend?
INT-2026-04555,CUST-61243,17/02/2026 17:16,web_chat,Standard,West Midlands,AGT-669,How do I update my password on the online customer portal?
INT-2026-02700,CUST-41980,15/06/2026 11:22,Web Chat,Small Business,Yorkshire & Humber,AGT-769,Can you send me a copy of my latest VAT invoice for last month? [DUPLICATE SUBMISSION]
INT-2026-03691,CUST-25793,10/05/2026 03:47,E-Mail,Enterprise,North West,AGT-167,"This is a formal complaint regarding my overcharged invoice. If you do not resolve this today, I will escalate to the Financial Ombudsman and FCA immediately. My postcode is B3H 3GE."
INT-2026-03783,CUST-54151,11/04/2026 22:02,web_chat,VIP,West Midlands,AGT-309,Disgusted by this scam service. I demand to speak with a senior manager immediately regarding my direct debit failure.
INT-2026-03258,CUST-38980,14/03/2026 14:37,CALL,VIP,East of England,AGT-766,Disgusted by this scam service. I demand to speak with a senior manager immediately regarding my direct debit failure.
INT-2026-02648,CUST-48137,09/05/2026 19:08,email,Standard,Wales,AGT-233,I would like to update my billing address to W4U 7LB.
INT-2026-01083,CUST-46419,23/03/2026 03:24,email,Enterprise,Wales,AGT-729,Why did my direct debit fail yesterday? I was charged a £25 penalty fee unfairly.
INT-2026-04720,CUST-22581,17/04/2026 04:25,call_transcript,Small Business,West Midlands,AGT-810,Can someone explain the difference between the standard and enterprise tier plans?
INT-2026-02184,CUST-98893,10/05/2026 21:31,Web Chat,Enterprise,Greater London,AGT-457,What are your customer support opening hours over the bank holiday weekend?
INT-2026-04201,CUST-15492,13/05/2026 00:29,Email,Small Business,North West,AGT-335,Unacceptable service! Your agent was extremely rude. I demand an immediate refund of £85. My account number is linked to NI QD778111B.
INT-2026-02843,CUST-36867,13/04/2026 08:42,call_transcript,Enterprise,East of England,AGT-993,Why did my direct debit fail yesterday? I was charged a £25 penalty fee unfairly.
INT-2026-04078,CUST-32024,16/02/2026 20:55,email,Small Business,Scotland,AGT-984,Unacceptable service! Your agent was extremely rude. I demand an immediate refund of £85. My account number is linked to NI CJ515892E.
INT-2026-04214,CUST-67231,10/05/2026 22:50,Web Chat,Standard,Yorkshire & Humber,AGT-978,What are your customer support opening hours over the bank holiday weekend?
INT-2026-04525,CUST-44145,21/01/2026 04:36,call_transcript,Small Business,West Midlands,AGT-652,I would like to update my billing address to LD8 0GT.
INT-2026-03911,CUST-68824,09/05/2026 08:58,Call Transcript,Small Business,Greater London,AGT-454,Your company has breached GDPR by sending emails to the wrong recipient. I am reporting this to the Information Commissioner's Office (ICO).
INT-2026-04226,CUST-71990,03/01/2026 11:34,Web Chat,Small Business,East of England,AGT-629,What are your customer support opening hours over the bank holiday weekend?
INT-2026-00172,CUST-83005,,webchat,Standard,Yorkshire & Humber,AGT-712,
INT-2026-01840,CUST-83554,09/03/2026 21:09,Call Transcript,VIP,Yorkshire & Humber,AGT-300,I lost my job last month and I simply cannot afford my direct debit payment of £150. My NI number is EP741442O. Please help me reduce my bill.
INT-2026-03008,CUST-20528,09/03/2026 13:09,Call Transcript,Standard,Scotland,AGT-584,Why did my direct debit fail yesterday? I was charged a £25 penalty fee unfairly.
INT-2026-02221,CUST-92469,18/05/2026 21:10,CALL,Enterprise,Greater London,AGT-672,You have failed to address my issue for 3 weeks. I am filing an official grievance and taking this further to legal counsel.
INT-2026-01733,CUST-36548,06/04/2026 21:31,webchat,VIP,East of England,AGT-568,Can someone explain the difference between the standard and enterprise tier plans?
INT-2026-03010,CUST-40481,20/02/2026 06:46,EMAIL,Enterprise,North West,AGT-563,ok thanks
INT-2026-03881,CUST-36009,29/01/2026 13:16,webchat,Small Business,North West,AGT-374,You have failed to address my issue for 3 weeks. I am filing an official grievance and taking this further to legal counsel.
INT-2026-03721,CUST-72423,02/04/2026 08:05,CALL,Standard,West Midlands,AGT-210,Unacceptable service! Your agent was extremely rude. I demand an immediate refund of £85. My account number is linked to NI IM973363A.
INT-2026-02394,CUST-47983,07/03/2026 06:51,CALL,Standard,Scotland,AGT-671,SELECT * FROM users WHERE customer_id = 'CUST-101' OR 1=1;
INT-2026-02283,CUST-27404,11/02/2026 10:26,call_transcript,Small Business,East of England,AGT-788,Why did my direct debit fail yesterday? I was charged a £25 penalty fee unfairly.
INT-2026-04722,CUST-62669,07/05/2026 09:40,webchat,Standard,Yorkshire & Humber,AGT-742,Please delete all my data and process my Subject Access Request under UK GDPR rules immediately. Contact me at uhoward@example.com.
INT-2026-03840,CUST-23090,18/04/2026 17:25,web_chat,Standard,Wales,AGT-923,Please delete all my data and process my Subject Access Request under UK GDPR rules immediately. Contact me at opalmer@example.org.
INT-2026-00113,CUST-50642,02/04/2026 22:12,call_transcript,Standard,Wales,AGT-771,Please delete all my data and process my Subject Access Request under UK GDPR rules immediately. Contact me at james89@example.net.
INT-2026-03080,CUST-39793,07/05/2026 03:39,Email,,North West,AGT-607,Can someone explain the difference between the standard and enterprise tier plans?
INT-2026-03300,,14/03/2026 05:04,Web Chat,Small Business,Greater London,AGT-537,I would like to update my billing address to PA75 6AE.
INT-2026-03139,CUST-36609,30/01/2026 02:15,CALL,VIP,West Midlands,AGT-680,Can someone explain the difference between the standard and enterprise tier plans?
INT-2026-03557,CUST-85388,24/01/2026 18:53,EMAIL,Standard,Yorkshire & Humber,AGT-655,How do I update my password on the online customer portal?
INT-2026-02034,CUST-84368,15/06/2026 11:22,webchat,Enterprise,West Midlands,AGT-217,Why did my direct debit fail yesterday? I was charged a £25 penalty fee unfairly. [DUPLICATE SUBMISSION]
INT-2026-03676,CUST-96445,06/03/2026 01:32,email,Enterprise,Wales,AGT-140,I would like to update my billing address to WN6 3FX.
INT-2026-00049,CUST-34267,23/02/2026 16:34,Call Transcript,Standard,Wales,AGT-298,I am issuing a formal right to be forgotten request. Erase all personal records linked to my phone number +44(0)1214960447.
INT-2026-02853,CUST-30588,14/05/2026 06:14,Email,VIP,Scotland,AGT-464,Unacceptable service! Your agent was extremely rude. I demand an immediate refund of £85. My account number is linked to NI SH402007P.
INT-2026-04307,CUST-42368,02/01/2026 00:46,Web Chat,Enterprise,Scotland,AGT-120,Can you send me a copy of my latest VAT invoice for last month?
INT-2026-03515,CUST-71087,03/04/2026 13:53,webchat,Standard,Yorkshire & Humber,AGT-401,I am currently in hospital due to severe illness and my pension payment hasn't come through. Please call me back on (01632) 960898.
INT-2026-00235,CUST-95673,31/01/2026 12:09,webchat,Enterprise,East of England,AGT-388,Please delete all my data and process my Subject Access Request under UK GDPR rules immediately. Contact me at cartwrightjasmine@example.com.
INT-2026-03307,CUST-65039,03/03/2026 20:34,,Enterprise,West Midlands,AGT-736,I was double billed for my monthly subscription on card 6011200374520914. Please process a refund.
INT-2026-03769,CUST-69515,,EMAIL,Standard,North West,AGT-329,Can someone explain the difference between the standard and enterprise tier plans?
INT-2026-01778,CUST-56962,30/01/2026 08:45,,Standard,Yorkshire & Humber,AGT-345,What are your customer support opening hours over the bank holiday weekend?
INT-2026-02571,CUST-52340,18/01/2026 17:41,call_transcript,Small Business,West Midlands,AGT-420,I would like to update my billing address to S2D 8XL.
INT-2026-04809,CUST-68185,11/02/2026 02:43,EMAIL,,Yorkshire & Humber,AGT-429,What are your customer support opening hours over the bank holiday weekend?
INT-2026-00512,CUST-83512,22/01/2026 20:14,Call Transcript,Enterprise,North West,AGT-954,You have failed to address my issue for 3 weeks. I am filing an official grievance and taking this further to legal counsel.
INT-2026-03029,CUST-64103,27/03/2026 05:35,Email,Small Business,North West,AGT-724,How do I update my password on the online customer portal?
INT-2026-02344,CUST-56178,05/02/2026 06:48,EMAIL,Enterprise,Yorkshire & Humber,AGT-999,"<html><body><p>Hello support team, I need help logging in.</p></body></html>"
INT-2026-04365,CUST-26004,15/04/2026 01:32,E-Mail,VIP,Greater London,AGT-793,I am currently in hospital due to severe illness and my pension payment hasn't come through. Please call me back on +44(0)114 4960813.
INT-2026-00678,CUST-62757,27/01/2026 15:49,call_transcript,Standard,Greater London,AGT-946,I lost my job last month and I simply cannot afford my direct debit payment of £150. My NI number is BV550492I. Please help me reduce my bill.
INT-2026-03104,,10/01/2026 17:43,Call Transcript,Enterprise,Yorkshire & Humber,AGT-257,
INT-2026-00473,CUST-85777,12/02/2026 03:17,call_transcript,Standard,East of England,AGT-201,Can someone explain the difference between the standard and enterprise tier plans?
INT-2026-04489,CUST-46086,09/03/2026 23:47,Call Transcript,,East of England,AGT-458,Can you send me a copy of my latest VAT invoice for last month?
INT-2026-00789,CUST-56312,27/04/2026 14:54,Email,Standard,North West,AGT-308,I am issuing a formal right to be forgotten request. Erase all personal records linked to my phone number +44121 4960353.
INT-2026-04645,CUST-24420,08/02/2026 00:22,email,Enterprise,East of England,AGT-559,You have failed to address my issue for 3 weeks. I am filing an official grievance and taking this further to legal counsel.
INT-2026-01171,CUST-34954,10/05/2026 16:31,EMAIL,VIP,Wales,AGT-692,Please delete all my data and process my Subject Access Request under UK GDPR rules immediately. Contact me at bcoates@example.com.
INT-2026-03632,CUST-88034,04/03/2026 06:41,Web Chat,Enterprise,Scotland,AGT-572,How do I update my password on the online customer portal?
INT-2026-02065,CUST-77493,23/02/2026 22:01,email,Standard,East of England,AGT-520,"This is a formal complaint regarding my overcharged invoice. If you do not resolve this today, I will escalate to the Financial Ombudsman and FCA immediately. My postcode is W2 8BE."
INT-2026-02612,CUST-10925,06/03/2026 16:19,EMAIL,Small Business,North West,AGT-898,I am currently in hospital due to severe illness and my pension payment hasn't come through. Please call me back on (0117)4960757.
INT-2026-00538,CUST-99243,1779331217,Web Chat,VIP,East of England,AGT-513,Why did my direct debit fail yesterday? I was charged a £25 penalty fee unfairly.
INT-2026-04658,CUST-36772,30/01/2026 19:39,webchat,VIP,West Midlands,AGT-934,You have failed to address my issue for 3 weeks. I am filing an official grievance and taking this further to legal counsel.
INT-2026-03427,CUST-86466,14/03/2026 03:50,EMAIL,Standard,West Midlands,AGT-325,You have failed to address my issue for 3 weeks. I am filing an official grievance and taking this further to legal counsel.
INT-2026-03856,CUST-35692,27/05/2026 03:16,Call Transcript,VIP,Greater London,AGT-613,How do I update my password on the online customer portal?
INT-2026-01995,CUST-74552,14/02/2026 00:32,CALL,Small Business,Scotland,AGT-887,How do I update my password on the online customer portal?
INT-2026-02933,,27/03/2026 07:13,Email,Small Business,Greater London,AGT-732,I would like to update my billing address to CW63 8RZ.
INT-2026-02743,CUST-61509,26/04/2026 18:08,E-Mail,Enterprise,East of England,AGT-637,I am currently in hospital due to severe illness and my pension payment hasn't come through. Please call me back on 09098790346.
INT-2026-04665,CUST-79107,27/01/2026 12:46,Web Chat,Standard,East of England,AGT-178,What are your customer support opening hours over the bank holiday weekend?
INT-2026-04405,CUST-26666,01/01/2026 10:36,E-Mail,Standard,Scotland,AGT-971,"This is a formal complaint regarding my overcharged invoice. If you do not resolve this today, I will escalate to the Financial Ombudsman and FCA immediately. My postcode is TD0W 2LG."
INT-2026-00671,CUST-77303,27/03/2026 00:02,email,Enterprise,North West,AGT-288,I am currently in hospital due to severe illness and my pension payment hasn't come through. Please call me back on +44(0)141 496 0109.
INT-2026-01577,CUST-72470,23/03/2026 22:36,Email,Standard,Wales,AGT-384,How do I update my password on the online customer portal?
INT-2026-02122,CUST-12072,17/03/2026 18:20,Web Chat,Small Business,Scotland,AGT-842,I am currently in hospital due to severe illness and my pension payment hasn't come through. Please call me back on 0306 999 0957.
INT-2026-04024,CUST-36686,27/02/2026 11:42,EMAIL,Enterprise,West Midlands,AGT-441,How do I update my password on the online customer portal?
INT-2026-01203,,22/03/2026 15:45,E-Mail,Standard,Yorkshire & Humber,AGT-269,Can someone explain the difference between the standard and enterprise tier plans?
INT-2026-00433,CUST-75161,12/02/2026 19:56,CALL,Small Business,West Midlands,AGT-223,   
INT-2026-04250,CUST-18062,13/01/2026 16:22,webchat,VIP,Greater London,AGT-818,Can someone explain the difference between the standard and enterprise tier plans?
INT-2026-00321,CUST-54520,1778660861,Call Transcript,Standard,Scotland,AGT-748,What are your customer support opening hours over the bank holiday weekend?
INT-2026-01126,CUST-44228,04/02/2026 14:59,email,VIP,East of England,AGT-751,I am currently in hospital due to severe illness and my pension payment hasn't come through. Please call me back on +44118 4960611.
INT-2026-04273,CUST-86412,22/03/2026 11:54,Email,VIP,North West,AGT-907,How do I update my password on the online customer portal?
INT-2026-01927,CUST-74998,14/03/2026 16:31,Call Transcript,Enterprise,North West,AGT-701,Why did my direct debit fail yesterday? I was charged a £25 penalty fee unfairly.
INT-2026-00039,CUST-26728,06/01/2026 05:40,call_transcript,Small Business,North West,AGT-987,Why did my direct debit fail yesterday? I was charged a £25 penalty fee unfairly.
INT-2026-03861,CUST-19659,15/06/2026 11:22,webchat,VIP,Scotland,AGT-481,Why did my direct debit fail yesterday? I was charged a £25 penalty fee unfairly. [DUPLICATE SUBMISSION]
INT-2026-00751,CUST-47128,10/05/2026 04:38,call_transcript,VIP,East of England,AGT-301,Why did my direct debit fail yesterday? I was charged a £25 penalty fee unfairly.
INT-2026-02555,CUST-97392,07/05/2026 04:46,Call Transcript,VIP,Yorkshire & Humber,AGT-186,Can someone explain the difference between the standard and enterprise tier plans?
INT-2026-03690,CUST-84422,15/03/2026 03:46,Call Transcript,Enterprise,East of England,AGT-428,Why did my direct debit fail yesterday? I was charged a £25 penalty fee unfairly.
INT-2026-00304,CUST-81349,07/05/2026 22:20,webchat,Enterprise,Scotland,AGT-328,I was double billed for my monthly subscription on card 6504120911791121. Please process a refund.
INT-2026-02046,CUST-94641,04/04/2026 05:02,Call Transcript,VIP,East of England,AGT-450,Can someone explain the difference between the standard and enterprise tier plans?
INT-2026-00559,CUST-93252,23/02/2026 00:20,Call Transcript,Enterprise,Greater London,AGT-808,"This is a formal complaint regarding my overcharged invoice. If you do not resolve this today, I will escalate to the Financial Ombudsman and FCA immediately. My postcode is CT0 6DB."
INT-2026-03982,CUST-19105,22/03/2026 20:33,Email,VIP,North West,AGT-295,My business went into administration. I cannot pay this invoice right now. Contact my legal representative at ritadoherty@example.net.
INT-2026-00571,CUST-13404,25/04/2026 03:24,web_chat,VIP,Yorkshire & Humber,AGT-229,I would like to update my billing address to N45 8AY.
INT-2026-02328,CUST-15588,16/03/2026 08:17,CALL,Small Business,Yorkshire & Humber,AGT-890,Can someone explain the difference between the standard and enterprise tier plans?
INT-2026-03989,CUST-91526,24/05/2026 06:02,email,Standard,Scotland,AGT-614,I would like to update my billing address to M1 3SU.
INT-2026-03854,CUST-85232,09/02/2026 00:16,CALL,Standard,West Midlands,AGT-996,"This is a formal complaint regarding my overcharged invoice. If you do not resolve this today, I will escalate to the Financial Ombudsman and FCA immediately. My postcode is DY10 3BL."
INT-2026-03961,CUST-44581,1769253743,call_transcript,VIP,West Midlands,AGT-910,How do I update my password on the online customer portal?
INT-2026-04195,CUST-88689,26/01/2026 04:50,CALL,Standard,East of England,AGT-392,I am issuing a formal right to be forgotten request. Erase all personal records linked to my phone number +441414960041.
INT-2026-04587,CUST-39734,16/01/2026 10:52,Email,Small Business,East of England,AGT-362,I lost my job last month and I simply cannot afford my direct debit payment of £150. My NI number is BL020583O. Please help me reduce my bill.
INT-2026-01775,CUST-28258,09/01/2026 22:47,E-Mail,VIP,East of England,AGT-732,Can someone explain the difference between the standard and enterprise tier plans?
INT-2026-01044,CUST-10428,07/04/2026 03:07,Web Chat,Small Business,North West,AGT-372,My business went into administration. I cannot pay this invoice right now. Contact my legal representative at ronaldcunningham@example.net.
INT-2026-04081,CUST-74191,27/05/2026 22:11,Web Chat,Small Business,Scotland,AGT-869,"This is a formal complaint regarding my overcharged invoice. If you do not resolve this today, I will escalate to the Financial Ombudsman and FCA immediately. My postcode is RG5 3HA."
INT-2026-00421,CUST-70438,23/05/2026 14:08,E-Mail,VIP,West Midlands,AGT-660,I lost my job last month and I simply cannot afford my direct debit payment of £150. My NI number is AT254969H. Please help me reduce my bill.
INT-2026-01892,CUST-35489,17/02/2026 00:09,EMAIL,Standard,Wales,AGT-968,I lost my job last month and I simply cannot afford my direct debit payment of £150. My NI number is NP262168R. Please help me reduce my bill.
INT-2026-02927,CUST-91284,05/01/2026 03:00,CALL,Enterprise,Scotland,AGT-684,"This is a formal complaint regarding my overcharged invoice. If you do not resolve this today, I will escalate to the Financial Ombudsman and FCA immediately. My postcode is LD95 4HD."
INT-2026-01954,CUST-54512,19/02/2026 08:08,email,Enterprise,Greater London,AGT-402,Your company has breached GDPR by sending emails to the wrong recipient. I am reporting this to the Information Commissioner's Office (ICO).
INT-2026-00566,CUST-46429,29/03/2026 03:50,call_transcript,Standard,East of England,AGT-331,???
INT-2026-01003,CUST-56803,08/03/2026 17:10,webchat,Small Business,East of England,AGT-258,Why did my direct debit fail yesterday? I was charged a £25 penalty fee unfairly.
INT-2026-00233,CUST-64266,10/03/2026 04:51,webchat,VIP,North West,AGT-562,I lost my job last month and I simply cannot afford my direct debit payment of £150. My NI number is ZI956907B. Please help me reduce my bill.
INT-2026-01130,CUST-20040,08/04/2026 08:45,Web Chat,Standard,Yorkshire & Humber,AGT-545,Why did my direct debit fail yesterday? I was charged a £25 penalty fee unfairly.
INT-2026-04674,CUST-60758,20/02/2026 00:52,Email,Standard,West Midlands,AGT-745,I would like to update my billing address to AB9V 0TQ.
INT-2026-01358,CUST-82564,12/05/2026 14:38,call_transcript,Small Business,East of England,AGT-912,Can someone explain the difference between the standard and enterprise tier plans?
INT-2026-01277,CUST-88409,18/05/2026 23:02,webchat,VIP,Yorkshire & Humber,AGT-560,Unacceptable service! Your agent was extremely rude. I demand an immediate refund of £85. My account number is linked to NI LU450806N.
INT-2026-00323,CUST-51139,22/02/2026 05:59,CALL,VIP,North West,AGT-853,You have failed to address my issue for 3 weeks. I am filing an official grievance and taking this further to legal counsel.
INT-2026-03782,CUST-92269,13/05/2026 10:17,call_transcript,Standard,Yorkshire & Humber,AGT-812,How do I update my password on the online customer portal?
INT-2026-03892,CUST-49122,03/03/2026 14:41,Web Chat,Enterprise,Scotland,AGT-641,Your company has breached GDPR by sending emails to the wrong recipient. I am reporting this to the Information Commissioner's Office (ICO).
INT-2026-04406,CUST-30212,21/04/2026 06:02,Email,Enterprise,East of England,AGT-597,Why did my direct debit fail yesterday? I was charged a £25 penalty fee unfairly.
INT-2026-04247,CUST-75164,13/05/2026 14:56,Web Chat,VIP,Greater London,AGT-509,I am currently in hospital due to severe illness and my pension payment hasn't come through. Please call me back on +448081570089.
INT-2026-04562,,13/03/2026 20:02,Web Chat,Enterprise,East of England,AGT-106,Disgusted by this scam service. I demand to speak with a senior manager immediately regarding my direct debit failure.
INT-2026-01085,CUST-15167,17/04/2026 05:46,CALL,Standard,Scotland,AGT-703,How do I update my password on the online customer portal?
INT-2026-01229,CUST-54920,17/01/2026 09:29,Call Transcript,VIP,Greater London,AGT-573,I would like to update my billing address to NP3 5BA.
INT-2026-00333,CUST-94494,12/03/2026 12:28,Call Transcript,Standard,North West,AGT-845,You have failed to address my issue for 3 weeks. I am filing an official grievance and taking this further to legal counsel.
INT-2026-02536,CUST-10640,27/05/2026 05:29,CALL,Small Business,North West,AGT-354,Can you send me a copy of my latest VAT invoice for last month?
INT-2026-03855,CUST-96022,11/02/2026 03:01,Web Chat,Standard,West Midlands,AGT-117,Please delete all my data and process my Subject Access Request under UK GDPR rules immediately. Contact me at ihowell@example.com.
INT-2026-00261,CUST-34697,04/01/2026 17:07,webchat,VIP,Greater London,AGT-475,How do I update my password on the online customer portal?
INT-2026-00633,CUST-26182,03/04/2026 20:57,CALL,Standard,Wales,AGT-441,Unacceptable service! Your agent was extremely rude. I demand an immediate refund of £85. My account number is linked to NI BG378191K.
INT-2026-04139,CUST-12851,10/05/2026 01:00,E-Mail,VIP,West Midlands,AGT-151,Please delete all my data and process my Subject Access Request under UK GDPR rules immediately. Contact me at annette24@example.com.
INT-2026-00813,CUST-53684,13/01/2026 07:46,call_transcript,VIP,Wales,AGT-648,Can you send me a copy of my latest VAT invoice for last month?
INT-2026-04487,CUST-60334,26/02/2026 14:13,,Enterprise,Yorkshire & Humber,AGT-671,I am issuing a formal right to be forgotten request. Erase all personal records linked to my phone number (0909) 8790692.
INT-2026-01781,CUST-10061,22/05/2026 03:51,web_chat,Small Business,East of England,AGT-742,Can you send me a copy of my latest VAT invoice for last month?
INT-2026-00279,CUST-89450,16/03/2026 16:39,call_transcript,Small Business,West Midlands,AGT-401,Why did my direct debit fail yesterday? I was charged a £25 penalty fee unfairly.
INT-2026-03905,CUST-37404,05/03/2026 23:35,Web Chat,Enterprise,Scotland,AGT-651,???
INT-2026-03178,CUST-50751,28/05/2026 10:15,Call Transcript,Standard,Scotland,AGT-263,Can you send me a copy of my latest VAT invoice for last month?
INT-2026-04715,CUST-89838,05/03/2026 14:42,Email,Enterprise,Yorkshire & Humber,AGT-379,Can someone explain the difference between the standard and enterprise tier plans?
INT-2026-00854,CUST-89119,08/04/2026 11:46,Call Transcript,Enterprise,Greater London,AGT-904,Disgusted by this scam service. I demand to speak with a senior manager immediately regarding my direct debit failure.
INT-2026-01695,CUST-51442,05/03/2026 16:08,Call Transcript,VIP,North West,AGT-446,
INT-2026-01504,CUST-67045,30/05/2026 21:19,E-Mail,Standard,West Midlands,AGT-770,Unacceptable service! Your agent was extremely rude. I demand an immediate refund of £85. My account number is linked to NI VA209225L.
INT-2026-00560,,03/02/2026 16:44,,Standard,Wales,AGT-997,How do I update my password on the online customer portal?
INT-2026-04746,CUST-44514,,,Standard,North West,AGT-374,Can someone explain the difference between the standard and enterprise tier plans?
INT-2026-01039,CUST-71592,28/05/2026 01:49,webchat,VIP,Scotland,AGT-445,My business went into administration. I cannot pay this invoice right now. Contact my legal representative at barbara56@example.org.
INT-2026-01620,,20/01/2026 12:22,webchat,Enterprise,Wales,AGT-966,I am currently in hospital due to severe illness and my pension payment hasn't come through. Please call me back on +44(0)161 4960901.
INT-2026-04289,CUST-24407,02/04/2026 15:23,webchat,VIP,West Midlands,AGT-174,I am currently in hospital due to severe illness and my pension payment hasn't come through. Please call me back on +44(0)1632 960 370.
INT-2026-00148,CUST-31566,27/03/2026 19:07,call_transcript,Small Business,Wales,AGT-156,Can you send me a copy of my latest VAT invoice for last month?
INT-2026-02005,CUST-89128,23/03/2026 18:19,Call Transcript,Standard,Scotland,AGT-250,My business went into administration. I cannot pay this invoice right now. Contact my legal representative at donald86@example.net.
INT-2026-02957,CUST-15269,05/01/2026 08:51,Email,Small Business,Scotland,AGT-641,I would like to update my billing address to DY6 3YH.
INT-2026-01907,CUST-84691,15/04/2026 07:48,E-Mail,VIP,Yorkshire & Humber,AGT-793,I am currently in hospital due to severe illness and my pension payment hasn't come through. Please call me back on +44(0)116 4960799.
INT-2026-01021,CUST-63477,13/02/2026 20:22,EMAIL,VIP,East of England,AGT-100,How do I update my password on the online customer portal?
INT-2026-01281,CUST-22181,18/04/2026 09:19,E-Mail,Standard,Wales,AGT-594,Your company has breached GDPR by sending emails to the wrong recipient. I am reporting this to the Information Commissioner's Office (ICO).
INT-2026-01236,CUST-36039,14/05/2026 01:03,Call Transcript,Standard,Scotland,AGT-491,SELECT * FROM users WHERE customer_id = 'CUST-101' OR 1=1;
INT-2026-01841,CUST-93049,1778025865,,Standard,Scotland,AGT-777,I would like to update my billing address to B1G 5XE.
INT-2026-03108,CUST-91626,28/03/2026 00:50,email,Enterprise,Yorkshire & Humber,AGT-413,What are your customer support opening hours over the bank holiday weekend?
INT-2026-01552,CUST-12844,02/01/2026 23:40,call_transcript,VIP,Yorkshire & Humber,AGT-147,"This is a formal complaint regarding my overcharged invoice. If you do not resolve this today, I will escalate to the Financial Ombudsman and FCA immediately. My postcode is E8 7QT."
INT-2026-01458,CUST-65914,15/05/2026 00:01,Email,Standard,Greater London,AGT-390,Please delete all my data and process my Subject Access Request under UK GDPR rules immediately. Contact me at qbennett@example.org.
INT-2026-03556,CUST-88649,26/01/2026 22:01,email,Standard,Yorkshire & Humber,AGT-809,I lost my job last month and I simply cannot afford my direct debit payment of £150. My NI number is ZQ259839T. Please help me reduce my bill.
INT-2026-01935,CUST-46787,21/03/2026 22:14,CALL,VIP,East of England,AGT-728,I'm experiencing severe financial hardship following a bereavement. I live at S8S 8EL and need urgent payment assistance.
INT-2026-03261,CUST-94206,14/05/2026 08:14,web_chat,Enterprise,Greater London,AGT-502,"This is a formal complaint regarding my overcharged invoice. If you do not resolve this today, I will escalate to the Financial Ombudsman and FCA immediately. My postcode is S51 9FA."
INT-2026-02751,CUST-22929,02/04/2026 05:48,webchat,Standard,North West,AGT-446,Disgusted by this scam service. I demand to speak with a senior manager immediately regarding my direct debit failure.
INT-2026-00040,CUST-69598,24/02/2026 00:46,webchat,Standard,East of England,AGT-652,I'm experiencing severe financial hardship following a bereavement. I live at TF2 8EW and need urgent payment assistance.
INT-2026-00923,,12/04/2026 19:08,Web Chat,Enterprise,Wales,AGT-227,Can you send me a copy of my latest VAT invoice for last month?
INT-2026-03985,CUST-13339,11/02/2026 18:37,web_chat,VIP,Yorkshire & Humber,AGT-292,I'm experiencing severe financial hardship following a bereavement. I live at SW1P 4BT and need urgent payment assistance.
INT-2026-00412,CUST-75762,22/04/2026 21:59,call_transcript,Standard,Yorkshire & Humber,AGT-593,"<html><body><p>Hello support team, I need help logging in.</p></body></html>"
INT-2026-03996,CUST-77053,21/04/2026 10:53,EMAIL,Small Business,North West,AGT-311,What are your customer support opening hours over the bank holiday weekend?
INT-2026-02438,CUST-62590,06/04/2026 07:33,Email,Standard,Yorkshire & Humber,AGT-937,"This is a formal complaint regarding my overcharged invoice. If you do not resolve this today, I will escalate to the Financial Ombudsman and FCA immediately. My postcode is E55 5RG."
INT-2026-01364,CUST-72066,13/01/2026 06:48,webchat,Enterprise,Yorkshire & Humber,AGT-174,How do I update my password on the online customer portal?
INT-2026-04140,CUST-37937,14/01/2026 04:50,E-Mail,Small Business,North West,AGT-746,I am issuing a formal right to be forgotten request. Erase all personal records linked to my phone number 0117 496 0639.
INT-2026-04053,CUST-55379,03/05/2026 21:54,Call Transcript,Small Business,Greater London,AGT-652,What are your customer support opening hours over the bank holiday weekend?
INT-2026-03153,CUST-42417,30/04/2026 05:43,Call Transcript,Standard,Scotland,AGT-292,What are your customer support opening hours over the bank holiday weekend?
INT-2026-03844,CUST-20247,06/02/2026 09:57,E-Mail,Enterprise,Yorkshire & Humber,AGT-148,Can someone explain the difference between the standard and enterprise tier plans?
INT-2026-04835,CUST-18135,16/05/2026 03:56,email,Small Business,Greater London,AGT-419,I was double billed for my monthly subscription on card 4048783292337702444. Please process a refund.
INT-2026-02217,CUST-17753,13/02/2026 18:23,Email,VIP,East of England,AGT-616,I was double billed for my monthly subscription on card 3550038140438803. Please process a refund.
INT-2026-04428,CUST-87093,03/05/2026 01:04,call_transcript,Small Business,Wales,AGT-341,What are your customer support opening hours over the bank holiday weekend?
INT-2026-00782,CUST-59719,15/06/2026 11:22,webchat,Standard,Yorkshire & Humber,AGT-872,I would like to update my billing address to E2F 9UU. [DUPLICATE SUBMISSION]
INT-2026-02206,,16/01/2026 09:17,E-Mail,Small Business,Greater London,AGT-911,What are your customer support opening hours over the bank holiday weekend?
INT-2026-02329,CUST-57398,24/02/2026 19:20,Call Transcript,Enterprise,Yorkshire & Humber,AGT-635,SELECT * FROM users WHERE customer_id = 'CUST-101' OR 1=1;
INT-2026-03479,CUST-49037,24/05/2026 22:32,EMAIL,Small Business,Greater London,AGT-151,Disgusted by this scam service. I demand to speak with a senior manager immediately regarding my direct debit failure.
INT-2026-02581,CUST-45002,01/02/2026 03:22,E-Mail,Enterprise,North West,AGT-260,How do I update my password on the online customer portal?
INT-2026-00986,CUST-41558,24/02/2026 15:38,Web Chat,Enterprise,East of England,AGT-161,Can someone explain the difference between the standard and enterprise tier plans?
INT-2026-03268,CUST-65748,30/05/2026 08:31,email,Enterprise,Wales,AGT-217,Why did my direct debit fail yesterday? I was charged a £25 penalty fee unfairly.
INT-2026-04345,CUST-71945,09/05/2026 12:52,Email,Small Business,North West,AGT-227,My business went into administration. I cannot pay this invoice right now. Contact my legal representative at darren54@example.net.
INT-2026-00384,CUST-88802,17/04/2026 06:47,E-Mail,VIP,North West,AGT-156,How do I update my password on the online customer portal?
INT-2026-01286,CUST-84379,1769898304,webchat,Small Business,Yorkshire & Humber,AGT-668,Can you send me a copy of my latest VAT invoice for last month?
INT-2026-00411,CUST-89223,04/02/2026 21:54,CALL,VIP,North West,AGT-534,Can someone explain the difference between the standard and enterprise tier plans?
INT-2026-04019,CUST-17900,,Call Transcript,VIP,West Midlands,AGT-509,Why did my direct debit fail yesterday? I was charged a £25 penalty fee unfairly.
INT-2026-01520,,27/04/2026 06:21,Call Transcript,Standard,Scotland,AGT-128,Can you send me a copy of my latest VAT invoice for last month?
INT-2026-02540,CUST-64980,14/04/2026 11:29,web_chat,Standard,Scotland,AGT-761,Can someone explain the difference between the standard and enterprise tier plans?
INT-2026-02527,CUST-15382,,,VIP,Greater London,AGT-363,You have failed to address my issue for 3 weeks. I am filing an official grievance and taking this further to legal counsel.
INT-2026-03545,CUST-30756,17/03/2026 04:08,Call Transcript,VIP,Scotland,AGT-392,Why did my direct debit fail yesterday? I was charged a £25 penalty fee unfairly.
INT-2026-00779,CUST-95674,03/03/2026 21:59,Web Chat,Small Business,West Midlands,AGT-180,Unacceptable service! Your agent was extremely rude. I demand an immediate refund of £85. My account number is linked to NI VS415892N.
INT-2026-01926,CUST-70496,12/05/2026 02:40,email,Enterprise,East of England,AGT-142,Can you send me a copy of my latest VAT invoice for last month?
INT-2026-00162,CUST-56160,05/04/2026 19:43,call_transcript,Standard,Wales,AGT-967,I lost my job last month and I simply cannot afford my direct debit payment of £150. My NI number is NL776719M. Please help me reduce my bill.
INT-2026-04408,CUST-55086,19/02/2026 08:49,Email,Enterprise,Wales,AGT-505,I was double billed for my monthly subscription on card 676200191796. Please process a refund.
INT-2026-04118,CUST-59278,28/04/2026 16:20,email,Standard,Wales,AGT-869,Can you send me a copy of my latest VAT invoice for last month?
INT-2026-02367,CUST-85440,11/01/2026 08:43,EMAIL,Small Business,Greater London,AGT-594,How do I update my password on the online customer portal?
INT-2026-00030,CUST-50538,20/03/2026 03:19,web_chat,Small Business,East of England,AGT-866,I would like to update my billing address to EN7M 6UE.
INT-2026-01720,CUST-21050,18/02/2026 13:52,EMAIL,Standard,Scotland,AGT-917,Can you send me a copy of my latest VAT invoice for last month?
INT-2026-00973,CUST-72270,26/02/2026 06:17,email,VIP,Scotland,AGT-221,Can you send me a copy of my latest VAT invoice for last month?
INT-2026-03627,CUST-53081,03/02/2026 03:11,,VIP,North West,AGT-483,"This is a formal complaint regarding my overcharged invoice. If you do not resolve this today, I will escalate to the Financial Ombudsman and FCA immediately. My postcode is SM1 9RU."
INT-2026-02464,CUST-62854,16/04/2026 14:06,Web Chat,Standard,North West,AGT-777,Can you send me a copy of my latest VAT invoice for last month?
INT-2026-00836,CUST-51481,1777071267,email,Small Business,Wales,AGT-783,How do I update my password on the online customer portal?
INT-2026-01776,CUST-30574,06/01/2026 03:13,email,Standard,West Midlands,AGT-800,Unacceptable service! Your agent was extremely rude. I demand an immediate refund of £85. My account number is linked to NI QA545656Y.
INT-2026-03356,CUST-99523,20/05/2026 14:04,email,VIP,East of England,AGT-817,What are your customer support opening hours over the bank holiday weekend?
INT-2026-04681,CUST-77200,04/04/2026 08:57,email,Standard,Yorkshire & Humber,AGT-247,Can someone explain the difference between the standard and enterprise tier plans?
INT-2026-02565,CUST-79977,13/05/2026 12:45,web_chat,Standard,Wales,AGT-941,Can someone explain the difference between the standard and enterprise tier plans?
INT-2026-03777,CUST-20282,28/05/2026 21:06,web_chat,VIP,North West,AGT-823,What are your customer support opening hours over the bank holiday weekend?
INT-2026-02377,CUST-14413,,web_chat,Enterprise,North West,AGT-533,How do I update my password on the online customer portal?
INT-2026-04483,CUST-50835,24/01/2026 10:17,call_transcript,Enterprise,Scotland,AGT-666,Why did my direct debit fail yesterday? I was charged a £25 penalty fee unfairly.
INT-2026-03246,CUST-79869,08/05/2026 05:55,EMAIL,Small Business,West Midlands,AGT-576,Can someone explain the difference between the standard and enterprise tier plans?
INT-2026-02846,CUST-91375,27/05/2026 19:00,call_transcript,VIP,North West,AGT-848,"This is a formal complaint regarding my overcharged invoice. If you do not resolve this today, I will escalate to the Financial Ombudsman and FCA immediately. My postcode is W33 8LW."
INT-2026-03138,CUST-85522,05/04/2026 05:53,EMAIL,Enterprise,Greater London,AGT-311,Unacceptable service! Your agent was extremely rude. I demand an immediate refund of £85. My account number is linked to NI LR641171O.
INT-2026-00419,CUST-72425,15/02/2026 08:56,call_transcript,Small Business,Greater London,AGT-395,Can someone explain the difference between the standard and enterprise tier plans?
INT-2026-00542,CUST-86230,26/04/2026 15:27,call_transcript,VIP,East of England,AGT-486,Why did my direct debit fail yesterday? I was charged a £25 penalty fee unfairly.
INT-2026-04108,CUST-52328,25/02/2026 09:00,Call Transcript,Enterprise,East of England,AGT-447,Can you send me a copy of my latest VAT invoice for last month?
INT-2026-04491,CUST-10279,04/04/2026 01:39,Email,Standard,Scotland,AGT-986,You have failed to address my issue for 3 weeks. I am filing an official grievance and taking this further to legal counsel.
INT-2026-00271,CUST-66734,04/04/2026 13:57,E-Mail,Standard,Greater London,AGT-758,Can someone explain the difference between the standard and enterprise tier plans?
INT-2026-03218,CUST-88468,27/04/2026 17:22,EMAIL,VIP,Wales,AGT-407,I'm experiencing severe financial hardship following a bereavement. I live at N47 7QY and need urgent payment assistance.
INT-2026-00643,CUST-49135,1770104623,call_transcript,Enterprise,East of England,AGT-646,Can you send me a copy of my latest VAT invoice for last month?
INT-2026-03875,CUST-59028,12/03/2026 03:45,CALL,VIP,West Midlands,AGT-217,Why did my direct debit fail yesterday? I was charged a £25 penalty fee unfairly.
INT-2026-01192,CUST-61711,27/02/2026 00:30,web_chat,VIP,West Midlands,AGT-734,Can someone explain the difference between the standard and enterprise tier plans?
INT-2026-03251,CUST-90748,19/05/2026 03:27,Web Chat,Standard,Scotland,AGT-974,What are your customer support opening hours over the bank holiday weekend?
INT-2026-01981,,05/03/2026 07:56,,Enterprise,North West,AGT-884,I was double billed for my monthly subscription on card 36289082371052. Please process a refund.
INT-2026-02899,CUST-87680,17/04/2026 22:17,E-Mail,Enterprise,West Midlands,AGT-340,Can someone explain the difference between the standard and enterprise tier plans?
INT-2026-00462,CUST-45825,31/03/2026 17:38,call_transcript,Small Business,West Midlands,AGT-667,I was double billed for my monthly subscription on card 180090793884134. Please process a refund.
INT-2026-00992,CUST-72482,15/02/2026 15:53,email,Enterprise,East of England,AGT-262,I am issuing a formal right to be forgotten request. Erase all personal records linked to my phone number +44117 496 0122.
INT-2026-02676,CUST-25652,15/06/2026 11:22,EMAIL,VIP,West Midlands,AGT-480,What are your customer support opening hours over the bank holiday weekend? [DUPLICATE SUBMISSION]
INT-2026-04040,CUST-40114,01/05/2026 23:47,,Standard,West Midlands,AGT-204,What are your customer support opening hours over the bank holiday weekend?
INT-2026-01758,CUST-63982,12/01/2026 10:56,CALL,VIP,Yorkshire & Humber,AGT-244,My business went into administration. I cannot pay this invoice right now. Contact my legal representative at ucarter@example.com.
INT-2026-00787,CUST-46234,02/03/2026 23:28,call_transcript,Enterprise,Wales,AGT-606,Unacceptable service! Your agent was extremely rude. I demand an immediate refund of £85. My account number is linked to NI JB775870G.
INT-2026-02882,CUST-54468,20/03/2026 01:17,,VIP,East of England,AGT-113,I was double billed for my monthly subscription on card 2247277631151365. Please process a refund.
INT-2026-04107,CUST-20230,26/05/2026 18:59,call_transcript,Small Business,North West,AGT-910,Disgusted by this scam service. I demand to speak with a senior manager immediately regarding my direct debit failure.
INT-2026-01506,CUST-36864,06/04/2026 12:02,Web Chat,Standard,Scotland,AGT-519,Why did my direct debit fail yesterday? I was charged a £25 penalty fee unfairly.
INT-2026-00485,CUST-87664,01/03/2026 04:59,EMAIL,Small Business,Yorkshire & Humber,AGT-627,I would like to update my billing address to M9F 6JF.
INT-2026-01941,CUST-21819,15/01/2026 19:50,web_chat,VIP,West Midlands,AGT-528,How do I update my password on the online customer portal?
INT-2026-01943,CUST-19958,14/03/2026 20:07,call_transcript,Standard,Scotland,AGT-571,Your company has breached GDPR by sending emails to the wrong recipient. I am reporting this to the Information Commissioner's Office (ICO).
INT-2026-00375,,27/01/2026 00:53,Call Transcript,Small Business,Scotland,AGT-585,Unacceptable service! Your agent was extremely rude. I demand an immediate refund of £85. My account number is linked to NI CK833423O.
INT-2026-00298,CUST-90785,30/01/2026 14:12,CALL,Standard,West Midlands,AGT-352,Can someone explain the difference between the standard and enterprise tier plans?
INT-2026-04687,CUST-76725,26/02/2026 08:20,call_transcript,Enterprise,East of England,AGT-357,What are your customer support opening hours over the bank holiday weekend?
INT-2026-03529,CUST-40394,04/05/2026 05:12,E-Mail,Enterprise,Greater London,AGT-684,What are your customer support opening hours over the bank holiday weekend?
INT-2026-01141,CUST-86955,18/03/2026 15:31,EMAIL,Small Business,Yorkshire & Humber,AGT-577,How do I update my password on the online customer portal?
INT-2026-00636,CUST-49855,23/04/2026 01:44,email,VIP,Wales,AGT-866,"This is a formal complaint regarding my overcharged invoice. If you do not resolve this today, I will escalate to the Financial Ombudsman and FCA immediately. My postcode is M3D 1EJ."
INT-2026-02793,CUST-28896,04/03/2026 17:06,CALL,Standard,Scotland,AGT-251,   
INT-2026-04121,CUST-93535,21/01/2026 07:24,web_chat,Small Business,Yorkshire & Humber,AGT-801,Why did my direct debit fail yesterday? I was charged a £25 penalty fee unfairly.
INT-2026-00606,CUST-26260,28/05/2026 01:01,webchat,Small Business,West Midlands,AGT-306,Unacceptable service! Your agent was extremely rude. I demand an immediate refund of £85. My account number is linked to NI MR607429M.
INT-2026-02598,CUST-75818,28/05/2026 03:22,webchat,VIP,West Midlands,AGT-356,I would like to update my billing address to NE8A 1FP.
INT-2026-04020,CUST-37800,17/01/2026 22:26,CALL,VIP,Yorkshire & Humber,AGT-800,Why did my direct debit fail yesterday? I was charged a £25 penalty fee unfairly.
INT-2026-04784,CUST-32355,11/03/2026 04:01,E-Mail,VIP,North West,AGT-131,What are your customer support opening hours over the bank holiday weekend?
INT-2026-00256,CUST-86490,14/01/2026 19:53,CALL,Enterprise,Scotland,AGT-155,What are your customer support opening hours over the bank holiday weekend?
INT-2026-00152,CUST-81361,14/02/2026 14:18,webchat,Standard,Greater London,AGT-928,How do I update my password on the online customer portal?
INT-2026-01015,CUST-36568,11/05/2026 08:13,Email,Standard,East of England,AGT-145,Can someone explain the difference between the standard and enterprise tier plans?
INT-2026-02509,CUST-42026,15/06/2026 11:22,web_chat,Standard,Wales,AGT-519,I'm experiencing severe financial hardship following a bereavement. I live at W59 4WX and need urgent payment assistance. [DUPLICATE SUBMISSION]
INT-2026-03756,,04/04/2026 13:55,web_chat,Enterprise,Yorkshire & Humber,AGT-467,I'm experiencing severe financial hardship following a bereavement. I live at WF07 7ZF and need urgent payment assistance.
INT-2026-01010,CUST-53769,20/05/2026 19:18,webchat,Small Business,Scotland,AGT-674,Can you send me a copy of my latest VAT invoice for last month?
INT-2026-03453,CUST-68050,1777559628,EMAIL,Enterprise,East of England,AGT-288,"This is a formal complaint regarding my overcharged invoice. If you do not resolve this today, I will escalate to the Financial Ombudsman and FCA immediately. My postcode is L8J 0DQ."
INT-2026-03124,CUST-95318,11/03/2026 23:05,Email,VIP,West Midlands,AGT-741,My business went into administration. I cannot pay this invoice right now. Contact my legal representative at gjones@example.com.
INT-2026-01665,CUST-67215,26/01/2026 14:10,email,VIP,Greater London,AGT-260,How do I update my password on the online customer portal?
INT-2026-01389,CUST-30095,02/01/2026 19:25,E-Mail,VIP,North West,AGT-998,I lost my job last month and I simply cannot afford my direct debit payment of £150. My NI number is KN976621X. Please help me reduce my bill.
INT-2026-00579,CUST-79065,26/03/2026 05:16,CALL,VIP,Wales,AGT-294,Disgusted by this scam service. I demand to speak with a senior manager immediately regarding my direct debit failure.
INT-2026-01869,CUST-27161,25/05/2026 03:50,webchat,VIP,East of England,AGT-417,How do I update my password on the online customer portal?
INT-2026-00723,,10/04/2026 08:54,,Standard,West Midlands,AGT-241,Unacceptable service! Your agent was extremely rude. I demand an immediate refund of £85. My account number is linked to NI XG831141T.
INT-2026-02286,CUST-49038,12/05/2026 18:13,CALL,Standard,East of England,AGT-100,You have failed to address my issue for 3 weeks. I am filing an official grievance and taking this further to legal counsel.
INT-2026-03570,CUST-15365,07/02/2026 06:42,EMAIL,VIP,North West,AGT-155,Your company has breached GDPR by sending emails to the wrong recipient. I am reporting this to the Information Commissioner's Office (ICO).
INT-2026-03502,CUST-94634,04/04/2026 02:58,CALL,Standard,North West,AGT-363,Why did my direct debit fail yesterday? I was charged a £25 penalty fee unfairly.
INT-2026-01578,CUST-23118,04/01/2026 20:08,Call Transcript,VIP,North West,AGT-406,How do I update my password on the online customer portal?
INT-2026-00577,CUST-86767,09/01/2026 12:36,web_chat,Enterprise,East of England,AGT-278,Your company has breached GDPR by sending emails to the wrong recipient. I am reporting this to the Information Commissioner's Office (ICO).
INT-2026-02095,CUST-86103,,call_transcript,VIP,Yorkshire & Humber,AGT-209,Can someone explain the difference between the standard and enterprise tier plans?
INT-2026-04386,CUST-14204,25/05/2026 16:21,web_chat,Small Business,Scotland,AGT-347,Why did my direct debit fail yesterday? I was charged a £25 penalty fee unfairly.
INT-2026-00410,CUST-97826,14/01/2026 22:21,Email,VIP,Greater London,AGT-240,Can someone explain the difference between the standard and enterprise tier plans?
INT-2026-04465,CUST-50895,25/04/2026 20:30,Email,Enterprise,Greater London,AGT-780,I am issuing a formal right to be forgotten request. Erase all personal records linked to my phone number +44(0)117 4960720.
INT-2026-04552,CUST-86618,28/01/2026 18:20,EMAIL,Small Business,Greater London,AGT-594,Disgusted by this scam service. I demand to speak with a senior manager immediately regarding my direct debit failure.
INT-2026-02335,CUST-88315,10/03/2026 10:53,Web Chat,Small Business,Greater London,AGT-930,You have failed to address my issue for 3 weeks. I am filing an official grievance and taking this further to legal counsel.
INT-2026-04534,,14/04/2026 12:30,,Small Business,East of England,AGT-531,Please delete all my data and process my Subject Access Request under UK GDPR rules immediately. Contact me at websterelizabeth@example.org.
INT-2026-04170,CUST-44170,01/02/2026 21:32,webchat,Small Business,Wales,AGT-438,I am currently in hospital due to severe illness and my pension payment hasn't come through. Please call me back on 0141 496 0206.
INT-2026-04455,CUST-13839,,Call Transcript,VIP,North West,AGT-692,
INT-2026-00250,CUST-50037,24/03/2026 07:04,Web Chat,Enterprise,East of England,AGT-633,Can someone explain the difference between the standard and enterprise tier plans?
INT-2026-01209,CUST-42392,06/03/2026 14:08,CALL,Standard,North West,AGT-557,
INT-2026-01415,CUST-61908,01/01/2026 17:56,EMAIL,Enterprise,North West,AGT-642,How do I update my password on the online customer portal?
INT-2026-00106,CUST-67340,29/03/2026 14:24,E-Mail,Enterprise,North West,AGT-495,ok thanks
INT-2026-03934,CUST-75295,27/03/2026 04:11,Email,Standard,Scotland,AGT-230,"This is a formal complaint regarding my overcharged invoice. If you do not resolve this today, I will escalate to the Financial Ombudsman and FCA immediately. My postcode is BL4 4NH."
INT-2026-03408,CUST-65523,20/01/2026 21:41,Call Transcript,Enterprise,Scotland,AGT-724,Disgusted by this scam service. I demand to speak with a senior manager immediately regarding my direct debit failure.
INT-2026-00932,CUST-21853,01/05/2026 17:47,web_chat,Small Business,West Midlands,AGT-445,I would like to update my billing address to FY5 7ND.
INT-2026-02892,CUST-28953,21/01/2026 08:14,web_chat,Small Business,East of England,AGT-201,What are your customer support opening hours over the bank holiday weekend?
INT-2026-00867,CUST-38541,24/02/2026 03:40,CALL,Enterprise,Yorkshire & Humber,AGT-648,Why did my direct debit fail yesterday? I was charged a £25 penalty fee unfairly.
INT-2026-04184,CUST-55897,28/05/2026 00:49,E-Mail,Enterprise,North West,AGT-500,Please delete all my data and process my Subject Access Request under UK GDPR rules immediately. Contact me at smithalison@example.net.
INT-2026-03449,CUST-12052,22/01/2026 23:11,,Standard,West Midlands,AGT-354,I was double billed for my monthly subscription on card 4322208775462969347. Please process a refund.
INT-2026-03889,CUST-78117,02/02/2026 16:48,CALL,Enterprise,Greater London,AGT-230,I would like to update my billing address to E32 6FY.
INT-2026-01768,CUST-10086,25/03/2026 11:35,CALL,VIP,Yorkshire & Humber,AGT-722,
INT-2026-00202,CUST-28327,18/02/2026 04:32,EMAIL,Standard,Wales,AGT-967,I would like to update my billing address to N39 1JS.
INT-2026-03843,CUST-35134,24/03/2026 02:12,CALL,Small Business,North West,AGT-470,I would like to update my billing address to DH9 8JU.
INT-2026-01449,CUST-79637,01/02/2026 19:01,web_chat,Enterprise,West Midlands,AGT-274,Can someone explain the difference between the standard and enterprise tier plans?
INT-2026-01636,CUST-20476,26/02/2026 04:07,EMAIL,Enterprise,East of England,AGT-349,I was double billed for my monthly subscription on card 4682985165225. Please process a refund.
INT-2026-02662,CUST-40807,01/05/2026 01:20,call_transcript,Standard,North West,AGT-473,How do I update my password on the online customer portal?
INT-2026-00416,CUST-20074,18/02/2026 22:38,Web Chat,,Greater London,AGT-718,Unacceptable service! Your agent was extremely rude. I demand an immediate refund of £85. My account number is linked to NI FC158102Z.
INT-2026-03240,CUST-92601,26/03/2026 04:31,email,Small Business,West Midlands,AGT-595,I lost my job last month and I simply cannot afford my direct debit payment of £150. My NI number is NV108465Y. Please help me reduce my bill.
INT-2026-04377,CUST-25642,16/03/2026 07:37,Email,Small Business,North West,AGT-804,Can you send me a copy of my latest VAT invoice for last month?
INT-2026-01715,CUST-44433,29/04/2026 00:48,Web Chat,Enterprise,Greater London,AGT-283,I would like to update my billing address to G7 6FR.
INT-2026-04199,CUST-20032,23/03/2026 16:09,web_chat,Standard,East of England,AGT-176,I'm experiencing severe financial hardship following a bereavement. I live at CH8 8NA and need urgent payment assistance.
INT-2026-00561,CUST-98029,10/03/2026 13:04,EMAIL,Standard,Greater London,AGT-573,Why did my direct debit fail yesterday? I was charged a £25 penalty fee unfairly.
INT-2026-01491,CUST-38548,,,VIP,Wales,AGT-398,Can someone explain the difference between the standard and enterprise tier plans?
INT-2026-03308,CUST-84092,05/05/2026 08:24,EMAIL,VIP,Scotland,AGT-987,Unacceptable service! Your agent was extremely rude. I demand an immediate refund of £85. My account number is linked to NI XR790815G.
INT-2026-00262,CUST-80088,1768030241,CALL,Small Business,Scotland,AGT-489,You have failed to address my issue for 3 weeks. I am filing an official grievance and taking this further to legal counsel.
INT-2026-04346,CUST-15337,09/04/2026 12:51,web_chat,Standard,East of England,AGT-860,How do I update my password on the online customer portal?
INT-2026-00328,CUST-69077,22/04/2026 19:51,email,Small Business,Wales,AGT-490,Unacceptable service! Your agent was extremely rude. I demand an immediate refund of £85. My account number is linked to NI DI197400V.
INT-2026-02762,CUST-69733,25/01/2026 01:46,E-Mail,Small Business,Wales,AGT-226,Can you send me a copy of my latest VAT invoice for last month?
INT-2026-04025,CUST-19620,06/05/2026 15:27,call_transcript,Standard,West Midlands,AGT-997,How do I update my password on the online customer portal?
INT-2026-01032,CUST-25861,17/01/2026 18:32,,Enterprise,Yorkshire & Humber,AGT-369,Can you send me a copy of my latest VAT invoice for last month?
INT-2026-00953,CUST-34672,11/01/2026 04:21,call_transcript,VIP,Yorkshire & Humber,AGT-479,How do I update my password on the online customer portal?
INT-2026-03791,CUST-62630,19/02/2026 10:47,webchat,VIP,West Midlands,AGT-808,Unacceptable service! Your agent was extremely rude. I demand an immediate refund of £85. My account number is linked to NI PI081213F.
INT-2026-03751,CUST-54767,22/04/2026 00:29,CALL,VIP,East of England,AGT-396,You have failed to address my issue for 3 weeks. I am filing an official grievance and taking this further to legal counsel.
INT-2026-02806,CUST-33114,28/05/2026 05:05,Email,VIP,West Midlands,AGT-779,Can you send me a copy of my latest VAT invoice for last month?
INT-2026-02672,CUST-64212,03/01/2026 10:36,Web Chat,Standard,Scotland,AGT-374,I was double billed for my monthly subscription on card 4935419893209894. Please process a refund.
INT-2026-02386,CUST-11952,10/04/2026 12:25,Web Chat,Enterprise,East of England,AGT-131,Why did my direct debit fail yesterday? I was charged a £25 penalty fee unfairly.
INT-2026-03830,CUST-70707,18/04/2026 23:07,call_transcript,Standard,Yorkshire & Humber,AGT-178,What are your customer support opening hours over the bank holiday weekend?
INT-2026-01540,CUST-99366,21/03/2026 21:42,web_chat,Small Business,East of England,AGT-447,Please delete all my data and process my Subject Access Request under UK GDPR rules immediately. Contact me at hollandrosemary@example.com.
INT-2026-00840,CUST-33331,03/03/2026 06:31,CALL,Enterprise,West Midlands,AGT-814,Why did my direct debit fail yesterday? I was charged a £25 penalty fee unfairly.
INT-2026-02956,CUST-14360,11/01/2026 03:05,call_transcript,Enterprise,Scotland,AGT-467,
INT-2026-01635,CUST-88724,03/04/2026 10:32,Email,Standard,Wales,AGT-644,What are your customer support opening hours over the bank holiday weekend?
INT-2026-02078,,10/05/2026 02:07,Web Chat,Enterprise,Greater London,AGT-773,I'm experiencing severe financial hardship following a bereavement. I live at E5 2RD and need urgent payment assistance.
INT-2026-00754,CUST-51059,01/04/2026 22:48,web_chat,Standard,Wales,AGT-531,I am currently in hospital due to severe illness and my pension payment hasn't come through. Please call me back on +44(0)121 4960084.
INT-2026-03848,,17/04/2026 11:06,Call Transcript,Enterprise,Yorkshire & Humber,AGT-157,Disgusted by this scam service. I demand to speak with a senior manager immediately regarding my direct debit failure.
INT-2026-02822,CUST-59775,,web_chat,Standard,East of England,AGT-156,What are your customer support opening hours over the bank holiday weekend?
INT-2026-03696,CUST-45895,24/04/2026 22:36,Web Chat,Enterprise,Greater London,AGT-724,Why did my direct debit fail yesterday? I was charged a £25 penalty fee unfairly.
INT-2026-03521,CUST-85200,12/04/2026 01:44,email,VIP,East of England,AGT-952,I would like to update my billing address to BL1 9SH.
INT-2026-02554,CUST-26111,09/05/2026 12:17,email,Enterprise,Scotland,AGT-564,Can someone explain the difference between the standard and enterprise tier plans?
INT-2026-02310,CUST-58575,03/03/2026 17:59,webchat,Small Business,Greater London,AGT-951,How do I update my password on the online customer portal?
INT-2026-00855,CUST-98436,07/03/2026 11:04,Email,Small Business,Scotland,AGT-149,Why did my direct debit fail yesterday? I was charged a £25 penalty fee unfairly.
INT-2026-01381,CUST-86756,08/01/2026 05:47,email,Small Business,Wales,AGT-411,Why did my direct debit fail yesterday? I was charged a £25 penalty fee unfairly.
INT-2026-04354,CUST-34461,27/04/2026 15:39,EMAIL,Standard,Greater London,AGT-674,Why did my direct debit fail yesterday? I was charged a £25 penalty fee unfairly.
INT-2026-02288,CUST-90620,,CALL,Enterprise,West Midlands,AGT-906,Can someone explain the difference between the standard and enterprise tier plans?
INT-2026-03686,CUST-95104,26/01/2026 19:20,E-Mail,Small Business,Yorkshire & Humber,AGT-776,   
INT-2026-01648,CUST-52781,21/02/2026 12:36,CALL,VIP,Greater London,AGT-796,Can someone explain the difference between the standard and enterprise tier plans?
INT-2026-00853,CUST-11602,1776867167,email,Small Business,Scotland,AGT-889,My business went into administration. I cannot pay this invoice right now. Contact my legal representative at gjones@example.net.
INT-2026-01760,CUST-56912,26/04/2026 15:12,CALL,Enterprise,Scotland,AGT-719,What are your customer support opening hours over the bank holiday weekend?
INT-2026-00242,CUST-11620,25/04/2026 02:18,CALL,Standard,Greater London,AGT-676,I would like to update my billing address to S8S 4YX.
INT-2026-01536,CUST-34371,09/01/2026 20:56,Web Chat,Small Business,East of England,AGT-311,"This is a formal complaint regarding my overcharged invoice. If you do not resolve this today, I will escalate to the Financial Ombudsman and FCA immediately. My postcode is SY62 0GZ."
INT-2026-02010,CUST-62163,03/02/2026 08:58,web_chat,Small Business,Yorkshire & Humber,AGT-852,How do I update my password on the online customer portal?
INT-2026-01165,CUST-79181,16/01/2026 13:18,Web Chat,Small Business,Scotland,AGT-892,Unacceptable service! Your agent was extremely rude. I demand an immediate refund of £85. My account number is linked to NI HR848657W.
INT-2026-01998,CUST-78562,21/01/2026 03:12,CALL,VIP,Greater London,AGT-370,What are your customer support opening hours over the bank holiday weekend?
INT-2026-04077,CUST-75950,04/01/2026 04:53,E-Mail,VIP,Scotland,AGT-807,I would like to update my billing address to W9H 0EF.
INT-2026-01001,CUST-51322,,webchat,Enterprise,Scotland,AGT-282,Please delete all my data and process my Subject Access Request under UK GDPR rules immediately. Contact me at howardbrown@example.com.
INT-2026-04844,CUST-57511,04/04/2026 19:33,Web Chat,Standard,West Midlands,AGT-992,What are your customer support opening hours over the bank holiday weekend?
INT-2026-04002,CUST-35441,20/05/2026 13:10,E-Mail,Standard,Scotland,AGT-103,I am currently in hospital due to severe illness and my pension payment hasn't come through. Please call me back on +44115 4960027.
INT-2026-02428,CUST-46937,15/02/2026 07:11,Web Chat,Small Business,Greater London,AGT-948,ok thanks
INT-2026-03431,CUST-62478,02/05/2026 06:14,Email,Enterprise,East of England,AGT-616,Can someone explain the difference between the standard and enterprise tier plans?
INT-2026-04466,CUST-47406,18/03/2026 11:18,CALL,Small Business,Wales,AGT-240,What are your customer support opening hours over the bank holiday weekend?
INT-2026-03260,CUST-97481,28/01/2026 08:19,E-Mail,Enterprise,East of England,AGT-705,Can you send me a copy of my latest VAT invoice for last month?
INT-2026-02654,CUST-54890,26/01/2026 00:43,EMAIL,Enterprise,North West,AGT-957,I would like to update my billing address to NR7 3ZU.
INT-2026-03822,CUST-87410,07/05/2026 05:38,call_transcript,Enterprise,Wales,AGT-214,Can someone explain the difference between the standard and enterprise tier plans?
INT-2026-03949,CUST-22460,16/02/2026 10:27,E-Mail,Small Business,North West,AGT-425,Why did my direct debit fail yesterday? I was charged a £25 penalty fee unfairly.
INT-2026-04669,CUST-58132,1775268275,call_transcript,Standard,West Midlands,AGT-894,I am issuing a formal right to be forgotten request. Erase all personal records linked to my phone number (0191)4960548.
INT-2026-02673,CUST-47824,19/05/2026 04:26,call_transcript,Small Business,Scotland,AGT-803,I would like to update my billing address to EX3R 1PT.
INT-2026-01956,CUST-44360,15/06/2026 11:22,,Small Business,East of England,AGT-721,"<html><body><p>Hello support team, I need help logging in.</p></body></html> [DUPLICATE SUBMISSION]"
INT-2026-04343,CUST-55411,03/04/2026 21:07,CALL,Standard,Greater London,AGT-619,How do I update my password on the online customer portal?
INT-2026-03615,CUST-42202,13/05/2026 19:41,E-Mail,Small Business,West Midlands,AGT-909,   
INT-2026-01371,CUST-56133,05/04/2026 10:16,web_chat,Enterprise,Scotland,AGT-107,How do I update my password on the online customer portal?
INT-2026-00168,CUST-12052,28/01/2026 23:58,CALL,VIP,Yorkshire & Humber,AGT-346,I was double billed for my monthly subscription on card 4149587020703. Please process a refund.
INT-2026-04151,CUST-12118,15/04/2026 08:16,CALL,,West Midlands,AGT-408,I would like to update my billing address to DL2 3AX.
INT-2026-03952,CUST-62426,,CALL,Standard,Greater London,AGT-583,Unacceptable service! Your agent was extremely rude. I demand an immediate refund of £85. My account number is linked to NI HQ577092K.
INT-2026-04762,CUST-63634,11/03/2026 09:19,webchat,Standard,East of England,AGT-163,Disgusted by this scam service. I demand to speak with a senior manager immediately regarding my direct debit failure.
INT-2026-03346,CUST-48010,14/03/2026 05:16,Email,Small Business,West Midlands,AGT-833,Why did my direct debit fail yesterday? I was charged a £25 penalty fee unfairly.
INT-2026-01404,,09/03/2026 19:48,webchat,Enterprise,Yorkshire & Humber,AGT-842,What are your customer support opening hours over the bank holiday weekend?
INT-2026-03895,CUST-64287,21/04/2026 12:13,Web Chat,Enterprise,Yorkshire & Humber,AGT-827,How do I update my password on the online customer portal?
INT-2026-02567,CUST-87313,04/04/2026 11:25,webchat,Standard,North West,AGT-770,???
INT-2026-00125,CUST-13718,15/06/2026 11:22,CALL,Small Business,East of England,AGT-658,I am issuing a formal right to be forgotten request. Erase all personal records linked to my phone number +44(0)131 496 0562. [DUPLICATE SUBMISSION]
INT-2026-00956,CUST-65422,09/02/2026 18:47,Web Chat,Standard,Scotland,AGT-943,I was double billed for my monthly subscription on card 4794592351638326483. Please process a refund.
INT-2026-00217,CUST-86638,01/02/2026 22:02,EMAIL,VIP,Scotland,AGT-415,Why did my direct debit fail yesterday? I was charged a £25 penalty fee unfairly.
INT-2026-00205,CUST-17925,09/04/2026 08:58,webchat,Small Business,Greater London,AGT-755,Can you send me a copy of my latest VAT invoice for last month?
INT-2026-04414,CUST-35056,06/01/2026 01:36,call_transcript,Standard,Wales,AGT-685,Can someone explain the difference between the standard and enterprise tier plans?
INT-2026-00315,CUST-31206,19/03/2026 18:44,call_transcript,Standard,North West,AGT-498,"<html><body><p>Hello support team, I need help logging in.</p></body></html>"
INT-2026-03611,CUST-98066,15/05/2026 12:35,Email,Small Business,North West,AGT-881,Please delete all my data and process my Subject Access Request under UK GDPR rules immediately. Contact me at forsterluke@example.net.
INT-2026-03306,CUST-48392,22/03/2026 10:35,CALL,Standard,East of England,AGT-907,I'm experiencing severe financial hardship following a bereavement. I live at E4U 4GH and need urgent payment assistance.
INT-2026-01799,CUST-36678,24/03/2026 02:40,E-Mail,VIP,East of England,AGT-653,Can someone explain the difference between the standard and enterprise tier plans?
INT-2026-00380,CUST-13265,19/05/2026 09:07,CALL,VIP,East of England,AGT-850,"This is a formal complaint regarding my overcharged invoice. If you do not resolve this today, I will escalate to the Financial Ombudsman and FCA immediately. My postcode is TF6 2YN."
INT-2026-02349,CUST-86654,05/01/2026 13:27,call_transcript,Small Business,Wales,AGT-233,"This is a formal complaint regarding my overcharged invoice. If you do not resolve this today, I will escalate to the Financial Ombudsman and FCA immediately. My postcode is M89 4GU."
INT-2026-02493,CUST-92100,15/06/2026 11:22,EMAIL,Standard,Wales,AGT-652,What are your customer support opening hours over the bank holiday weekend? [DUPLICATE SUBMISSION]
INT-2026-02320,CUST-60867,17/03/2026 03:18,webchat,,North West,AGT-415,Why did my direct debit fail yesterday? I was charged a £25 penalty fee unfairly.
INT-2026-01664,CUST-20143,24/03/2026 23:07,call_transcript,Standard,Wales,AGT-388,Can you send me a copy of my latest VAT invoice for last month?
INT-2026-02116,CUST-39274,06/02/2026 19:31,email,VIP,Scotland,AGT-618,"This is a formal complaint regarding my overcharged invoice. If you do not resolve this today, I will escalate to the Financial Ombudsman and FCA immediately. My postcode is ZE5W 3QZ."
INT-2026-04767,CUST-72341,06/04/2026 05:12,Web Chat,Enterprise,Wales,AGT-474,I am issuing a formal right to be forgotten request. Erase all personal records linked to my phone number +44114 4960171.
INT-2026-00295,CUST-11461,28/01/2026 10:50,call_transcript,Standard,West Midlands,AGT-315,I would like to update my billing address to N7U 5NQ.
INT-2026-03671,CUST-36334,30/04/2026 06:47,EMAIL,VIP,West Midlands,AGT-240,Can someone explain the difference between the standard and enterprise tier plans?
INT-2026-02796,CUST-79520,10/04/2026 00:31,call_transcript,Small Business,Yorkshire & Humber,AGT-300,Disgusted by this scam service. I demand to speak with a senior manager immediately regarding my direct debit failure.
INT-2026-00946,,14/03/2026 18:51,CALL,VIP,Yorkshire & Humber,AGT-323,"<html><body><p>Hello support team, I need help logging in.</p></body></html>"
INT-2026-02878,CUST-76320,,webchat,VIP,Scotland,AGT-352,I was double billed for my monthly subscription on card 3532631013880862. Please process a refund.
INT-2026-04482,CUST-36357,14/01/2026 17:57,webchat,Standard,Scotland,AGT-693,"This is a formal complaint regarding my overcharged invoice. If you do not resolve this today, I will escalate to the Financial Ombudsman and FCA immediately. My postcode is B04 8GT."
INT-2026-04208,CUST-49503,06/04/2026 14:47,CALL,Standard,East of England,AGT-416,I lost my job last month and I simply cannot afford my direct debit payment of £150. My NI number is UA453628H. Please help me reduce my bill.
INT-2026-03340,CUST-19398,1774703165,webchat,Enterprise,Greater London,AGT-856,I am issuing a formal right to be forgotten request. Erase all personal records linked to my phone number +44306 999 0640.
INT-2026-01402,CUST-99537,13/05/2026 21:19,call_transcript,Small Business,Scotland,AGT-363,What are your customer support opening hours over the bank holiday weekend?
INT-2026-04421,CUST-64958,14/02/2026 00:04,Web Chat,Standard,Greater London,AGT-116,Why did my direct debit fail yesterday? I was charged a £25 penalty fee unfairly.
INT-2026-03555,CUST-39308,06/03/2026 08:53,E-Mail,Standard,Scotland,AGT-704,I am issuing a formal right to be forgotten request. Erase all personal records linked to my phone number (0808)1570215.
INT-2026-01279,CUST-37799,09/01/2026 16:41,EMAIL,Standard,Greater London,AGT-164,Can someone explain the difference between the standard and enterprise tier plans?
INT-2026-04760,CUST-99016,1775520892,call_transcript,Standard,East of England,AGT-739,I was double billed for my monthly subscription on card 30370681157336. Please process a refund.
INT-2026-00063,CUST-86931,29/01/2026 20:30,Call Transcript,Small Business,Scotland,AGT-429,What are your customer support opening hours over the bank holiday weekend?
INT-2026-00544,CUST-62789,18/03/2026 15:49,call_transcript,Small Business,East of England,AGT-526,What are your customer support opening hours over the bank holiday weekend?
INT-2026-00438,CUST-29558,1775572513,Call Transcript,Enterprise,North West,AGT-545,Disgusted by this scam service. I demand to speak with a senior manager immediately regarding my direct debit failure.
INT-2026-00464,CUST-94513,29/05/2026 11:50,EMAIL,Small Business,Yorkshire & Humber,AGT-546,Can someone explain the difference between the standard and enterprise tier plans?
INT-2026-00736,CUST-74828,11/05/2026 04:45,Email,VIP,Wales,AGT-704,I would like to update my billing address to WA15 6RQ.
INT-2026-02407,CUST-41849,21/02/2026 16:59,email,Small Business,North West,AGT-335,Can you send me a copy of my latest VAT invoice for last month?
INT-2026-03481,,04/03/2026 09:46,,VIP,Wales,AGT-380,I was double billed for my monthly subscription on card 6011924740100420. Please process a refund.
INT-2026-00044,CUST-11658,21/01/2026 11:50,Call Transcript,VIP,Scotland,AGT-280,I would like to update my billing address to S5 7ZN.
INT-2026-03652,CUST-74159,12/02/2026 21:23,EMAIL,Standard,Scotland,AGT-343,I would like to update my billing address to L0 3TG.
INT-2026-04379,CUST-88329,08/02/2026 03:10,Web Chat,Enterprise,Greater London,AGT-528,What are your customer support opening hours over the bank holiday weekend?
INT-2026-03432,CUST-44230,1777394390,E-Mail,VIP,West Midlands,AGT-892,I would like to update my billing address to SS20 9BD.
INT-2026-03936,CUST-67651,26/02/2026 22:09,email,Enterprise,North West,AGT-532,Can you send me a copy of my latest VAT invoice for last month?
INT-2026-04591,CUST-95267,06/01/2026 00:30,call_transcript,Standard,East of England,AGT-248,I would like to update my billing address to LE1H 8FP.
INT-2026-03362,CUST-60774,16/01/2026 23:45,Email,Enterprise,East of England,AGT-219,Can someone explain the difference between the standard and enterprise tier plans?
INT-2026-02264,CUST-75148,26/02/2026 18:38,Call Transcript,Standard,Scotland,AGT-673,Why did my direct debit fail yesterday? I was charged a £25 penalty fee unfairly.
INT-2026-04705,CUST-79398,06/03/2026 07:50,Web Chat,Standard,East of England,AGT-321,"This is a formal complaint regarding my overcharged invoice. If you do not resolve this today, I will escalate to the Financial Ombudsman and FCA immediately. My postcode is WC3 3HZ."
INT-2026-00007,CUST-94259,28/01/2026 02:43,Web Chat,Small Business,West Midlands,AGT-324,SELECT * FROM users WHERE customer_id = 'CUST-101' OR 1=1;
INT-2026-01859,CUST-87221,24/03/2026 07:30,Email,VIP,Greater London,AGT-909,I would like to update my billing address to LE9 0PR.
INT-2026-04697,CUST-75697,09/04/2026 00:57,web_chat,Small Business,North West,AGT-341,Can someone explain the difference between the standard and enterprise tier plans?
INT-2026-04729,CUST-76931,17/01/2026 04:15,EMAIL,Enterprise,Greater London,AGT-780,How do I update my password on the online customer portal?
INT-2026-03835,CUST-15738,17/03/2026 12:34,Call Transcript,,East of England,AGT-208,Can you send me a copy of my latest VAT invoice for last month?
INT-2026-00207,CUST-66948,29/04/2026 05:21,CALL,Standard,East of England,AGT-240,What are your customer support opening hours over the bank holiday weekend?
INT-2026-02033,CUST-96747,20/04/2026 21:06,Call Transcript,VIP,Wales,AGT-916,I would like to update my billing address to SY1 6BZ.
INT-2026-02984,CUST-13603,20/04/2026 07:13,E-Mail,Small Business,Scotland,AGT-796,Can you send me a copy of my latest VAT invoice for last month?
INT-2026-03979,CUST-25345,15/06/2026 11:22,Email,VIP,Scotland,AGT-455,I would like to update my billing address to WV42 7ZQ. [DUPLICATE SUBMISSION]
INT-2026-01908,CUST-46758,,email,VIP,Yorkshire & Humber,AGT-862,Disgusted by this scam service. I demand to speak with a senior manager immediately regarding my direct debit failure.
INT-2026-00449,CUST-24884,17/05/2026 11:29,CALL,Enterprise,Yorkshire & Humber,AGT-796,Why did my direct debit fail yesterday? I was charged a £25 penalty fee unfairly.
INT-2026-04373,CUST-71810,03/01/2026 05:51,EMAIL,Standard,Yorkshire & Humber,AGT-632,I was double billed for my monthly subscription on card 3528454465954770. Please process a refund.
INT-2026-02787,,15/05/2026 22:22,EMAIL,VIP,West Midlands,AGT-756,Can you send me a copy of my latest VAT invoice for last month?
INT-2026-01098,CUST-12979,25/02/2026 08:55,,Standard,West Midlands,AGT-216,I'm experiencing severe financial hardship following a bereavement. I live at G1A 5FN and need urgent payment assistance.
INT-2026-03325,CUST-17304,19/01/2026 17:45,,VIP,West Midlands,AGT-778,"This is a formal complaint regarding my overcharged invoice. If you do not resolve this today, I will escalate to the Financial Ombudsman and FCA immediately. My postcode is LN9B 4ZZ."
INT-2026-03193,CUST-75855,12/05/2026 17:39,E-Mail,Small Business,Wales,AGT-475,Why did my direct debit fail yesterday? I was charged a £25 penalty fee unfairly.
INT-2026-01050,CUST-36886,26/03/2026 18:56,Call Transcript,Small Business,Wales,AGT-552,I would like to update my billing address to E35 4TB.
INT-2026-04646,CUST-66424,24/03/2026 01:51,email,Enterprise,East of England,AGT-589,Why did my direct debit fail yesterday? I was charged a £25 penalty fee unfairly.
INT-2026-00145,CUST-68554,28/02/2026 15:10,web_chat,VIP,Greater London,AGT-783,I'm experiencing severe financial hardship following a bereavement. I live at ST18 7RN and need urgent payment assistance.
INT-2026-01714,CUST-59756,15/06/2026 11:22,CALL,Enterprise,West Midlands,AGT-696,What are your customer support opening hours over the bank holiday weekend? [DUPLICATE SUBMISSION]
INT-2026-02935,CUST-81748,18/05/2026 02:49,CALL,VIP,Scotland,AGT-699,Please delete all my data and process my Subject Access Request under UK GDPR rules immediately. Contact me at tracybrooks@example.org.
INT-2026-00501,CUST-68117,01/01/2026 14:20,email,VIP,North West,AGT-628,What are your customer support opening hours over the bank holiday weekend?
INT-2026-00412,CUST-75762,22/04/2026 21:59,call_transcript,Standard,Yorkshire & Humber,AGT-593,"<html><body><p>Hello support team, I need help logging in.</p></body></html>"
INT-2026-00238,CUST-44524,20/04/2026 13:34,Web Chat,Enterprise,Wales,AGT-654,Can you send me a copy of my latest VAT invoice for last month?
INT-2026-04404,CUST-79928,03/03/2026 19:45,E-Mail,Enterprise,Greater London,AGT-398,"This is a formal complaint regarding my overcharged invoice. If you do not resolve this today, I will escalate to the Financial Ombudsman and FCA immediately. My postcode is N6 5PR."
INT-2026-02755,CUST-79993,12/03/2026 19:07,Web Chat,Small Business,North West,AGT-724,Why did my direct debit fail yesterday? I was charged a £25 penalty fee unfairly.
INT-2026-04714,CUST-39180,1777436180,webchat,VIP,Greater London,AGT-658,I would like to update my billing address to BH7 1AZ.
INT-2026-03065,CUST-83783,29/03/2026 12:19,webchat,Small Business,Yorkshire & Humber,AGT-398,Please delete all my data and process my Subject Access Request under UK GDPR rules immediately. Contact me at taylormartyn@example.org.
INT-2026-03741,CUST-45331,14/05/2026 15:36,call_transcript,Standard,Scotland,AGT-564,I would like to update my billing address to L68 4BL.
INT-2026-02763,CUST-22514,,Web Chat,Enterprise,Greater London,AGT-903,I was double billed for my monthly subscription on card 372348983763890. Please process a refund.
INT-2026-00677,CUST-84666,06/05/2026 17:52,email,VIP,Greater London,AGT-246,I am currently in hospital due to severe illness and my pension payment hasn't come through. Please call me back on +44(0)1184960190.
INT-2026-00516,CUST-19269,16/03/2026 01:24,CALL,Small Business,Greater London,AGT-121,What are your customer support opening hours over the bank holiday weekend?
INT-2026-03347,CUST-19119,27/03/2026 07:23,Email,Enterprise,Yorkshire & Humber,AGT-277,ok thanks
INT-2026-04846,CUST-27050,10/02/2026 14:11,CALL,Standard,Greater London,AGT-548,Please delete all my data and process my Subject Access Request under UK GDPR rules immediately. Contact me at leahthomas@example.net.
INT-2026-03409,CUST-35202,1777252594,email,Enterprise,Wales,AGT-171,Disgusted by this scam service. I demand to speak with a senior manager immediately regarding my direct debit failure.
INT-2026-04070,,24/01/2026 10:18,Web Chat,Enterprise,Wales,AGT-801,I am currently in hospital due to severe illness and my pension payment hasn't come through. Please call me back on +44306 999 0691.
INT-2026-02327,CUST-49811,19/01/2026 18:30,email,VIP,Scotland,AGT-737,How do I update my password on the online customer portal?
INT-2026-01544,CUST-11030,,email,Small Business,Yorkshire & Humber,AGT-913,Why did my direct debit fail yesterday? I was charged a £25 penalty fee unfairly.
INT-2026-04639,CUST-80487,16/03/2026 09:22,Call Transcript,Enterprise,Greater London,AGT-309,Your company has breached GDPR by sending emails to the wrong recipient. I am reporting this to the Information Commissioner's Office (ICO).
INT-2026-03160,CUST-11962,13/02/2026 16:29,call_transcript,Standard,East of England,AGT-541,Can someone explain the difference between the standard and enterprise tier plans?
INT-2026-02708,CUST-61011,03/05/2026 20:51,Email,Enterprise,Wales,AGT-172,I would like to update my billing address to PH7N 0DE.
INT-2026-02967,CUST-97304,23/03/2026 04:18,Call Transcript,Standard,West Midlands,AGT-354,Please delete all my data and process my Subject Access Request under UK GDPR rules immediately. Contact me at natashabailey@example.net.
INT-2026-02965,CUST-52547,20/05/2026 08:11,EMAIL,Enterprise,Greater London,AGT-105,I was double billed for my monthly subscription on card 4500401776752003496. Please process a refund.
INT-2026-04787,CUST-98266,04/05/2026 20:52,Call Transcript,Standard,North West,AGT-708,"This is a formal complaint regarding my overcharged invoice. If you do not resolve this today, I will escalate to the Financial Ombudsman and FCA immediately. My postcode is HS4M 6DZ."
INT-2026-04291,CUST-56590,04/03/2026 19:47,call_transcript,Standard,Scotland,AGT-687,I am currently in hospital due to severe illness and my pension payment hasn't come through. Please call me back on 0909 8790637.
INT-2026-02687,CUST-52777,,Web Chat,Small Business,Yorkshire & Humber,AGT-150,I would like to update my billing address to S0 8RB.
INT-2026-03824,CUST-23600,23/05/2026 22:41,Email,Small Business,Scotland,AGT-262,You have failed to address my issue for 3 weeks. I am filing an official grievance and taking this further to legal counsel.
INT-2026-04065,CUST-70096,29/04/2026 19:45,EMAIL,Standard,Scotland,AGT-720,What are your customer support opening hours over the bank holiday weekend?
INT-2026-00403,CUST-23491,05/03/2026 06:39,EMAIL,Small Business,Scotland,AGT-704,Can you send me a copy of my latest VAT invoice for last month?
INT-2026-00299,CUST-99073,31/03/2026 21:01,Call Transcript,Standard,Wales,AGT-387,What are your customer support opening hours over the bank holiday weekend?
INT-2026-03165,CUST-99553,21/02/2026 13:35,EMAIL,Small Business,Yorkshire & Humber,AGT-767,What are your customer support opening hours over the bank holiday weekend?
INT-2026-04464,CUST-62403,21/03/2026 08:41,email,Small Business,North West,AGT-848,I lost my job last month and I simply cannot afford my direct debit payment of £150. My NI number is XX942599D. Please help me reduce my bill.
INT-2026-00074,CUST-57942,03/01/2026 16:51,webchat,Enterprise,Yorkshire & Humber,AGT-490,I would like to update my billing address to W99 7EF.
INT-2026-01231,CUST-98652,1779026823,webchat,Standard,West Midlands,AGT-303,SELECT * FROM users WHERE customer_id = 'CUST-101' OR 1=1;
INT-2026-01017,CUST-63346,14/03/2026 06:09,webchat,Small Business,East of England,AGT-655,I was double billed for my monthly subscription on card 503864009330. Please process a refund.
INT-2026-01216,CUST-10643,17/01/2026 01:10,Call Transcript,VIP,Scotland,AGT-149,What are your customer support opening hours over the bank holiday weekend?
INT-2026-02113,CUST-49708,22/04/2026 06:11,webchat,Small Business,Scotland,AGT-230,Unacceptable service! Your agent was extremely rude. I demand an immediate refund of £85. My account number is linked to NI NW867589E.
INT-2026-04061,CUST-90388,08/02/2026 23:03,Call Transcript,Standard,Yorkshire & Humber,AGT-317,Can someone explain the difference between the standard and enterprise tier plans?
INT-2026-01668,CUST-75691,09/02/2026 19:30,email,Enterprise,Greater London,AGT-497,I was double billed for my monthly subscription on card 4117341741465545122. Please process a refund.
INT-2026-00060,CUST-47752,,Call Transcript,VIP,East of England,AGT-262,Please delete all my data and process my Subject Access Request under UK GDPR rules immediately. Contact me at eleanorhicks@example.org.
INT-2026-00070,CUST-60422,16/02/2026 01:27,EMAIL,Standard,Wales,AGT-774,Why did my direct debit fail yesterday? I was charged a £25 penalty fee unfairly.
INT-2026-00838,CUST-25429,16/05/2026 04:57,CALL,VIP,East of England,AGT-188,"This is a formal complaint regarding my overcharged invoice. If you do not resolve this today, I will escalate to the Financial Ombudsman and FCA immediately. My postcode is N82 1RH."
INT-2026-02657,CUST-55787,08/05/2026 23:13,E-Mail,Standard,Scotland,AGT-187,Can someone explain the difference between the standard and enterprise tier plans?
INT-2026-00763,CUST-61199,08/05/2026 08:48,email,VIP,West Midlands,AGT-903,I would like to update my billing address to M6 5AS.
INT-2026-03131,CUST-50523,12/01/2026 02:51,E-Mail,Standard,Scotland,AGT-905,I would like to update my billing address to BT9 1TS.
INT-2026-01596,CUST-10261,14/04/2026 00:19,CALL,Enterprise,East of England,AGT-905,"This is a formal complaint regarding my overcharged invoice. If you do not resolve this today, I will escalate to the Financial Ombudsman and FCA immediately. My postcode is DN0 5JP."
INT-2026-00750,CUST-48630,08/01/2026 22:51,,Standard,Scotland,AGT-460,How do I update my password on the online customer portal?
INT-2026-03553,CUST-39388,23/04/2026 18:57,email,VIP,Scotland,AGT-487,"This is a formal complaint regarding my overcharged invoice. If you do not resolve this today, I will escalate to the Financial Ombudsman and FCA immediately. My postcode is W26 9LR."
INT-2026-04297,CUST-32649,27/01/2026 15:05,email,Enterprise,West Midlands,AGT-767,Your company has breached GDPR by sending emails to the wrong recipient. I am reporting this to the Information Commissioner's Office (ICO).
INT-2026-02017,CUST-70920,,webchat,Enterprise,West Midlands,AGT-771,Can someone explain the difference between the standard and enterprise tier plans?
INT-2026-01459,CUST-37077,16/05/2026 09:00,web_chat,VIP,Scotland,AGT-180,You have failed to address my issue for 3 weeks. I am filing an official grievance and taking this further to legal counsel.
INT-2026-03367,CUST-85223,25/01/2026 14:57,EMAIL,VIP,Yorkshire & Humber,AGT-750,How do I update my password on the online customer portal?
INT-2026-04294,CUST-75148,10/01/2026 22:03,E-Mail,Standard,North West,AGT-693,Unacceptable service! Your agent was extremely rude. I demand an immediate refund of £85. My account number is linked to NI WJ023607D.
INT-2026-03491,CUST-61802,11/02/2026 14:33,call_transcript,Standard,Wales,AGT-731,How do I update my password on the online customer portal?
INT-2026-00764,CUST-94559,28/04/2026 15:25,Call Transcript,Enterprise,North West,AGT-814,Your company has breached GDPR by sending emails to the wrong recipient. I am reporting this to the Information Commissioner's Office (ICO).
INT-2026-00722,CUST-92734,23/01/2026 18:13,Email,Standard,North West,AGT-634,How do I update my password on the online customer portal?
INT-2026-00267,CUST-22451,02/01/2026 21:04,Email,Small Business,Yorkshire & Humber,AGT-374,How do I update my password on the online customer portal?
INT-2026-01197,CUST-87112,03/03/2026 14:51,web_chat,Enterprise,Yorkshire & Humber,AGT-221,???
INT-2026-01580,CUST-11412,15/04/2026 02:14,Web Chat,Standard,West Midlands,AGT-804,Why did my direct debit fail yesterday? I was charged a £25 penalty fee unfairly.
INT-2026-02325,CUST-26629,02/01/2026 06:53,EMAIL,Enterprise,East of England,AGT-331,I would like to update my billing address to W8 0JH.
INT-2026-02374,CUST-77835,31/03/2026 19:07,web_chat,Standard,Wales,AGT-398,What are your customer support opening hours over the bank holiday weekend?
INT-2026-01143,CUST-90199,28/05/2026 06:23,Call Transcript,Small Business,Wales,AGT-665,
INT-2026-01977,CUST-98287,15/06/2026 11:22,web_chat,VIP,Scotland,AGT-366,You have failed to address my issue for 3 weeks. I am filing an official grievance and taking this further to legal counsel. [DUPLICATE SUBMISSION]
INT-2026-02838,CUST-81834,07/02/2026 15:27,webchat,VIP,North West,AGT-339,I am issuing a formal right to be forgotten request. Erase all personal records linked to my phone number 0909 879 0315.
INT-2026-00466,CUST-56659,13/04/2026 20:10,Web Chat,VIP,Wales,AGT-196,Why did my direct debit fail yesterday? I was charged a £25 penalty fee unfairly.
INT-2026-00312,CUST-88419,20/02/2026 01:27,webchat,Standard,Yorkshire & Humber,AGT-107,Why did my direct debit fail yesterday? I was charged a £25 penalty fee unfairly.
INT-2026-04007,CUST-22001,02/03/2026 09:53,webchat,Enterprise,Greater London,AGT-930,Can you send me a copy of my latest VAT invoice for last month?
INT-2026-02840,CUST-73559,05/05/2026 01:06,call_transcript,VIP,Greater London,AGT-714,I am issuing a formal right to be forgotten request. Erase all personal records linked to my phone number +44(0)909 879 0807.
INT-2026-03375,CUST-56340,19/03/2026 09:32,webchat,Enterprise,West Midlands,AGT-372,How do I update my password on the online customer portal?
INT-2026-01510,CUST-29080,22/02/2026 19:01,web_chat,Small Business,Yorkshire & Humber,AGT-256,What are your customer support opening hours over the bank holiday weekend?
INT-2026-02698,CUST-38814,08/02/2026 16:59,Email,Small Business,West Midlands,AGT-530,I was double billed for my monthly subscription on card 2266209759177662. Please process a refund.
INT-2026-03664,CUST-54113,1779289573,,Enterprise,Greater London,AGT-627,What are your customer support opening hours over the bank holiday weekend?
INT-2026-02814,CUST-15602,28/03/2026 11:16,webchat,Standard,Greater London,AGT-830,You have failed to address my issue for 3 weeks. I am filing an official grievance and taking this further to legal counsel.
INT-2026-02195,CUST-16215,28/01/2026 23:21,web_chat,Small Business,Yorkshire & Humber,AGT-615,Can you send me a copy of my latest VAT invoice for last month?
INT-2026-03012,CUST-47561,25/04/2026 17:46,webchat,VIP,East of England,AGT-892,Disgusted by this scam service. I demand to speak with a senior manager immediately regarding my direct debit failure.
INT-2026-02602,CUST-20063,1775633908,EMAIL,Standard,West Midlands,AGT-255,Unacceptable service! Your agent was extremely rude. I demand an immediate refund of £85. My account number is linked to NI NA236739B.
INT-2026-01436,CUST-65767,05/02/2026 02:35,email,Enterprise,Scotland,AGT-912,My business went into administration. I cannot pay this invoice right now. Contact my legal representative at masonjoan@example.org.
INT-2026-00272,CUST-19812,16/02/2026 18:38,web_chat,Small Business,Scotland,AGT-936,Disgusted by this scam service. I demand to speak with a senior manager immediately regarding my direct debit failure.
INT-2026-04131,CUST-68544,18/02/2026 06:50,Call Transcript,Enterprise,North West,AGT-671,Disgusted by this scam service. I demand to speak with a senior manager immediately regarding my direct debit failure.
INT-2026-03468,CUST-69979,31/01/2026 08:48,web_chat,Enterprise,Yorkshire & Humber,AGT-572,Can you send me a copy of my latest VAT invoice for last month?
INT-2026-03403,CUST-90647,15/04/2026 00:09,Web Chat,Standard,Yorkshire & Humber,AGT-829,Why did my direct debit fail yesterday? I was charged a £25 penalty fee unfairly.
INT-2026-01876,,28/04/2026 19:13,call_transcript,Standard,Wales,AGT-212,How do I update my password on the online customer portal?
INT-2026-04524,CUST-35144,30/03/2026 06:11,EMAIL,Enterprise,North West,AGT-258,Your company has breached GDPR by sending emails to the wrong recipient. I am reporting this to the Information Commissioner's Office (ICO).
INT-2026-04536,CUST-19417,08/02/2026 23:53,Call Transcript,Standard,Yorkshire & Humber,AGT-791,"<html><body><p>Hello support team, I need help logging in.</p></body></html>"
INT-2026-02482,CUST-25729,27/03/2026 16:18,email,Small Business,Wales,AGT-322,I'm experiencing severe financial hardship following a bereavement. I live at EX4N 6TS and need urgent payment assistance.
INT-2026-00637,CUST-23362,15/03/2026 02:52,email,Standard,West Midlands,AGT-585,"This is a formal complaint regarding my overcharged invoice. If you do not resolve this today, I will escalate to the Financial Ombudsman and FCA immediately. My postcode is W5 9ZZ."
INT-2026-04801,CUST-28982,1769315181,webchat,Small Business,North West,AGT-864,   
INT-2026-01372,CUST-70852,16/04/2026 18:44,Web Chat,Small Business,West Midlands,AGT-191,Why did my direct debit fail yesterday? I was charged a £25 penalty fee unfairly.
INT-2026-01046,CUST-22568,09/02/2026 18:52,webchat,Enterprise,West Midlands,AGT-540,Unacceptable service! Your agent was extremely rude. I demand an immediate refund of £85. My account number is linked to NI JD291367Q.
INT-2026-00865,CUST-69178,31/01/2026 06:32,Email,Standard,Wales,AGT-390,I was double billed for my monthly subscription on card 2554541648792108. Please process a refund.
INT-2026-00880,CUST-39400,22/05/2026 12:16,CALL,Standard,Wales,AGT-864,What are your customer support opening hours over the bank holiday weekend?
INT-2026-04583,CUST-13895,10/02/2026 02:49,E-Mail,VIP,East of England,AGT-191,???
INT-2026-03984,CUST-66444,23/01/2026 09:28,call_transcript,Small Business,West Midlands,AGT-200,I'm experiencing severe financial hardship following a bereavement. I live at S5T 4NN and need urgent payment assistance.
INT-2026-01655,CUST-18553,14/02/2026 06:20,E-Mail,Enterprise,Scotland,AGT-775,I am currently in hospital due to severe illness and my pension payment hasn't come through. Please call me back on +44(0)1632 960 844.
INT-2026-00769,CUST-99438,07/04/2026 08:20,call_transcript,Enterprise,Yorkshire & Humber,AGT-672,How do I update my password on the online customer portal?
INT-2026-02266,CUST-63621,,webchat,Enterprise,East of England,AGT-963,Unacceptable service! Your agent was extremely rude. I demand an immediate refund of £85. My account number is linked to NI SK540646Q.
INT-2026-03150,CUST-92468,05/01/2026 19:35,CALL,Standard,West Midlands,AGT-826,I was double billed for my monthly subscription on card 4616638723951745187. Please process a refund.
INT-2026-02403,CUST-88547,16/02/2026 12:42,webchat,Small Business,Scotland,AGT-944,I would like to update my billing address to S19 8NJ.
INT-2026-03023,CUST-73202,09/04/2026 15:11,call_transcript,Small Business,North West,AGT-622,You have failed to address my issue for 3 weeks. I am filing an official grievance and taking this further to legal counsel.
INT-2026-04112,CUST-63616,04/05/2026 05:23,webchat,Enterprise,West Midlands,AGT-811,What are your customer support opening hours over the bank holiday weekend?
INT-2026-04630,CUST-67864,18/05/2026 21:35,webchat,VIP,Yorkshire & Humber,AGT-786,How do I update my password on the online customer portal?
INT-2026-04469,CUST-67246,27/04/2026 00:42,Web Chat,VIP,Wales,AGT-677,I am issuing a formal right to be forgotten request. Erase all personal records linked to my phone number +44191 496 0045.
INT-2026-00227,CUST-38679,,,VIP,Wales,AGT-233,Please delete all my data and process my Subject Access Request under UK GDPR rules immediately. Contact me at syoung@example.net.
INT-2026-03119,CUST-53616,15/04/2026 18:49,email,VIP,East of England,AGT-901,Can someone explain the difference between the standard and enterprise tier plans?
INT-2026-01280,CUST-15938,03/05/2026 14:26,call_transcript,Small Business,Greater London,AGT-111,I was double billed for my monthly subscription on card 180018051412009. Please process a refund.
INT-2026-02625,CUST-82827,12/03/2026 01:16,E-Mail,VIP,North West,AGT-743,Can someone explain the difference between the standard and enterprise tier plans?
INT-2026-02067,CUST-83711,11/03/2026 14:43,call_transcript,Enterprise,North West,AGT-802,Disgusted by this scam service. I demand to speak with a senior manager immediately regarding my direct debit failure.
INT-2026-00208,CUST-77793,02/02/2026 10:06,Web Chat,Standard,Wales,AGT-130,I am issuing a formal right to be forgotten request. Erase all personal records linked to my phone number 0118 4960246.
INT-2026-00176,CUST-92955,17/02/2026 01:46,CALL,VIP,Yorkshire & Humber,AGT-658,"This is a formal complaint regarding my overcharged invoice. If you do not resolve this today, I will escalate to the Financial Ombudsman and FCA immediately. My postcode is TN3 2WB."
INT-2026-04186,CUST-76030,24/05/2026 09:27,Email,Small Business,Yorkshire & Humber,AGT-724,Please delete all my data and process my Subject Access Request under UK GDPR rules immediately. Contact me at ashley14@example.com.
INT-2026-04154,CUST-60408,22/02/2026 10:22,CALL,Enterprise,North West,AGT-871,How do I update my password on the online customer portal?
INT-2026-03538,CUST-40874,05/01/2026 18:27,EMAIL,VIP,Scotland,AGT-493,ok thanks
INT-2026-02378,CUST-37095,26/01/2026 07:22,Email,VIP,Greater London,AGT-714,What are your customer support opening hours over the bank holiday weekend?
INT-2026-03329,CUST-53825,23/03/2026 19:51,email,VIP,Yorkshire & Humber,AGT-249,Your company has breached GDPR by sending emails to the wrong recipient. I am reporting this to the Information Commissioner's Office (ICO).
INT-2026-03865,CUST-48474,23/03/2026 06:40,email,Standard,Scotland,AGT-551,Can you send me a copy of my latest VAT invoice for last month?
INT-2026-03725,CUST-62694,10/02/2026 12:11,E-Mail,Enterprise,Yorkshire & Humber,AGT-142,I was double billed for my monthly subscription on card 502093434764. Please process a refund.
INT-2026-02932,CUST-32867,06/02/2026 15:04,Call Transcript,Enterprise,North West,AGT-903,I'm experiencing severe financial hardship following a bereavement. I live at S7W 4YQ and need urgent payment assistance.
INT-2026-02553,CUST-92967,19/05/2026 14:20,E-Mail,VIP,Greater London,AGT-421,
INT-2026-04335,CUST-99101,24/04/2026 06:30,web_chat,Standard,East of England,AGT-593,Why did my direct debit fail yesterday? I was charged a £25 penalty fee unfairly.
INT-2026-00530,CUST-31237,15/05/2026 02:53,Web Chat,Small Business,Greater London,AGT-912,I was double billed for my monthly subscription on card 4240964966834961. Please process a refund.
INT-2026-02237,CUST-34636,29/04/2026 20:22,CALL,Small Business,Greater London,AGT-113,Your company has breached GDPR by sending emails to the wrong recipient. I am reporting this to the Information Commissioner's Office (ICO).
INT-2026-00747,,11/03/2026 19:01,webchat,Small Business,East of England,AGT-210,   
INT-2026-03654,CUST-89766,13/05/2026 05:01,call_transcript,Enterprise,Yorkshire & Humber,AGT-889,What are your customer support opening hours over the bank holiday weekend?
INT-2026-03799,CUST-21985,14/02/2026 00:58,call_transcript,VIP,North West,AGT-522,What are your customer support opening hours over the bank holiday weekend?
INT-2026-01240,CUST-90636,08/04/2026 22:56,CALL,Standard,Greater London,AGT-555,   
INT-2026-02084,CUST-44392,03/05/2026 03:30,call_transcript,,Greater London,AGT-522,Why did my direct debit fail yesterday? I was charged a £25 penalty fee unfairly.
INT-2026-03027,CUST-58979,23/04/2026 17:13,webchat,Small Business,Scotland,AGT-816,Can someone explain the difference between the standard and enterprise tier plans?
INT-2026-02747,CUST-61705,14/05/2026 13:24,call_transcript,Small Business,Wales,AGT-313,I was double billed for my monthly subscription on card 6011276514924109. Please process a refund.
INT-2026-04282,CUST-14906,16/03/2026 11:33,web_chat,VIP,West Midlands,AGT-157,I was double billed for my monthly subscription on card 4046502208764319. Please process a refund.
INT-2026-03079,CUST-79251,30/05/2026 17:38,CALL,Small Business,Greater London,AGT-886,I lost my job last month and I simply cannot afford my direct debit payment of £150. My NI number is GZ454411T. Please help me reduce my bill.
INT-2026-01268,CUST-40482,12/03/2026 07:10,Web Chat,Small Business,West Midlands,AGT-412,I would like to update my billing address to S5E 6BG.
INT-2026-00277,CUST-34979,28/05/2026 00:34,EMAIL,Small Business,Scotland,AGT-774,Can you send me a copy of my latest VAT invoice for last month?
INT-2026-02939,CUST-85434,21/01/2026 08:31,CALL,Enterprise,Yorkshire & Humber,AGT-999,Can you send me a copy of my latest VAT invoice for last month?
INT-2026-00737,CUST-69509,21/01/2026 12:24,call_transcript,VIP,Wales,AGT-509,You have failed to address my issue for 3 weeks. I am filing an official grievance and taking this further to legal counsel.
INT-2026-00237,CUST-25139,02/04/2026 10:45,webchat,VIP,West Midlands,AGT-490,I was double billed for my monthly subscription on card 560453194337. Please process a refund.
INT-2026-01079,CUST-87028,21/01/2026 21:47,email,Enterprise,East of England,AGT-427,Can you send me a copy of my latest VAT invoice for last month?
INT-2026-00975,CUST-12615,27/03/2026 14:54,web_chat,Enterprise,West Midlands,AGT-187,How do I update my password on the online customer portal?
INT-2026-00632,,29/01/2026 02:21,web_chat,VIP,Yorkshire & Humber,AGT-390,"This is a formal complaint regarding my overcharged invoice. If you do not resolve this today, I will escalate to the Financial Ombudsman and FCA immediately. My postcode is GL9V 4UX."
INT-2026-00573,CUST-29087,1777347789,Web Chat,VIP,Greater London,AGT-343,Can you send me a copy of my latest VAT invoice for last month?
INT-2026-00563,CUST-37405,04/05/2026 23:19,,VIP,East of England,AGT-856,Can you send me a copy of my latest VAT invoice for last month?
INT-2026-04694,CUST-44130,05/05/2026 19:29,webchat,Small Business,Greater London,AGT-550,I lost my job last month and I simply cannot afford my direct debit payment of £150. My NI number is FN356239N. Please help me reduce my bill.
INT-2026-01285,CUST-87526,15/06/2026 11:22,CALL,VIP,Scotland,AGT-529,I was double billed for my monthly subscription on card 180036782816892. Please process a refund. [DUPLICATE SUBMISSION]
INT-2026-04220,,06/02/2026 21:25,web_chat,VIP,Scotland,AGT-708,Why did my direct debit fail yesterday? I was charged a £25 penalty fee unfairly.
INT-2026-01248,CUST-28656,23/04/2026 14:59,web_chat,VIP,Greater London,AGT-614,SELECT * FROM users WHERE customer_id = 'CUST-101' OR 1=1;
INT-2026-00029,,14/05/2026 08:59,call_transcript,Standard,East of England,AGT-438,How do I update my password on the online customer portal?
INT-2026-00356,CUST-93000,29/04/2026 03:24,web_chat,Enterprise,West Midlands,AGT-563,
INT-2026-03379,CUST-89493,09/01/2026 06:45,call_transcript,Enterprise,West Midlands,AGT-361,Unacceptable service! Your agent was extremely rude. I demand an immediate refund of £85. My account number is linked to NI YY999558S.
INT-2026-03212,CUST-85460,11/02/2026 20:16,CALL,Small Business,Wales,AGT-726,Can someone explain the difference between the standard and enterprise tier plans?
INT-2026-02675,CUST-65229,28/02/2026 13:10,CALL,Small Business,West Midlands,AGT-517,I would like to update my billing address to RG26 6PQ.
INT-2026-03488,CUST-28759,03/01/2026 15:00,web_chat,,Scotland,AGT-994,I am currently in hospital due to severe illness and my pension payment hasn't come through. Please call me back on +44(0)117 4960413.
INT-2026-00372,CUST-53160,10/02/2026 03:33,email,VIP,West Midlands,AGT-805,What are your customer support opening hours over the bank holiday weekend?
INT-2026-01457,CUST-25930,24/04/2026 11:56,E-Mail,Small Business,West Midlands,AGT-237,I would like to update my billing address to DD10 2TN.
INT-2026-04634,CUST-44686,10/02/2026 21:43,Call Transcript,Small Business,Wales,AGT-252,I was double billed for my monthly subscription on card 6566161193427567. Please process a refund.
INT-2026-03396,CUST-26568,02/05/2026 12:46,E-Mail,Enterprise,Greater London,AGT-237,Disgusted by this scam service. I demand to speak with a senior manager immediately regarding my direct debit failure.
INT-2026-03474,CUST-38441,30/03/2026 10:27,Email,Enterprise,Yorkshire & Humber,AGT-680,Disgusted by this scam service. I demand to speak with a senior manager immediately regarding my direct debit failure.
INT-2026-01349,CUST-99165,10/01/2026 10:32,Call Transcript,Standard,East of England,AGT-641,I was double billed for my monthly subscription on card 377021782959887. Please process a refund.
INT-2026-00978,CUST-50191,07/03/2026 12:56,webchat,Standard,West Midlands,AGT-664,I lost my job last month and I simply cannot afford my direct debit payment of £150. My NI number is BF196129O. Please help me reduce my bill.
INT-2026-02361,CUST-13082,1774652597,E-Mail,Small Business,West Midlands,AGT-999,You have failed to address my issue for 3 weeks. I am filing an official grievance and taking this further to legal counsel.
INT-2026-01104,CUST-45305,18/05/2026 06:24,EMAIL,Small Business,Yorkshire & Humber,AGT-295,What are your customer support opening hours over the bank holiday weekend?
INT-2026-01757,,06/05/2026 21:12,call_transcript,Small Business,Wales,AGT-927,
INT-2026-04311,CUST-62937,,Email,Small Business,Scotland,AGT-496,"<html><body><p>Hello support team, I need help logging in.</p></body></html>"
INT-2026-01878,CUST-99699,08/04/2026 04:23,call_transcript,Small Business,Greater London,AGT-237,Can someone explain the difference between the standard and enterprise tier plans?
INT-2026-02745,CUST-45701,1775540010,call_transcript,VIP,North West,AGT-577,Why did my direct debit fail yesterday? I was charged a £25 penalty fee unfairly.
INT-2026-02749,CUST-77732,05/05/2026 03:51,call_transcript,Enterprise,Greater London,AGT-413,Unacceptable service! Your agent was extremely rude. I demand an immediate refund of £85. My account number is linked to NI GF060030V.
INT-2026-01234,CUST-14895,08/05/2026 05:00,,Enterprise,Yorkshire & Humber,AGT-103,Your company has breached GDPR by sending emails to the wrong recipient. I am reporting this to the Information Commissioner's Office (ICO).
INT-2026-04817,CUST-48654,03/02/2026 06:41,call_transcript,VIP,West Midlands,AGT-984,"This is a formal complaint regarding my overcharged invoice. If you do not resolve this today, I will escalate to the Financial Ombudsman and FCA immediately. My postcode is M52 2YA."
INT-2026-04407,CUST-12192,25/03/2026 02:45,Email,Standard,East of England,AGT-428,What are your customer support opening hours over the bank holiday weekend?
INT-2026-00682,CUST-39428,11/03/2026 09:10,Web Chat,Standard,Greater London,AGT-719,Disgusted by this scam service. I demand to speak with a senior manager immediately regarding my direct debit failure.
INT-2026-00687,CUST-57500,22/01/2026 09:21,email,VIP,West Midlands,AGT-571,Disgusted by this scam service. I demand to speak with a senior manager immediately regarding my direct debit failure.
INT-2026-00444,CUST-29525,15/06/2026 11:22,Email,Standard,Scotland,AGT-643,Can you send me a copy of my latest VAT invoice for last month? [DUPLICATE SUBMISSION]
INT-2026-00259,CUST-58903,27/05/2026 23:09,web_chat,VIP,North West,AGT-810,I would like to update my billing address to MK96 7AR.
INT-2026-03825,CUST-52769,10/02/2026 20:13,call_transcript,Enterprise,Scotland,AGT-629,I lost my job last month and I simply cannot afford my direct debit payment of £150. My NI number is EA626989B. Please help me reduce my bill.
INT-2026-01508,CUST-30007,15/01/2026 20:55,Web Chat,Small Business,Yorkshire & Humber,AGT-976,I would like to update my billing address to L5 2XL.
INT-2026-02308,CUST-44758,11/02/2026 09:34,Email,Enterprise,Yorkshire & Humber,AGT-669,Please delete all my data and process my Subject Access Request under UK GDPR rules immediately. Contact me at williamscarole@example.net.
INT-2026-00828,CUST-94519,22/04/2026 18:45,web_chat,Small Business,North West,AGT-272,I am currently in hospital due to severe illness and my pension payment hasn't come through. Please call me back on 0909 879 0091.
INT-2026-03946,CUST-56027,12/04/2026 02:48,EMAIL,VIP,Yorkshire & Humber,AGT-828,Disgusted by this scam service. I demand to speak with a senior manager immediately regarding my direct debit failure.
INT-2026-02684,CUST-54766,23/01/2026 12:18,EMAIL,Standard,East of England,AGT-963,Can you send me a copy of my latest VAT invoice for last month?
INT-2026-02601,CUST-36671,27/04/2026 23:42,Call Transcript,Standard,Greater London,AGT-894,What are your customer support opening hours over the bank holiday weekend?
INT-2026-01897,CUST-11137,27/04/2026 02:01,Call Transcript,Standard,East of England,AGT-701,Can you send me a copy of my latest VAT invoice for last month?
INT-2026-04266,CUST-86964,20/05/2026 04:43,Call Transcript,Standard,East of England,AGT-539,Why did my direct debit fail yesterday? I was charged a £25 penalty fee unfairly.
INT-2026-04640,CUST-23083,02/03/2026 01:38,web_chat,Small Business,Greater London,AGT-623,Can someone explain the difference between the standard and enterprise tier plans?
INT-2026-04605,CUST-21020,01/04/2026 02:11,E-Mail,Standard,Yorkshire & Humber,AGT-803,Why did my direct debit fail yesterday? I was charged a £25 penalty fee unfairly.
INT-2026-04158,,,call_transcript,Enterprise,West Midlands,AGT-304,Can someone explain the difference between the standard and enterprise tier plans?
INT-2026-00429,CUST-15155,28/02/2026 00:50,E-Mail,Standard,East of England,AGT-548,What are your customer support opening hours over the bank holiday weekend?
INT-2026-00302,CUST-30869,09/05/2026 01:05,CALL,Standard,North West,AGT-879,Why did my direct debit fail yesterday? I was charged a £25 penalty fee unfairly.
INT-2026-02081,CUST-50267,04/01/2026 10:46,E-Mail,Small Business,West Midlands,AGT-377,I was double billed for my monthly subscription on card 501877571551. Please process a refund.
INT-2026-00425,CUST-17872,04/02/2026 13:12,Web Chat,VIP,East of England,AGT-603,My business went into administration. I cannot pay this invoice right now. Contact my legal representative at whittakerjemma@example.com.
INT-2026-01864,CUST-36623,26/03/2026 15:20,E-Mail,Standard,East of England,AGT-768,Can someone explain the difference between the standard and enterprise tier plans?
INT-2026-00522,CUST-49013,28/05/2026 01:31,Call Transcript,VIP,North West,AGT-289,I'm experiencing severe financial hardship following a bereavement. I live at E0 0SX and need urgent payment assistance.
INT-2026-02430,CUST-59622,08/01/2026 03:32,web_chat,VIP,East of England,AGT-892,Why did my direct debit fail yesterday? I was charged a £25 penalty fee unfairly.
INT-2026-04776,CUST-55510,12/01/2026 21:20,Web Chat,Enterprise,Greater London,AGT-399,Why did my direct debit fail yesterday? I was charged a £25 penalty fee unfairly.
INT-2026-00582,CUST-52182,15/05/2026 20:38,call_transcript,Standard,North West,AGT-324,Can someone explain the difference between the standard and enterprise tier plans?
INT-2026-03886,CUST-71302,02/03/2026 02:43,call_transcript,VIP,North West,AGT-323,   
INT-2026-02526,CUST-40046,07/02/2026 13:53,Call Transcript,Small Business,Wales,AGT-864,Why did my direct debit fail yesterday? I was charged a £25 penalty fee unfairly.
INT-2026-02188,CUST-54224,25/02/2026 00:00,email,Standard,Yorkshire & Humber,AGT-732,I was double billed for my monthly subscription on card 6511503555818006. Please process a refund.
INT-2026-02054,CUST-31433,1779449380,Call Transcript,VIP,Yorkshire & Humber,AGT-676,I lost my job last month and I simply cannot afford my direct debit payment of £150. My NI number is OP077218J. Please help me reduce my bill.
INT-2026-00097,CUST-21835,16/03/2026 15:49,call_transcript,Small Business,Wales,AGT-685,I would like to update my billing address to G9 9JY.
INT-2026-04796,CUST-41786,18/03/2026 23:01,Email,Small Business,Wales,AGT-723,I lost my job last month and I simply cannot afford my direct debit payment of £150. My NI number is PO109037F. Please help me reduce my bill.
INT-2026-03512,CUST-68498,22/02/2026 23:35,Email,Standard,East of England,AGT-486,Can someone explain the difference between the standard and enterprise tier plans?
INT-2026-03879,CUST-77626,10/02/2026 01:29,Call Transcript,Enterprise,Wales,AGT-442,I was double billed for my monthly subscription on card 639095914896. Please process a refund.
INT-2026-04164,CUST-26419,16/02/2026 13:56,webchat,VIP,Scotland,AGT-992,I am issuing a formal right to be forgotten request. Erase all personal records linked to my phone number (0121) 4960570.
INT-2026-01423,CUST-62330,29/04/2026 18:25,email,VIP,West Midlands,AGT-731,Can you send me a copy of my latest VAT invoice for last month?
INT-2026-01397,CUST-16179,10/04/2026 17:08,Call Transcript,Standard,East of England,AGT-175,Why did my direct debit fail yesterday? I was charged a £25 penalty fee unfairly.
INT-2026-00739,CUST-82129,11/02/2026 04:17,webchat,Enterprise,West Midlands,AGT-200,My business went into administration. I cannot pay this invoice right now. Contact my legal representative at xmarshall@example.org.
INT-2026-02255,CUST-28112,16/05/2026 00:23,Call Transcript,VIP,Yorkshire & Humber,AGT-107,"<html><body><p>Hello support team, I need help logging in.</p></body></html>"
INT-2026-03924,CUST-83213,23/04/2026 16:01,EMAIL,VIP,East of England,AGT-559,I would like to update my billing address to LN0H 7ND.
INT-2026-02969,CUST-20697,06/02/2026 20:11,CALL,VIP,Greater London,AGT-559,Can you send me a copy of my latest VAT invoice for last month?
INT-2026-03804,CUST-10854,18/01/2026 03:40,Web Chat,Standard,West Midlands,AGT-387,I'm experiencing severe financial hardship following a bereavement. I live at N06 8AS and need urgent payment assistance.
INT-2026-03125,CUST-38083,13/04/2026 15:54,call_transcript,,Yorkshire & Humber,AGT-626,Can someone explain the difference between the standard and enterprise tier plans?
INT-2026-01822,CUST-88659,21/04/2026 18:30,Web Chat,Small Business,East of England,AGT-496,What are your customer support opening hours over the bank holiday weekend?
INT-2026-00631,,06/02/2026 20:48,call_transcript,VIP,Yorkshire & Humber,AGT-779,What are your customer support opening hours over the bank holiday weekend?
INT-2026-00955,,04/02/2026 09:08,web_chat,Standard,North West,AGT-245,Can you send me a copy of my latest VAT invoice for last month?
INT-2026-01246,CUST-82510,21/05/2026 08:47,web_chat,Small Business,North West,AGT-399,Can someone explain the difference between the standard and enterprise tier plans?
INT-2026-03338,CUST-45242,06/05/2026 12:04,web_chat,VIP,East of England,AGT-958,"This is a formal complaint regarding my overcharged invoice. If you do not resolve this today, I will escalate to the Financial Ombudsman and FCA immediately. My postcode is E1A 4DP."
INT-2026-02448,CUST-93982,18/02/2026 02:03,web_chat,Enterprise,Greater London,AGT-977,I was double billed for my monthly subscription on card 630441670217. Please process a refund.
INT-2026-00847,CUST-28290,11/01/2026 10:43,web_chat,Small Business,Scotland,AGT-269,Can you send me a copy of my latest VAT invoice for last month?
INT-2026-03130,,24/02/2026 05:30,Call Transcript,VIP,Greater London,AGT-225,Disgusted by this scam service. I demand to speak with a senior manager immediately regarding my direct debit failure.
INT-2026-02954,,04/05/2026 11:14,Email,Enterprise,East of England,AGT-781,I am issuing a formal right to be forgotten request. Erase all personal records linked to my phone number 01632 960 984.
INT-2026-04803,CUST-88578,28/02/2026 17:39,call_transcript,VIP,East of England,AGT-134,Can you send me a copy of my latest VAT invoice for last month?
INT-2026-00348,CUST-27659,05/04/2026 05:40,Email,VIP,Yorkshire & Humber,AGT-456,I am issuing a formal right to be forgotten request. Erase all personal records linked to my phone number (020) 7496 0063.
INT-2026-04284,CUST-93992,26/01/2026 12:48,email,VIP,North West,AGT-999,I was double billed for my monthly subscription on card 676146501272. Please process a refund.
INT-2026-02475,CUST-71509,07/04/2026 05:44,Email,Enterprise,Yorkshire & Humber,AGT-389,Can someone explain the difference between the standard and enterprise tier plans?
INT-2026-00533,CUST-24539,29/04/2026 09:12,CALL,Standard,North West,AGT-745,I am currently in hospital due to severe illness and my pension payment hasn't come through. Please call me back on +44118 4960191.
INT-2026-03798,CUST-10969,07/03/2026 08:58,email,Enterprise,Greater London,AGT-295,What are your customer support opening hours over the bank holiday weekend?
INT-2026-00797,CUST-82689,25/05/2026 05:57,Call Transcript,VIP,Greater London,AGT-235,Can you send me a copy of my latest VAT invoice for last month?
INT-2026-02278,CUST-50919,18/02/2026 17:40,E-Mail,Standard,West Midlands,AGT-302,Unacceptable service! Your agent was extremely rude. I demand an immediate refund of £85. My account number is linked to NI HE653598X.
INT-2026-01879,CUST-38673,12/03/2026 13:49,web_chat,Small Business,East of England,AGT-393,How do I update my password on the online customer portal?
INT-2026-02477,CUST-46425,13/03/2026 23:59,email,VIP,East of England,AGT-135,How do I update my password on the online customer portal?
INT-2026-01102,CUST-94998,03/05/2026 11:55,EMAIL,VIP,Scotland,AGT-105,I would like to update my billing address to KT91 3UU.
INT-2026-03076,,21/01/2026 07:45,web_chat,Enterprise,Scotland,AGT-972,Can someone explain the difference between the standard and enterprise tier plans?
INT-2026-04744,CUST-51884,11/01/2026 01:26,Email,VIP,East of England,AGT-439,I'm experiencing severe financial hardship following a bereavement. I live at YO5 2PB and need urgent payment assistance.
INT-2026-04547,CUST-22480,1768272541,Email,Small Business,West Midlands,AGT-916,Unacceptable service! Your agent was extremely rude. I demand an immediate refund of £85. My account number is linked to NI XO221371R.
INT-2026-04650,CUST-37906,20/02/2026 04:59,Email,Standard,Scotland,AGT-515,How do I update my password on the online customer portal?
INT-2026-03457,CUST-35854,06/05/2026 16:05,web_chat,Enterprise,North West,AGT-315,Why did my direct debit fail yesterday? I was charged a £25 penalty fee unfairly.
INT-2026-02711,CUST-83300,23/01/2026 18:17,web_chat,Small Business,Greater London,AGT-449,I was double billed for my monthly subscription on card 4707628099562. Please process a refund.
INT-2026-03499,CUST-91271,15/01/2026 14:35,CALL,Small Business,Scotland,AGT-162,What are your customer support opening hours over the bank holiday weekend?
INT-2026-01244,CUST-87388,27/04/2026 11:44,email,Small Business,Yorkshire & Humber,AGT-786,Can someone explain the difference between the standard and enterprise tier plans?
INT-2026-04643,CUST-67048,28/04/2026 22:39,E-Mail,Small Business,North West,AGT-609,What are your customer support opening hours over the bank holiday weekend?
INT-2026-01451,CUST-78144,25/05/2026 01:29,call_transcript,Small Business,East of England,AGT-651,How do I update my password on the online customer portal?
INT-2026-00414,CUST-55029,02/04/2026 01:05,Email,Enterprise,Wales,AGT-401,Please delete all my data and process my Subject Access Request under UK GDPR rules immediately. Contact me at lbrown@example.com.
INT-2026-00413,CUST-46624,12/04/2026 15:01,EMAIL,Standard,East of England,AGT-748,Can you send me a copy of my latest VAT invoice for last month?
INT-2026-03492,CUST-19870,1777116183,Email,Standard,West Midlands,AGT-119,What are your customer support opening hours over the bank holiday weekend?
INT-2026-00612,CUST-88011,22/05/2026 02:25,call_transcript,Small Business,Greater London,AGT-441,Disgusted by this scam service. I demand to speak with a senior manager immediately regarding my direct debit failure.
INT-2026-00650,CUST-96188,21/04/2026 05:01,webchat,Enterprise,East of England,AGT-896,Disgusted by this scam service. I demand to speak with a senior manager immediately regarding my direct debit failure.
INT-2026-02649,CUST-55749,03/05/2026 22:56,CALL,Enterprise,East of England,AGT-350,I was double billed for my monthly subscription on card 30355878576711. Please process a refund.
INT-2026-03376,CUST-47870,20/05/2026 07:53,webchat,Small Business,East of England,AGT-960,What are your customer support opening hours over the bank holiday weekend?
INT-2026-04766,CUST-38227,05/05/2026 14:53,Email,Enterprise,Wales,AGT-722,Please delete all my data and process my Subject Access Request under UK GDPR rules immediately. Contact me at vbarry@example.org.
INT-2026-03282,CUST-18881,12/01/2026 13:19,call_transcript,VIP,Yorkshire & Humber,AGT-779,You have failed to address my issue for 3 weeks. I am filing an official grievance and taking this further to legal counsel.
INT-2026-01602,CUST-34097,03/05/2026 14:17,Call Transcript,Small Business,Yorkshire & Humber,AGT-801,My business went into administration. I cannot pay this invoice right now. Contact my legal representative at jennifer71@example.net.
INT-2026-04528,CUST-43655,19/02/2026 12:23,CALL,Enterprise,West Midlands,AGT-565,I would like to update my billing address to FK3P 0JR.
INT-2026-04842,CUST-32072,18/01/2026 15:13,E-Mail,Standard,Scotland,AGT-624,I am currently in hospital due to severe illness and my pension payment hasn't come through. Please call me back on 0131 4960359.
INT-2026-02257,CUST-82194,24/03/2026 01:17,email,Standard,Greater London,AGT-192,I was double billed for my monthly subscription on card 4751134865796817. Please process a refund.
INT-2026-01362,CUST-94902,22/02/2026 17:32,Email,Standard,Scotland,AGT-785,Your company has breached GDPR by sending emails to the wrong recipient. I am reporting this to the Information Commissioner's Office (ICO).
INT-2026-02545,CUST-34194,,email,Enterprise,Scotland,AGT-775,Can you send me a copy of my latest VAT invoice for last month?
INT-2026-03230,CUST-16269,07/04/2026 09:54,call_transcript,Standard,Wales,AGT-138,You have failed to address my issue for 3 weeks. I am filing an official grievance and taking this further to legal counsel.
INT-2026-00984,CUST-47757,12/01/2026 21:31,CALL,Enterprise,North West,AGT-999,Why did my direct debit fail yesterday? I was charged a £25 penalty fee unfairly.
INT-2026-02492,CUST-63724,06/05/2026 06:51,EMAIL,Standard,Scotland,AGT-692,I would like to update my billing address to RG0P 1GZ.
INT-2026-00786,CUST-52072,28/03/2026 04:17,email,Small Business,East of England,AGT-964,I was double billed for my monthly subscription on card 180026736648533. Please process a refund.
INT-2026-00767,CUST-68918,19/04/2026 01:19,CALL,VIP,East of England,AGT-265,Can you send me a copy of my latest VAT invoice for last month?
INT-2026-02029,CUST-41777,07/01/2026 09:49,Email,Enterprise,West Midlands,AGT-644,I was double billed for my monthly subscription on card 3556819299591102. Please process a refund.
INT-2026-03082,CUST-55601,28/05/2026 12:14,Web Chat,Small Business,West Midlands,AGT-556,How do I update my password on the online customer portal?
INT-2026-02509,CUST-42026,08/02/2026 20:50,web_chat,Standard,Wales,AGT-519,I'm experiencing severe financial hardship following a bereavement. I live at W59 4WX and need urgent payment assistance.
INT-2026-02120,CUST-25223,12/02/2026 20:56,E-Mail,Enterprise,Yorkshire & Humber,AGT-611,I was double billed for my monthly subscription on card 2240376049191794. Please process a refund.
INT-2026-03398,CUST-33702,03/04/2026 22:48,webchat,Enterprise,Greater London,AGT-339,What are your customer support opening hours over the bank holiday weekend?
INT-2026-04030,CUST-66974,10/02/2026 21:08,Email,Enterprise,Wales,AGT-438,???
INT-2026-02720,CUST-57128,29/03/2026 18:48,web_chat,Enterprise,East of England,AGT-581,What are your customer support opening hours over the bank holiday weekend?
INT-2026-03718,CUST-18492,06/01/2026 13:46,CALL,Small Business,West Midlands,AGT-379,You have failed to address my issue for 3 weeks. I am filing an official grievance and taking this further to legal counsel.
INT-2026-00139,CUST-45537,27/01/2026 15:44,Web Chat,VIP,East of England,AGT-338,My business went into administration. I cannot pay this invoice right now. Contact my legal representative at parsonsjosephine@example.net.
INT-2026-03030,CUST-19111,17/03/2026 14:36,webchat,Small Business,West Midlands,AGT-794,How do I update my password on the online customer portal?
INT-2026-04569,,28/05/2026 05:10,,Standard,Yorkshire & Humber,AGT-222,Unacceptable service! Your agent was extremely rude. I demand an immediate refund of £85. My account number is linked to NI AA712389Q.
INT-2026-00816,CUST-64444,25/05/2026 05:00,,Small Business,North West,AGT-951,I would like to update my billing address to MK6A 6UN.
INT-2026-02239,CUST-11166,07/04/2026 05:05,CALL,Small Business,North West,AGT-355,You have failed to address my issue for 3 weeks. I am filing an official grievance and taking this further to legal counsel.
INT-2026-04059,CUST-41442,27/05/2026 04:01,Call Transcript,Enterprise,West Midlands,AGT-777,I was double billed for my monthly subscription on card 30127644316536. Please process a refund.
INT-2026-04398,CUST-48963,09/04/2026 22:51,Web Chat,,West Midlands,AGT-495,I was double billed for my monthly subscription on card 6011073725592233. Please process a refund.
INT-2026-00186,CUST-90918,30/04/2026 07:42,Web Chat,Standard,North West,AGT-482,Can someone explain the difference between the standard and enterprise tier plans?
INT-2026-02351,CUST-64093,01/05/2026 02:18,Call Transcript,Standard,Greater London,AGT-102,Can someone explain the difference between the standard and enterprise tier plans?
INT-2026-01075,CUST-58072,10/05/2026 08:03,web_chat,Enterprise,Greater London,AGT-139,"<html><body><p>Hello support team, I need help logging in.</p></body></html>"
INT-2026-02607,CUST-67063,01/04/2026 07:58,EMAIL,Small Business,Greater London,AGT-236,Can you send me a copy of my latest VAT invoice for last month?
INT-2026-04057,CUST-97489,24/04/2026 10:08,call_transcript,VIP,North West,AGT-802,SELECT * FROM users WHERE customer_id = 'CUST-101' OR 1=1;
INT-2026-03154,CUST-63228,06/01/2026 02:34,EMAIL,Small Business,East of England,AGT-776,???
INT-2026-04299,CUST-73180,25/05/2026 10:13,CALL,Enterprise,Greater London,AGT-822,
INT-2026-03054,CUST-14767,15/01/2026 15:42,webchat,Standard,Greater London,AGT-711,My business went into administration. I cannot pay this invoice right now. Contact my legal representative at carolinehughes@example.org.
INT-2026-04708,CUST-30728,24/04/2026 09:01,Web Chat,,Scotland,AGT-985,My business went into administration. I cannot pay this invoice right now. Contact my legal representative at howardferguson@example.com.
INT-2026-02503,CUST-77295,27/03/2026 21:18,Call Transcript,VIP,West Midlands,AGT-513,What are your customer support opening hours over the bank holiday weekend?
INT-2026-04541,CUST-63277,26/01/2026 10:24,E-Mail,Small Business,Wales,AGT-107,Disgusted by this scam service. I demand to speak with a senior manager immediately regarding my direct debit failure.
INT-2026-03381,CUST-23721,1778196634,E-Mail,VIP,East of England,AGT-598,I was double billed for my monthly subscription on card 3554660964847458. Please process a refund.
INT-2026-00184,CUST-35863,,webchat,Enterprise,Wales,AGT-820,How do I update my password on the online customer portal?
INT-2026-00340,CUST-90375,25/02/2026 06:41,Web Chat,Standard,North West,AGT-239,Your company has breached GDPR by sending emails to the wrong recipient. I am reporting this to the Information Commissioner's Office (ICO).
INT-2026-02505,CUST-58704,02/02/2026 05:51,EMAIL,Standard,North West,AGT-377,Disgusted by this scam service. I demand to speak with a senior manager immediately regarding my direct debit failure.
INT-2026-03088,CUST-58515,12/03/2026 10:33,webchat,Small Business,Scotland,AGT-408,I lost my job last month and I simply cannot afford my direct debit payment of £150. My NI number is KT320024J. Please help me reduce my bill.
INT-2026-02690,CUST-18789,06/03/2026 00:48,webchat,Standard,Yorkshire & Humber,AGT-464,Unacceptable service! Your agent was extremely rude. I demand an immediate refund of £85. My account number is linked to NI JW841651F.
INT-2026-00353,CUST-64519,30/04/2026 19:07,Email,Enterprise,Greater London,AGT-321,"<html><body><p>Hello support team, I need help logging in.</p></body></html>"
INT-2026-00534,CUST-48289,07/04/2026 18:40,call_transcript,Enterprise,Wales,AGT-241,Unacceptable service! Your agent was extremely rude. I demand an immediate refund of £85. My account number is linked to NI DJ214174A.
INT-2026-03859,CUST-70997,22/04/2026 12:17,,Enterprise,Scotland,AGT-846,ok thanks
INT-2026-00150,CUST-80931,02/04/2026 16:00,EMAIL,Small Business,West Midlands,AGT-491,I was double billed for my monthly subscription on card 377600490824044. Please process a refund.
INT-2026-01751,CUST-59669,25/02/2026 14:06,CALL,Standard,Greater London,AGT-827,You have failed to address my issue for 3 weeks. I am filing an official grievance and taking this further to legal counsel.
INT-2026-01182,CUST-14692,18/01/2026 19:11,Call Transcript,Small Business,Scotland,AGT-300,Can you send me a copy of my latest VAT invoice for last month?
INT-2026-00481,CUST-55038,15/06/2026 11:22,call_transcript,Small Business,Greater London,AGT-492,I was double billed for my monthly subscription on card 4248355054298. Please process a refund. [DUPLICATE SUBMISSION]
INT-2026-03960,CUST-96868,23/02/2026 22:26,E-Mail,Standard,Wales,AGT-663,Can someone explain the difference between the standard and enterprise tier plans?
INT-2026-04304,CUST-71553,03/05/2026 00:00,Email,VIP,West Midlands,AGT-918,Can you send me a copy of my latest VAT invoice for last month?
INT-2026-02921,CUST-66774,23/04/2026 17:16,Web Chat,Enterprise,East of England,AGT-941,Please delete all my data and process my Subject Access Request under UK GDPR rules immediately. Contact me at elaine31@example.org.
INT-2026-04623,CUST-22481,13/02/2026 06:24,E-Mail,VIP,Greater London,AGT-726,Can someone explain the difference between the standard and enterprise tier plans?
INT-2026-02752,CUST-77520,,CALL,Enterprise,North West,AGT-713,Can you send me a copy of my latest VAT invoice for last month?
INT-2026-03703,CUST-60662,01/01/2026 19:50,E-Mail,Standard,Yorkshire & Humber,AGT-214,Unacceptable service! Your agent was extremely rude. I demand an immediate refund of £85. My account number is linked to NI OX993851B.
INT-2026-01677,CUST-97552,30/05/2026 13:11,CALL,Small Business,Wales,AGT-964,Can someone explain the difference between the standard and enterprise tier plans?
INT-2026-04233,CUST-47740,06/03/2026 18:37,Email,Small Business,West Midlands,AGT-463,I am currently in hospital due to severe illness and my pension payment hasn't come through. Please call me back on (028) 9018 0074.
INT-2026-03077,CUST-53449,09/02/2026 18:20,E-Mail,Standard,Wales,AGT-781,You have failed to address my issue for 3 weeks. I am filing an official grievance and taking this further to legal counsel.
INT-2026-04789,CUST-72760,06/05/2026 08:51,CALL,VIP,North West,AGT-474,Can you send me a copy of my latest VAT invoice for last month?
INT-2026-02321,CUST-81878,04/04/2026 19:29,webchat,Small Business,East of England,AGT-602,I would like to update my billing address to TR9 7FN.
INT-2026-01494,CUST-54150,17/04/2026 08:03,EMAIL,Standard,Yorkshire & Humber,AGT-935,I would like to update my billing address to WN6N 9BH.
INT-2026-03188,CUST-76204,15/04/2026 00:39,EMAIL,Small Business,West Midlands,AGT-419,Can you send me a copy of my latest VAT invoice for last month?
INT-2026-04759,CUST-10437,18/03/2026 10:33,email,VIP,North West,AGT-368,I was double billed for my monthly subscription on card 4794313272880765. Please process a refund.
INT-2026-03947,CUST-36798,17/01/2026 15:50,Call Transcript,VIP,Scotland,AGT-884,ok thanks
INT-2026-01298,CUST-36163,14/01/2026 18:19,Call Transcript,,Scotland,AGT-362,How do I update my password on the online customer portal?
INT-2026-00083,CUST-59925,27/02/2026 06:19,call_transcript,VIP,Scotland,AGT-562,Can someone explain the difference between the standard and enterprise tier plans?
INT-2026-03436,CUST-56899,21/05/2026 12:50,EMAIL,Enterprise,Yorkshire & Humber,AGT-206,I'm experiencing severe financial hardship following a bereavement. I live at PL9 2YD and need urgent payment assistance.
INT-2026-01515,CUST-62618,25/05/2026 11:10,CALL,VIP,Greater London,AGT-830,Can someone explain the difference between the standard and enterprise tier plans?
INT-2026-01262,CUST-47904,03/05/2026 20:14,webchat,Small Business,North West,AGT-976,Unacceptable service! Your agent was extremely rude. I demand an immediate refund of £85. My account number is linked to NI JA169599H.
INT-2026-01717,CUST-40595,23/02/2026 14:13,web_chat,Enterprise,Yorkshire & Humber,AGT-949,You have failed to address my issue for 3 weeks. I am filing an official grievance and taking this further to legal counsel.
INT-2026-02408,CUST-60699,09/02/2026 13:33,EMAIL,Enterprise,Scotland,AGT-613,You have failed to address my issue for 3 weeks. I am filing an official grievance and taking this further to legal counsel.
INT-2026-02748,CUST-10643,18/03/2026 11:02,E-Mail,Small Business,West Midlands,AGT-206,"This is a formal complaint regarding my overcharged invoice. If you do not resolve this today, I will escalate to the Financial Ombudsman and FCA immediately. My postcode is WR20 6SD."
INT-2026-00178,CUST-19694,04/04/2026 01:23,CALL,Small Business,Yorkshire & Humber,AGT-137,I would like to update my billing address to E7 3NL.
INT-2026-02641,CUST-90884,14/03/2026 05:17,email,Small Business,Yorkshire & Humber,AGT-996,"This is a formal complaint regarding my overcharged invoice. If you do not resolve this today, I will escalate to the Financial Ombudsman and FCA immediately. My postcode is GL9 1TS."
INT-2026-04676,CUST-36534,09/03/2026 07:07,Email,Enterprise,Wales,AGT-489,I'm experiencing severe financial hardship following a bereavement. I live at E23 4YW and need urgent payment assistance.
INT-2026-01858,CUST-59093,28/05/2026 18:45,email,Enterprise,Yorkshire & Humber,AGT-221,Can you send me a copy of my latest VAT invoice for last month?
INT-2026-01406,CUST-91582,09/01/2026 07:12,email,Standard,East of England,AGT-784,Why did my direct debit fail yesterday? I was charged a £25 penalty fee unfairly.
INT-2026-03523,CUST-82121,07/04/2026 01:06,web_chat,Small Business,East of England,AGT-807,Why did my direct debit fail yesterday? I was charged a £25 penalty fee unfairly.
INT-2026-01206,CUST-38189,20/04/2026 14:41,E-Mail,Enterprise,North West,AGT-276,Unacceptable service! Your agent was extremely rude. I demand an immediate refund of £85. My account number is linked to NI CO005905S.
INT-2026-01782,CUST-59393,17/02/2026 14:04,Web Chat,Enterprise,North West,AGT-793,How do I update my password on the online customer portal?
INT-2026-03271,CUST-42731,26/03/2026 14:32,Call Transcript,Enterprise,Yorkshire & Humber,AGT-280,What are your customer support opening hours over the bank holiday weekend?
INT-2026-01672,CUST-97229,04/03/2026 14:50,webchat,VIP,West Midlands,AGT-581,
INT-2026-00011,CUST-50306,21/04/2026 04:04,E-Mail,Standard,Wales,AGT-645,What are your customer support opening hours over the bank holiday weekend?
INT-2026-03878,CUST-18688,22/03/2026 18:12,E-Mail,VIP,West Midlands,AGT-701,Why did my direct debit fail yesterday? I was charged a £25 penalty fee unfairly.
INT-2026-02775,CUST-30280,19/05/2026 07:09,Email,Standard,West Midlands,AGT-339,What are your customer support opening hours over the bank holiday weekend?
INT-2026-03516,CUST-18101,08/02/2026 04:19,webchat,Enterprise,North West,AGT-619,What are your customer support opening hours over the bank holiday weekend?
INT-2026-00480,CUST-60152,30/01/2026 15:48,web_chat,Small Business,Wales,AGT-577,Disgusted by this scam service. I demand to speak with a senior manager immediately regarding my direct debit failure.
INT-2026-00588,CUST-82432,08/03/2026 03:35,Call Transcript,Small Business,North West,AGT-549,Can you send me a copy of my latest VAT invoice for last month?
INT-2026-03296,CUST-35527,20/04/2026 10:53,,Small Business,Yorkshire & Humber,AGT-893,What are your customer support opening hours over the bank holiday weekend?
INT-2026-00117,CUST-89635,07/01/2026 18:10,Call Transcript,Standard,Yorkshire & Humber,AGT-257,I would like to update my billing address to GY7 2SZ.
INT-2026-04263,CUST-75256,12/02/2026 09:46,Web Chat,VIP,East of England,AGT-847,Why did my direct debit fail yesterday? I was charged a £25 penalty fee unfairly.
INT-2026-02134,CUST-71767,02/01/2026 19:06,Web Chat,Enterprise,Greater London,AGT-119,I was double billed for my monthly subscription on card 30455275370047. Please process a refund.
INT-2026-00624,CUST-79550,13/03/2026 13:00,E-Mail,VIP,Greater London,AGT-753,ok thanks
INT-2026-00427,CUST-53231,01/01/2026 17:15,CALL,Standard,Yorkshire & Humber,AGT-331,My business went into administration. I cannot pay this invoice right now. Contact my legal representative at albert35@example.com.
INT-2026-00053,CUST-89905,29/05/2026 02:36,EMAIL,VIP,Yorkshire & Humber,AGT-176,Disgusted by this scam service. I demand to speak with a senior manager immediately regarding my direct debit failure.
INT-2026-03365,CUST-63005,,Call Transcript,Enterprise,Greater London,AGT-638,How do I update my password on the online customer portal?
INT-2026-02906,,24/01/2026 12:15,Call Transcript,Enterprise,Greater London,AGT-442,I would like to update my billing address to L81 4ZH.
INT-2026-01658,CUST-66688,25/01/2026 21:49,email,Small Business,East of England,AGT-618,How do I update my password on the online customer portal?
INT-2026-04570,CUST-94449,23/03/2026 21:04,call_transcript,Standard,West Midlands,AGT-655,I was double billed for my monthly subscription on card 346199141847965. Please process a refund.
INT-2026-02733,CUST-59592,10/03/2026 08:25,CALL,Small Business,Greater London,AGT-137,I was double billed for my monthly subscription on card 4017234467795264. Please process a refund.
INT-2026-02488,,24/01/2026 16:22,E-Mail,Enterprise,North West,AGT-148,What are your customer support opening hours over the bank holiday weekend?
INT-2026-01176,CUST-66189,30/03/2026 01:48,EMAIL,Small Business,North West,AGT-514,Why did my direct debit fail yesterday? I was charged a £25 penalty fee unfairly.
INT-2026-04064,CUST-37770,08/01/2026 05:42,CALL,Enterprise,Wales,AGT-791,My business went into administration. I cannot pay this invoice right now. Contact my legal representative at robertsolivia@example.org.
INT-2026-01258,CUST-51207,20/01/2026 10:04,email,Small Business,Greater London,AGT-150,I'm experiencing severe financial hardship following a bereavement. I live at LE5 5RH and need urgent payment assistance.
INT-2026-00364,CUST-21743,24/03/2026 05:50,webchat,Enterprise,North West,AGT-458,Can someone explain the difference between the standard and enterprise tier plans?
INT-2026-03223,CUST-26708,12/02/2026 19:03,Email,VIP,Scotland,AGT-366,Please delete all my data and process my Subject Access Request under UK GDPR rules immediately. Contact me at lesley28@example.com.
INT-2026-03292,CUST-95630,10/02/2026 23:37,email,Enterprise,Wales,AGT-595,How do I update my password on the online customer portal?
INT-2026-04521,CUST-82156,14/05/2026 11:09,Email,VIP,Scotland,AGT-978,???
INT-2026-00192,CUST-84720,26/04/2026 21:33,Web Chat,Enterprise,Wales,AGT-626,"<html><body><p>Hello support team, I need help logging in.</p></body></html>"
INT-2026-00653,,22/05/2026 21:45,call_transcript,Standard,Scotland,AGT-114,How do I update my password on the online customer portal?
INT-2026-01880,CUST-95888,10/05/2026 13:27,Web Chat,Small Business,Scotland,AGT-280,Why did my direct debit fail yesterday? I was charged a £25 penalty fee unfairly.
INT-2026-00965,CUST-41151,18/02/2026 13:16,CALL,VIP,Scotland,AGT-649,What are your customer support opening hours over the bank holiday weekend?
INT-2026-02056,CUST-16880,04/02/2026 04:23,Web Chat,Standard,East of England,AGT-543,I was double billed for my monthly subscription on card 6557195572903419. Please process a refund.
INT-2026-03145,CUST-85808,1774967896,webchat,Small Business,East of England,AGT-263,I would like to update my billing address to SG5 6YH.
INT-2026-02584,CUST-65591,28/03/2026 14:15,Call Transcript,Small Business,North West,AGT-666,Can someone explain the difference between the standard and enterprise tier plans?
INT-2026-00231,CUST-90134,21/01/2026 05:11,CALL,Enterprise,North West,AGT-751,How do I update my password on the online customer portal?
INT-2026-03558,CUST-97746,11/05/2026 14:20,,Standard,Yorkshire & Humber,AGT-770,Can you send me a copy of my latest VAT invoice for last month?
INT-2026-04275,CUST-13366,28/01/2026 14:52,EMAIL,Standard,West Midlands,AGT-295,   
INT-2026-02520,CUST-70283,31/01/2026 03:43,web_chat,Enterprise,Yorkshire & Humber,AGT-524,I would like to update my billing address to RM8 8FH.
INT-2026-04330,CUST-75040,25/04/2026 01:33,EMAIL,Small Business,Wales,AGT-481,What are your customer support opening hours over the bank holiday weekend?
INT-2026-03939,CUST-24575,06/03/2026 18:44,,Standard,Scotland,AGT-929,I lost my job last month and I simply cannot afford my direct debit payment of £150. My NI number is JP418779T. Please help me reduce my bill.
INT-2026-02126,CUST-23554,26/02/2026 15:15,call_transcript,Standard,West Midlands,AGT-507,"<html><body><p>Hello support team, I need help logging in.</p></body></html>"
INT-2026-03572,CUST-97636,,CALL,VIP,Yorkshire & Humber,AGT-401,You have failed to address my issue for 3 weeks. I am filing an official grievance and taking this further to legal counsel.
INT-2026-03284,CUST-95853,10/03/2026 04:27,web_chat,VIP,North West,AGT-468,Can you send me a copy of my latest VAT invoice for last month?
INT-2026-03976,CUST-66870,08/05/2026 21:10,EMAIL,Standard,Greater London,AGT-451,Please delete all my data and process my Subject Access Request under UK GDPR rules immediately. Contact me at maryjames@example.net.
INT-2026-01162,CUST-29099,02/03/2026 21:55,call_transcript,VIP,Wales,AGT-373,Why did my direct debit fail yesterday? I was charged a £25 penalty fee unfairly.
INT-2026-03327,CUST-73988,11/01/2026 21:00,Web Chat,Small Business,Scotland,AGT-693,What are your customer support opening hours over the bank holiday weekend?
INT-2026-00594,CUST-50673,1779251039,call_transcript,Standard,Wales,AGT-508,What are your customer support opening hours over the bank holiday weekend?
INT-2026-03750,CUST-49899,28/03/2026 21:09,,Small Business,North West,AGT-688,How do I update my password on the online customer portal?
INT-2026-00307,CUST-85008,20/02/2026 03:34,email,Standard,East of England,AGT-845,I would like to update my billing address to W67 9LP.
INT-2026-02316,CUST-53570,07/01/2026 17:51,call_transcript,Small Business,Scotland,AGT-708,Can you send me a copy of my latest VAT invoice for last month?
INT-2026-01961,CUST-43600,24/04/2026 22:58,call_transcript,Enterprise,West Midlands,AGT-175,Why did my direct debit fail yesterday? I was charged a £25 penalty fee unfairly.
INT-2026-02194,CUST-69725,21/05/2026 00:22,Call Transcript,VIP,Greater London,AGT-368,I was double billed for my monthly subscription on card 30511029394095. Please process a refund.
INT-2026-03980,CUST-91969,05/05/2026 14:41,EMAIL,Standard,Scotland,AGT-712,I'm experiencing severe financial hardship following a bereavement. I live at SO68 2HX and need urgent payment assistance.
INT-2026-01121,CUST-72092,14/03/2026 17:27,email,Standard,Wales,AGT-261,Unacceptable service! Your agent was extremely rude. I demand an immediate refund of £85. My account number is linked to NI RD576379G.
INT-2026-02788,CUST-87371,21/01/2026 12:25,email,Enterprise,Scotland,AGT-122,How do I update my password on the online customer portal?
INT-2026-01656,,04/03/2026 08:21,web_chat,Small Business,Greater London,AGT-553,Your company has breached GDPR by sending emails to the wrong recipient. I am reporting this to the Information Commissioner's Office (ICO).
INT-2026-01090,CUST-43697,09/02/2026 15:08,webchat,Standard,Greater London,AGT-259,How do I update my password on the online customer portal?
INT-2026-02148,CUST-80910,29/01/2026 06:14,web_chat,Small Business,Yorkshire & Humber,AGT-767,I'm experiencing severe financial hardship following a bereavement. I live at G7 9XQ and need urgent payment assistance.
INT-2026-00713,CUST-14277,11/02/2026 03:23,webchat,Small Business,Greater London,AGT-459,???
INT-2026-00228,CUST-52413,24/04/2026 21:47,email,Enterprise,Greater London,AGT-482,Can someone explain the difference between the standard and enterprise tier plans?
INT-2026-01735,CUST-80569,02/04/2026 08:10,CALL,Standard,Scotland,AGT-198,Why did my direct debit fail yesterday? I was charged a £25 penalty fee unfairly.
INT-2026-03626,CUST-30536,11/04/2026 15:14,EMAIL,Enterprise,East of England,AGT-637,My business went into administration. I cannot pay this invoice right now. Contact my legal representative at hcox@example.net.
INT-2026-03688,CUST-63346,13/02/2026 07:02,EMAIL,Small Business,Scotland,AGT-154,Disgusted by this scam service. I demand to speak with a senior manager immediately regarding my direct debit failure.
INT-2026-03401,CUST-31545,22/02/2026 22:13,Email,Small Business,Greater London,AGT-971,What are your customer support opening hours over the bank holiday weekend?
INT-2026-03569,CUST-67956,01/04/2026 08:30,,Small Business,North West,AGT-351,Can someone explain the difference between the standard and enterprise tier plans?
INT-2026-01327,CUST-17001,27/01/2026 19:36,call_transcript,VIP,Yorkshire & Humber,AGT-401,Can you send me a copy of my latest VAT invoice for last month?
INT-2026-02516,CUST-75121,20/04/2026 05:18,E-Mail,Standard,Yorkshire & Humber,AGT-203,"This is a formal complaint regarding my overcharged invoice. If you do not resolve this today, I will escalate to the Financial Ombudsman and FCA immediately. My postcode is NW02 6EN."
INT-2026-03454,CUST-73384,23/05/2026 04:24,Email,VIP,North West,AGT-764,What are your customer support opening hours over the bank holiday weekend?
INT-2026-01285,CUST-87526,02/04/2026 03:43,CALL,VIP,Scotland,AGT-529,I was double billed for my monthly subscription on card 180036782816892. Please process a refund.
INT-2026-01871,CUST-19018,16/02/2026 14:55,email,VIP,Wales,AGT-662,Can someone explain the difference between the standard and enterprise tier plans?
INT-2026-03827,CUST-54359,14/05/2026 01:00,web_chat,Standard,Greater London,AGT-946,How do I update my password on the online customer portal?
INT-2026-00491,CUST-49357,03/03/2026 21:01,webchat,Enterprise,Wales,AGT-393,I would like to update my billing address to G0T 4YG.
INT-2026-04022,CUST-44750,08/04/2026 12:32,Call Transcript,Small Business,East of England,AGT-871,Why did my direct debit fail yesterday? I was charged a £25 penalty fee unfairly.
INT-2026-01744,CUST-38378,16/04/2026 17:06,Web Chat,Standard,Wales,AGT-125,I'm experiencing severe financial hardship following a bereavement. I live at B10 0ET and need urgent payment assistance.
INT-2026-01566,CUST-71246,26/03/2026 03:16,Web Chat,Enterprise,East of England,AGT-639,Can you send me a copy of my latest VAT invoice for last month?
INT-2026-02879,CUST-32756,01/01/2026 11:19,webchat,Small Business,West Midlands,AGT-965,
INT-2026-04602,CUST-77337,17/02/2026 18:02,EMAIL,VIP,Yorkshire & Humber,AGT-665,How do I update my password on the online customer portal?
INT-2026-02583,CUST-34688,12/02/2026 08:10,web_chat,Standard,East of England,AGT-533,Unacceptable service! Your agent was extremely rude. I demand an immediate refund of £85. My account number is linked to NI NF109898M.
INT-2026-03991,CUST-55883,21/04/2026 07:54,Call Transcript,Enterprise,Yorkshire & Humber,AGT-974,How do I update my password on the online customer portal?
INT-2026-03926,CUST-92514,26/02/2026 14:29,EMAIL,Standard,Wales,AGT-623,What are your customer support opening hours over the bank holiday weekend?
INT-2026-01237,CUST-16436,21/02/2026 16:27,CALL,VIP,East of England,AGT-805,   
INT-2026-04321,CUST-82262,1773330593,CALL,Standard,West Midlands,AGT-947,Please delete all my data and process my Subject Access Request under UK GDPR rules immediately. Contact me at davisoneric@example.org.
INT-2026-01107,CUST-63887,13/05/2026 02:29,call_transcript,Small Business,West Midlands,AGT-292,What are your customer support opening hours over the bank holiday weekend?
INT-2026-00543,CUST-35238,30/03/2026 05:14,web_chat,Standard,Scotland,AGT-233,I was double billed for my monthly subscription on card 379271472463017. Please process a refund.
INT-2026-00057,,22/04/2026 21:30,Web Chat,Enterprise,North West,AGT-699,I was double billed for my monthly subscription on card 180023091307565. Please process a refund.
INT-2026-03578,CUST-89395,,CALL,Standard,Wales,AGT-945,Can you send me a copy of my latest VAT invoice for last month?
INT-2026-03202,CUST-52407,28/04/2026 19:14,Call Transcript,VIP,West Midlands,AGT-510,Can you send me a copy of my latest VAT invoice for last month?
INT-2026-01095,CUST-84834,1778109262,web_chat,Small Business,Greater London,AGT-237,How do I update my password on the online customer portal?
INT-2026-00661,CUST-12772,,web_chat,Standard,East of England,AGT-949,Your company has breached GDPR by sending emails to the wrong recipient. I am reporting this to the Information Commissioner's Office (ICO).
INT-2026-00555,CUST-63411,22/02/2026 06:22,Email,VIP,West Midlands,AGT-681,Why did my direct debit fail yesterday? I was charged a £25 penalty fee unfairly.
INT-2026-02590,CUST-71848,12/02/2026 20:26,EMAIL,Standard,Yorkshire & Humber,AGT-897,Unacceptable service! Your agent was extremely rude. I demand an immediate refund of £85. My account number is linked to NI BG081463U.
INT-2026-00964,CUST-39428,20/04/2026 10:44,Email,Small Business,Yorkshire & Humber,AGT-760,Can you send me a copy of my latest VAT invoice for last month?
INT-2026-01301,CUST-19269,09/01/2026 19:35,web_chat,VIP,Greater London,AGT-579,What are your customer support opening hours over the bank holiday weekend?
INT-2026-02179,CUST-95047,02/04/2026 12:23,Email,Small Business,Yorkshire & Humber,AGT-692,I was double billed for my monthly subscription on card 3535960712408478. Please process a refund.
INT-2026-03446,CUST-51606,04/04/2026 23:12,EMAIL,Small Business,East of England,AGT-786,"This is a formal complaint regarding my overcharged invoice. If you do not resolve this today, I will escalate to the Financial Ombudsman and FCA immediately. My postcode is HX9M 7QP."
INT-2026-04109,CUST-58922,27/05/2026 04:14,Web Chat,Enterprise,West Midlands,AGT-184,"<html><body><p>Hello support team, I need help logging in.</p></body></html>"
INT-2026-03439,CUST-42832,27/04/2026 07:07,Email,Small Business,Wales,AGT-178,Disgusted by this scam service. I demand to speak with a senior manager immediately regarding my direct debit failure.
INT-2026-01753,,05/04/2026 11:31,Web Chat,Enterprise,Yorkshire & Humber,AGT-638,I would like to update my billing address to W1T 2AJ.
INT-2026-04027,CUST-87610,14/04/2026 00:17,webchat,Small Business,Scotland,AGT-396,I lost my job last month and I simply cannot afford my direct debit payment of £150. My NI number is NZ291864X. Please help me reduce my bill.
INT-2026-00629,CUST-39334,13/01/2026 13:22,CALL,Small Business,East of England,AGT-757,Can someone explain the difference between the standard and enterprise tier plans?
INT-2026-01761,CUST-25133,,web_chat,Enterprise,North West,AGT-426,???
INT-2026-01915,CUST-66784,20/02/2026 15:42,EMAIL,VIP,Wales,AGT-636,Disgusted by this scam service. I demand to speak with a senior manager immediately regarding my direct debit failure.
INT-2026-04146,CUST-64348,11/03/2026 03:39,EMAIL,Small Business,Greater London,AGT-483,How do I update my password on the online customer portal?
INT-2026-02929,CUST-45311,04/02/2026 11:13,webchat,Standard,Scotland,AGT-614,How do I update my password on the online customer portal?
INT-2026-04739,CUST-44159,03/03/2026 02:29,web_chat,Enterprise,West Midlands,AGT-342,I would like to update my billing address to N10 8JU.
INT-2026-00804,CUST-65902,25/01/2026 12:02,call_transcript,Standard,Scotland,AGT-542,Why did my direct debit fail yesterday? I was charged a £25 penalty fee unfairly.
INT-2026-04545,,19/01/2026 10:30,email,Enterprise,Scotland,AGT-357,How do I update my password on the online customer portal?
INT-2026-04036,CUST-48509,27/03/2026 22:25,Email,Standard,Greater London,AGT-368,Can you send me a copy of my latest VAT invoice for last month?
INT-2026-01029,CUST-10746,30/05/2026 23:56,email,Small Business,North West,AGT-830,Can you send me a copy of my latest VAT invoice for last month?
INT-2026-00947,CUST-88606,27/03/2026 13:47,email,Small Business,Greater London,AGT-737,I lost my job last month and I simply cannot afford my direct debit payment of £150. My NI number is PN891918Y. Please help me reduce my bill.
INT-2026-03007,CUST-39573,1773792771,Call Transcript,Small Business,Wales,AGT-185,Please delete all my data and process my Subject Access Request under UK GDPR rules immediately. Contact me at caroleburgess@example.com.
INT-2026-00830,CUST-83419,18/05/2026 03:20,webchat,VIP,North West,AGT-748,What are your customer support opening hours over the bank holiday weekend?
INT-2026-03966,CUST-11472,,EMAIL,VIP,North West,AGT-590,Why did my direct debit fail yesterday? I was charged a £25 penalty fee unfairly.
INT-2026-03738,CUST-10974,17/02/2026 06:10,call_transcript,Standard,North West,AGT-416,Why did my direct debit fail yesterday? I was charged a £25 penalty fee unfairly.
INT-2026-04115,,19/03/2026 12:20,webchat,Small Business,Wales,AGT-362,Your company has breached GDPR by sending emails to the wrong recipient. I am reporting this to the Information Commissioner's Office (ICO).
INT-2026-02181,CUST-23911,06/01/2026 10:50,web_chat,Enterprise,East of England,AGT-395,Why did my direct debit fail yesterday? I was charged a £25 penalty fee unfairly.
INT-2026-02216,CUST-90604,24/04/2026 03:30,web_chat,Enterprise,Greater London,AGT-599,Can you send me a copy of my latest VAT invoice for last month?
INT-2026-00872,CUST-89168,1771333727,email,Small Business,Wales,AGT-632,???
INT-2026-00104,CUST-71474,13/03/2026 10:15,E-Mail,Small Business,Yorkshire & Humber,AGT-640,Why did my direct debit fail yesterday? I was charged a £25 penalty fee unfairly.
INT-2026-03850,CUST-59858,22/03/2026 12:27,CALL,Small Business,Greater London,AGT-566,Can someone explain the difference between the standard and enterprise tier plans?
INT-2026-02040,CUST-44028,30/01/2026 19:29,CALL,Enterprise,Yorkshire & Humber,AGT-820,
INT-2026-03902,CUST-89746,25/03/2026 17:51,web_chat,Enterprise,Scotland,AGT-728,How do I update my password on the online customer portal?
INT-2026-04198,CUST-42734,26/03/2026 05:14,E-Mail,Small Business,Greater London,AGT-406,How do I update my password on the online customer portal?
INT-2026-03093,CUST-36572,25/02/2026 08:38,CALL,Small Business,East of England,AGT-149,I was double billed for my monthly subscription on card 6011116821874060. Please process a refund.
INT-2026-01038,CUST-29079,13/03/2026 18:05,Email,Enterprise,West Midlands,AGT-956,I was double billed for my monthly subscription on card 30174312434530. Please process a refund.
INT-2026-00868,CUST-70806,31/01/2026 11:31,Call Transcript,Enterprise,Wales,AGT-575,How do I update my password on the online customer portal?
INT-2026-04757,CUST-50997,11/01/2026 23:09,EMAIL,Small Business,East of England,AGT-798,Disgusted by this scam service. I demand to speak with a senior manager immediately regarding my direct debit failure.
INT-2026-00142,CUST-74930,,Web Chat,Standard,West Midlands,AGT-391,Can you send me a copy of my latest VAT invoice for last month?
INT-2026-01049,CUST-88606,11/02/2026 10:27,Call Transcript,VIP,East of England,AGT-493,Can someone explain the difference between the standard and enterprise tier plans?
INT-2026-00926,CUST-42986,23/03/2026 11:41,web_chat,,East of England,AGT-925,Can you send me a copy of my latest VAT invoice for last month?
INT-2026-02856,CUST-51343,01/01/2026 10:20,call_transcript,VIP,Scotland,AGT-634,You have failed to address my issue for 3 weeks. I am filing an official grievance and taking this further to legal counsel.
INT-2026-04440,CUST-96746,06/03/2026 17:46,,VIP,Yorkshire & Humber,AGT-853,How do I update my password on the online customer portal?
INT-2026-02460,CUST-66504,18/04/2026 04:09,web_chat,Small Business,Yorkshire & Humber,AGT-274,Can you send me a copy of my latest VAT invoice for last month?
INT-2026-02655,CUST-98567,14/03/2026 20:10,Call Transcript,Enterprise,North West,AGT-840,Why did my direct debit fail yesterday? I was charged a £25 penalty fee unfairly.
INT-2026-00077,CUST-90694,07/01/2026 08:28,Web Chat,Enterprise,Greater London,AGT-802,Can you send me a copy of my latest VAT invoice for last month?
INT-2026-02292,,22/03/2026 06:21,email,VIP,East of England,AGT-580,Can you send me a copy of my latest VAT invoice for last month?
INT-2026-04098,CUST-27368,02/04/2026 03:37,webchat,Small Business,Yorkshire & Humber,AGT-295,I was double billed for my monthly subscription on card 4303247642263399. Please process a refund.
INT-2026-03666,CUST-11835,07/02/2026 23:04,Web Chat,Small Business,Greater London,AGT-107,I lost my job last month and I simply cannot afford my direct debit payment of £150. My NI number is LZ003429L. Please help me reduce my bill.
INT-2026-03162,CUST-48435,15/06/2026 11:22,Web Chat,Standard,West Midlands,AGT-353,I was double billed for my monthly subscription on card 639055541390. Please process a refund. [DUPLICATE SUBMISSION]
INT-2026-04815,CUST-82311,30/03/2026 13:47,CALL,Small Business,West Midlands,AGT-712,How do I update my password on the online customer portal?
INT-2026-04257,CUST-95322,30/01/2026 22:31,webchat,Small Business,Yorkshire & Humber,AGT-235,Can you send me a copy of my latest VAT invoice for last month?
INT-2026-04000,CUST-58784,28/05/2026 14:40,EMAIL,Small Business,North West,AGT-960,Can someone explain the difference between the standard and enterprise tier plans?
INT-2026-03534,CUST-17962,16/04/2026 04:21,E-Mail,Standard,Wales,AGT-791,You have failed to address my issue for 3 weeks. I am filing an official grievance and taking this further to legal counsel.
INT-2026-01184,CUST-30173,04/03/2026 03:50,email,Enterprise,East of England,AGT-636,I am currently in hospital due to severe illness and my pension payment hasn't come through. Please call me back on (029) 2018641.
INT-2026-02121,CUST-98449,30/05/2026 16:45,Email,Small Business,Yorkshire & Humber,AGT-153,You have failed to address my issue for 3 weeks. I am filing an official grievance and taking this further to legal counsel.
INT-2026-04540,CUST-85749,14/04/2026 23:08,web_chat,Enterprise,North West,AGT-477,Disgusted by this scam service. I demand to speak with a senior manager immediately regarding my direct debit failure.
INT-2026-01227,CUST-23949,31/03/2026 15:53,Web Chat,Standard,Greater London,AGT-312,My business went into administration. I cannot pay this invoice right now. Contact my legal representative at naomihudson@example.com.
INT-2026-02071,CUST-82981,1773604188,email,Small Business,North West,AGT-943,I lost my job last month and I simply cannot afford my direct debit payment of £150. My NI number is MV279434C. Please help me reduce my bill.
INT-2026-01666,CUST-53194,07/03/2026 21:52,call_transcript,VIP,East of England,AGT-561,Can you send me a copy of my latest VAT invoice for last month?
INT-2026-03891,CUST-71459,27/03/2026 01:44,CALL,Small Business,Wales,AGT-639,What are your customer support opening hours over the bank holiday weekend?
INT-2026-03513,CUST-83164,06/04/2026 10:05,Web Chat,Standard,Yorkshire & Humber,AGT-940,You have failed to address my issue for 3 weeks. I am filing an official grievance and taking this further to legal counsel.
INT-2026-00896,CUST-13032,1774395023,webchat,Enterprise,Greater London,AGT-679,Why did my direct debit fail yesterday? I was charged a £25 penalty fee unfairly.
INT-2026-01794,CUST-99760,15/01/2026 03:58,email,Enterprise,Greater London,AGT-290,Unacceptable service! Your agent was extremely rude. I demand an immediate refund of £85. My account number is linked to NI JG613719U.
INT-2026-03758,CUST-78217,16/03/2026 07:08,EMAIL,VIP,North West,AGT-767,How do I update my password on the online customer portal?
INT-2026-01260,CUST-11881,03/03/2026 02:49,Web Chat,Standard,Yorkshire & Humber,AGT-561,I would like to update my billing address to W77 2LU.
INT-2026-03303,CUST-59470,27/02/2026 04:31,Call Transcript,Standard,Wales,AGT-707,Can you send me a copy of my latest VAT invoice for last month?
INT-2026-00156,CUST-34101,16/02/2026 18:59,Call Transcript,Standard,Yorkshire & Humber,AGT-522,   
INT-2026-03639,CUST-73153,02/03/2026 07:59,EMAIL,Standard,East of England,AGT-489,What are your customer support opening hours over the bank holiday weekend?
INT-2026-01011,CUST-90788,07/01/2026 01:24,Email,Enterprise,Scotland,AGT-490,What are your customer support opening hours over the bank holiday weekend?
INT-2026-02903,CUST-75578,07/02/2026 11:11,,Small Business,West Midlands,AGT-118,I lost my job last month and I simply cannot afford my direct debit payment of £150. My NI number is SI294380A. Please help me reduce my bill.
INT-2026-00698,CUST-66479,16/02/2026 10:20,webchat,Small Business,Greater London,AGT-924,I'm experiencing severe financial hardship following a bereavement. I live at WC0 0HY and need urgent payment assistance.
INT-2026-01152,CUST-25181,01/01/2026 23:06,call_transcript,VIP,Scotland,AGT-983,What are your customer support opening hours over the bank holiday weekend?
INT-2026-00600,CUST-61229,12/05/2026 12:50,Email,VIP,Scotland,AGT-813,I lost my job last month and I simply cannot afford my direct debit payment of £150. My NI number is WI006298F. Please help me reduce my bill.
INT-2026-03704,CUST-58580,15/01/2026 18:18,,Enterprise,East of England,AGT-878,I'm experiencing severe financial hardship following a bereavement. I live at E97 2ZB and need urgent payment assistance.
INT-2026-01131,,15/03/2026 09:07,E-Mail,VIP,Scotland,AGT-486,Why did my direct debit fail yesterday? I was charged a £25 penalty fee unfairly.
INT-2026-00910,CUST-72349,15/04/2026 05:19,webchat,,Scotland,AGT-580,I would like to update my billing address to B55 7PT.
INT-2026-01324,CUST-10560,19/01/2026 08:13,CALL,Enterprise,West Midlands,AGT-663,Can you send me a copy of my latest VAT invoice for last month?
INT-2026-04767,CUST-72341,06/04/2026 05:12,Web Chat,Enterprise,Wales,AGT-474,I am issuing a formal right to be forgotten request. Erase all personal records linked to my phone number +44114 4960171.
INT-2026-03647,CUST-27508,05/04/2026 01:06,CALL,Small Business,Yorkshire & Humber,AGT-669,What are your customer support opening hours over the bank holiday weekend?
INT-2026-00446,CUST-86501,30/03/2026 07:42,,Enterprise,East of England,AGT-575,How do I update my password on the online customer portal?
INT-2026-00337,CUST-50587,15/04/2026 19:02,Call Transcript,Small Business,West Midlands,AGT-259,Please delete all my data and process my Subject Access Request under UK GDPR rules immediately. Contact me at austinhilary@example.com.
INT-2026-04039,CUST-27537,30/03/2026 13:35,E-Mail,Enterprise,East of England,AGT-114,I am issuing a formal right to be forgotten request. Erase all personal records linked to my phone number 02074960937.
INT-2026-02979,CUST-47739,24/04/2026 20:54,EMAIL,Standard,Wales,AGT-956,What are your customer support opening hours over the bank holiday weekend?
INT-2026-03335,CUST-40708,28/03/2026 18:08,call_transcript,Standard,West Midlands,AGT-348,I would like to update my billing address to E5 7WD.
INT-2026-01424,CUST-52749,11/05/2026 07:50,Web Chat,VIP,Yorkshire & Humber,AGT-982,Can someone explain the difference between the standard and enterprise tier plans?
INT-2026-04471,CUST-65202,10/01/2026 14:58,Web Chat,Enterprise,Wales,AGT-266,You have failed to address my issue for 3 weeks. I am filing an official grievance and taking this further to legal counsel.
INT-2026-03552,,28/01/2026 14:47,webchat,VIP,Greater London,AGT-754,What are your customer support opening hours over the bank holiday weekend?
INT-2026-00526,CUST-68918,27/02/2026 06:00,E-Mail,,East of England,AGT-967,Can someone explain the difference between the standard and enterprise tier plans?
INT-2026-02219,CUST-35916,05/01/2026 02:41,Call Transcript,Small Business,Greater London,AGT-426,I would like to update my billing address to KW0M 5YY.
INT-2026-00775,CUST-99383,18/04/2026 06:49,Email,Small Business,Yorkshire & Humber,AGT-241,I lost my job last month and I simply cannot afford my direct debit payment of £150. My NI number is DB547360W. Please help me reduce my bill.
INT-2026-04012,CUST-33774,16/04/2026 14:16,call_transcript,Small Business,West Midlands,AGT-573,I was double billed for my monthly subscription on card 2524281925794066. Please process a refund.
INT-2026-03111,CUST-42560,02/04/2026 08:55,E-Mail,Standard,Scotland,AGT-427,I would like to update my billing address to N7W 8ZA.
INT-2026-03287,CUST-52958,07/05/2026 14:55,email,Standard,West Midlands,AGT-436,How do I update my password on the online customer portal?
INT-2026-01419,CUST-30323,09/02/2026 01:18,email,VIP,West Midlands,AGT-291,Can you send me a copy of my latest VAT invoice for last month?
INT-2026-03120,CUST-57679,28/05/2026 12:18,Call Transcript,Enterprise,Scotland,AGT-258,
INT-2026-00551,CUST-33559,09/02/2026 23:07,Web Chat,Enterprise,Scotland,AGT-703,I lost my job last month and I simply cannot afford my direct debit payment of £150. My NI number is AT900163T. Please help me reduce my bill.
INT-2026-04295,CUST-70940,28/01/2026 09:31,web_chat,Standard,East of England,AGT-896,Disgusted by this scam service. I demand to speak with a senior manager immediately regarding my direct debit failure.
INT-2026-03591,CUST-48147,1777738984,E-Mail,Standard,East of England,AGT-858,???
INT-2026-03536,CUST-42638,1778993261,CALL,Enterprise,Yorkshire & Humber,AGT-247,I lost my job last month and I simply cannot afford my direct debit payment of £150. My NI number is IJ297160H. Please help me reduce my bill.
INT-2026-03602,CUST-39168,27/04/2026 21:06,webchat,Standard,North West,AGT-494,I am issuing a formal right to be forgotten request. Erase all personal records linked to my phone number (0117) 4960390.
INT-2026-00899,CUST-66675,22/04/2026 14:28,webchat,,West Midlands,AGT-537,Unacceptable service! Your agent was extremely rude. I demand an immediate refund of £85. My account number is linked to NI IB631864H.
INT-2026-03749,CUST-89973,19/04/2026 06:26,webchat,Enterprise,East of England,AGT-301,You have failed to address my issue for 3 weeks. I am filing an official grievance and taking this further to legal counsel.
INT-2026-03318,CUST-87341,30/05/2026 13:06,call_transcript,Small Business,West Midlands,AGT-642,How do I update my password on the online customer portal?
INT-2026-00738,CUST-85660,31/03/2026 12:12,email,VIP,West Midlands,AGT-129,Can you send me a copy of my latest VAT invoice for last month?
INT-2026-03175,CUST-78767,23/02/2026 19:46,E-Mail,Enterprise,Yorkshire & Humber,AGT-289,What are your customer support opening hours over the bank holiday weekend?
INT-2026-03445,CUST-85047,14/03/2026 10:53,EMAIL,Enterprise,East of England,AGT-909,Can you send me a copy of my latest VAT invoice for last month?
INT-2026-01877,CUST-49837,23/03/2026 14:48,web_chat,Standard,Yorkshire & Humber,AGT-290,I was double billed for my monthly subscription on card 3529852704973445. Please process a refund.
INT-2026-03890,CUST-69052,07/04/2026 17:52,Call Transcript,VIP,Wales,AGT-962,Your company has breached GDPR by sending emails to the wrong recipient. I am reporting this to the Information Commissioner's Office (ICO).
INT-2026-03807,CUST-63244,15/06/2026 11:22,Web Chat,Small Business,Yorkshire & Humber,AGT-543,I was double billed for my monthly subscription on card 3543739184945682. Please process a refund. [DUPLICATE SUBMISSION]
INT-2026-01738,CUST-26054,08/02/2026 03:34,webchat,Enterprise,East of England,AGT-384,What are your customer support opening hours over the bank holiday weekend?
INT-2026-00673,CUST-48252,23/02/2026 22:26,email,VIP,Wales,AGT-315,Why did my direct debit fail yesterday? I was charged a £25 penalty fee unfairly.
INT-2026-00856,CUST-58117,14/05/2026 06:47,CALL,Standard,Yorkshire & Humber,AGT-373,You have failed to address my issue for 3 weeks. I am filing an official grievance and taking this further to legal counsel.
INT-2026-00652,CUST-21814,22/05/2026 17:49,EMAIL,Standard,East of England,AGT-392,I was double billed for my monthly subscription on card 374783703175439. Please process a refund.
INT-2026-04613,CUST-84844,15/04/2026 08:07,CALL,Standard,Greater London,AGT-456,Please delete all my data and process my Subject Access Request under UK GDPR rules immediately. Contact me at june98@example.org.
INT-2026-03739,CUST-68061,12/03/2026 18:14,email,Small Business,Wales,AGT-644,I'm experiencing severe financial hardship following a bereavement. I live at L03 1WF and need urgent payment assistance.
INT-2026-00783,CUST-13584,26/03/2026 06:56,CALL,Standard,Yorkshire & Humber,AGT-497,ok thanks
INT-2026-04149,CUST-33716,09/02/2026 09:12,Email,Standard,West Midlands,AGT-519,What are your customer support opening hours over the bank holiday weekend?
INT-2026-01409,CUST-11105,22/01/2026 07:24,CALL,Enterprise,Wales,AGT-236,How do I update my password on the online customer portal?
INT-2026-03173,CUST-34193,25/03/2026 22:20,email,Small Business,North West,AGT-882,What are your customer support opening hours over the bank holiday weekend?
INT-2026-01589,CUST-53135,12/05/2026 07:33,web_chat,Small Business,North West,AGT-411,What are your customer support opening hours over the bank holiday weekend?
INT-2026-01399,CUST-28625,26/05/2026 07:58,webchat,Enterprise,Wales,AGT-396,"This is a formal complaint regarding my overcharged invoice. If you do not resolve this today, I will escalate to the Financial Ombudsman and FCA immediately. My postcode is N5 4BF."
INT-2026-01334,CUST-31260,1770631778,EMAIL,Small Business,Yorkshire & Humber,AGT-477,???
INT-2026-02048,CUST-79984,25/01/2026 08:13,Web Chat,Standard,East of England,AGT-151,Why did my direct debit fail yesterday? I was charged a £25 penalty fee unfairly.
INT-2026-03259,,30/04/2026 10:16,Email,Standard,West Midlands,AGT-759,"<html><body><p>Hello support team, I need help logging in.</p></body></html>"
INT-2026-02859,CUST-72014,15/06/2026 11:22,E-Mail,Enterprise,Yorkshire & Humber,AGT-320,I'm experiencing severe financial hardship following a bereavement. I live at NW4 2UT and need urgent payment assistance. [DUPLICATE SUBMISSION]
INT-2026-02489,CUST-40411,24/03/2026 04:32,web_chat,Small Business,Scotland,AGT-913,Can someone explain the difference between the standard and enterprise tier plans?
INT-2026-00291,CUST-37941,21/01/2026 04:20,webchat,Small Business,East of England,AGT-936,What are your customer support opening hours over the bank holiday weekend?
INT-2026-01535,CUST-49546,1779064909,web_chat,Enterprise,West Midlands,AGT-889,Can someone explain the difference between the standard and enterprise tier plans?
INT-2026-01957,,22/05/2026 11:52,call_transcript,VIP,Greater London,AGT-196,I would like to update my billing address to E5W 3LQ.
INT-2026-00679,CUST-45082,03/01/2026 14:54,CALL,Enterprise,Wales,AGT-824,I am currently in hospital due to severe illness and my pension payment hasn't come through. Please call me back on (0117) 4960371.
INT-2026-03487,CUST-33921,1775990829,webchat,Small Business,Yorkshire & Humber,AGT-478,Why did my direct debit fail yesterday? I was charged a £25 penalty fee unfairly.
INT-2026-01675,,02/04/2026 06:08,web_chat,Small Business,North West,AGT-146,I would like to update my billing address to CW6 7XH.
INT-2026-03816,CUST-86357,17/02/2026 07:28,Call Transcript,Small Business,Scotland,AGT-548,What are your customer support opening hours over the bank holiday weekend?
INT-2026-00116,CUST-56210,23/02/2026 07:31,webchat,Small Business,West Midlands,AGT-625,What are your customer support opening hours over the bank holiday weekend?
INT-2026-02635,CUST-44221,13/04/2026 17:28,EMAIL,VIP,Greater London,AGT-447,   
INT-2026-04042,CUST-36997,15/03/2026 09:11,EMAIL,Standard,Scotland,AGT-924,Can you send me a copy of my latest VAT invoice for last month?
INT-2026-01329,CUST-57173,,E-Mail,Standard,North West,AGT-136,How do I update my password on the online customer portal?
INT-2026-02941,CUST-91866,16/04/2026 12:41,Call Transcript,VIP,Yorkshire & Humber,AGT-103,You have failed to address my issue for 3 weeks. I am filing an official grievance and taking this further to legal counsel.
INT-2026-00593,CUST-26926,25/05/2026 07:17,Call Transcript,VIP,West Midlands,AGT-542,Can someone explain the difference between the standard and enterprise tier plans?
INT-2026-00869,CUST-64823,01/05/2026 04:10,Email,Small Business,Greater London,AGT-432,What are your customer support opening hours over the bank holiday weekend?
INT-2026-03701,CUST-80846,27/04/2026 17:06,Web Chat,VIP,Greater London,AGT-314,What are your customer support opening hours over the bank holiday weekend?
INT-2026-04016,CUST-49480,16/05/2026 20:35,EMAIL,Standard,West Midlands,AGT-235,Why did my direct debit fail yesterday? I was charged a £25 penalty fee unfairly.
INT-2026-01022,CUST-50180,28/02/2026 19:25,webchat,Standard,Greater London,AGT-131,Please delete all my data and process my Subject Access Request under UK GDPR rules immediately. Contact me at kchadwick@example.com.
INT-2026-02611,CUST-99080,26/05/2026 11:59,,Small Business,Scotland,AGT-913,Can someone explain the difference between the standard and enterprise tier plans?
INT-2026-00667,CUST-57367,13/04/2026 16:40,CALL,Standard,Greater London,AGT-233,How do I update my password on the online customer portal?
INT-2026-04563,CUST-20435,05/01/2026 12:40,E-Mail,Enterprise,West Midlands,AGT-259,What are your customer support opening hours over the bank holiday weekend?
INT-2026-02082,CUST-35513,28/04/2026 14:27,call_transcript,Enterprise,East of England,AGT-513,I am currently in hospital due to severe illness and my pension payment hasn't come through. Please call me back on +44121 4960691.
INT-2026-04430,CUST-45906,17/04/2026 03:29,CALL,VIP,West Midlands,AGT-413,Can someone explain the difference between the standard and enterprise tier plans?
INT-2026-00182,CUST-22795,03/03/2026 22:13,Call Transcript,Standard,Wales,AGT-451,What are your customer support opening hours over the bank holiday weekend?
INT-2026-03999,CUST-16754,09/01/2026 08:48,E-Mail,Enterprise,Greater London,AGT-899,Can you send me a copy of my latest VAT invoice for last month?
INT-2026-00839,CUST-38511,16/01/2026 18:46,Call Transcript,VIP,East of England,AGT-873,I would like to update my billing address to WR8A 0HH.
INT-2026-03959,,10/05/2026 15:50,Web Chat,VIP,North West,AGT-692,Unacceptable service! Your agent was extremely rude. I demand an immediate refund of £85. My account number is linked to NI SG571694U.
INT-2026-03914,CUST-82892,26/01/2026 04:16,CALL,Small Business,West Midlands,AGT-324,Why did my direct debit fail yesterday? I was charged a £25 penalty fee unfairly.
INT-2026-04209,CUST-55100,11/02/2026 02:07,email,VIP,Wales,AGT-959,Please delete all my data and process my Subject Access Request under UK GDPR rules immediately. Contact me at ryan89@example.org.
INT-2026-00891,CUST-12553,10/02/2026 12:11,E-Mail,Small Business,Wales,AGT-491,Your company has breached GDPR by sending emails to the wrong recipient. I am reporting this to the Information Commissioner's Office (ICO).
INT-2026-00376,CUST-11967,13/02/2026 05:10,webchat,Small Business,Wales,AGT-731,I was double billed for my monthly subscription on card 30444835488473. Please process a refund.
INT-2026-04331,CUST-58743,18/04/2026 22:37,web_chat,Small Business,Yorkshire & Humber,AGT-402,What are your customer support opening hours over the bank holiday weekend?
INT-2026-02358,CUST-87484,16/05/2026 07:36,E-Mail,Small Business,Greater London,AGT-272,Why did my direct debit fail yesterday? I was charged a £25 penalty fee unfairly.
INT-2026-01092,CUST-22062,1770401529,webchat,Standard,Greater London,AGT-266,Unacceptable service! Your agent was extremely rude. I demand an immediate refund of £85. My account number is linked to NI GS712666G.
INT-2026-03852,CUST-21525,19/01/2026 16:44,Web Chat,Small Business,Greater London,AGT-470,My business went into administration. I cannot pay this invoice right now. Contact my legal representative at kayleigh90@example.org.
INT-2026-00275,CUST-72014,20/05/2026 00:23,web_chat,Standard,West Midlands,AGT-463,I would like to update my billing address to FK0Y 3ZS.
INT-2026-02437,CUST-74980,23/02/2026 21:23,EMAIL,Standard,Greater London,AGT-676,Your company has breached GDPR by sending emails to the wrong recipient. I am reporting this to the Information Commissioner's Office (ICO).
INT-2026-04777,CUST-47816,,Call Transcript,Enterprise,North West,AGT-298,   
INT-2026-04747,CUST-23650,07/02/2026 01:22,email,Standard,West Midlands,AGT-329,What are your customer support opening hours over the bank holiday weekend?
INT-2026-02400,CUST-81217,11/04/2026 17:35,Call Transcript,VIP,Yorkshire & Humber,AGT-404,I am issuing a formal right to be forgotten request. Erase all personal records linked to my phone number (0161)4960718.
INT-2026-04239,CUST-33045,04/05/2026 10:53,Call Transcript,Enterprise,East of England,AGT-386,Why did my direct debit fail yesterday? I was charged a £25 penalty fee unfairly.
INT-2026-00032,CUST-91167,11/05/2026 15:27,E-Mail,Small Business,Yorkshire & Humber,AGT-970,Can someone explain the difference between the standard and enterprise tier plans?
INT-2026-03528,CUST-34613,19/02/2026 00:31,Email,Enterprise,West Midlands,AGT-485,I would like to update my billing address to TN21 1PQ.
INT-2026-02391,CUST-44753,26/03/2026 17:39,EMAIL,Small Business,Greater London,AGT-257,Your company has breached GDPR by sending emails to the wrong recipient. I am reporting this to the Information Commissioner's Office (ICO).
INT-2026-00281,CUST-33306,18/05/2026 22:29,web_chat,Small Business,East of England,AGT-865,I would like to update my billing address to CH4 4QS.
INT-2026-01191,CUST-85623,04/04/2026 10:38,EMAIL,Enterprise,Yorkshire & Humber,AGT-341,"This is a formal complaint regarding my overcharged invoice. If you do not resolve this today, I will escalate to the Financial Ombudsman and FCA immediately. My postcode is GY5W 1EX."
INT-2026-01930,CUST-14236,21/04/2026 20:56,Email,Enterprise,East of England,AGT-618,You have failed to address my issue for 3 weeks. I am filing an official grievance and taking this further to legal counsel.
INT-2026-01797,CUST-45353,1775416868,webchat,VIP,East of England,AGT-243,Can someone explain the difference between the standard and enterprise tier plans?
INT-2026-01521,CUST-30267,12/05/2026 10:19,E-Mail,Small Business,Scotland,AGT-893,Unacceptable service! Your agent was extremely rude. I demand an immediate refund of £85. My account number is linked to NI FN896910J.
INT-2026-04097,CUST-25420,03/04/2026 05:13,email,Enterprise,West Midlands,AGT-740,I lost my job last month and I simply cannot afford my direct debit payment of £150. My NI number is ZZ708005F. Please help me reduce my bill.
INT-2026-03441,CUST-60009,02/05/2026 11:43,web_chat,VIP,Scotland,AGT-617,I am issuing a formal right to be forgotten request. Erase all personal records linked to my phone number 0151 4960398.
INT-2026-01663,CUST-94631,12/04/2026 12:02,EMAIL,Small Business,East of England,AGT-688,I would like to update my billing address to SP7R 8SR.
INT-2026-00638,CUST-54366,02/05/2026 17:54,email,Enterprise,East of England,AGT-710,???
INT-2026-03164,CUST-72372,14/02/2026 08:14,Web Chat,Standard,Yorkshire & Humber,AGT-782,ok thanks
INT-2026-03061,CUST-83523,20/04/2026 11:24,web_chat,Enterprise,West Midlands,AGT-267,   
INT-2026-00905,CUST-56488,13/01/2026 16:20,Web Chat,Standard,East of England,AGT-759,Can someone explain the difference between the standard and enterprise tier plans?
INT-2026-04395,CUST-92795,05/05/2026 07:44,E-Mail,Standard,West Midlands,AGT-341,Why did my direct debit fail yesterday? I was charged a £25 penalty fee unfairly.
INT-2026-01344,CUST-11038,01/03/2026 11:41,CALL,VIP,West Midlands,AGT-905,Can someone explain the difference between the standard and enterprise tier plans?
INT-2026-01684,CUST-81910,27/05/2026 22:40,CALL,VIP,Greater London,AGT-969,SELECT * FROM users WHERE customer_id = 'CUST-101' OR 1=1;
INT-2026-00983,CUST-10503,10/02/2026 19:41,E-Mail,VIP,Scotland,AGT-937,Disgusted by this scam service. I demand to speak with a senior manager immediately regarding my direct debit failure.
INT-2026-01839,CUST-78889,07/05/2026 12:09,Email,VIP,West Midlands,AGT-376,Can you send me a copy of my latest VAT invoice for last month?
INT-2026-02559,CUST-66508,12/03/2026 06:10,call_transcript,Small Business,Wales,AGT-795,Disgusted by this scam service. I demand to speak with a senior manager immediately regarding my direct debit failure.
INT-2026-02383,CUST-93635,13/04/2026 04:34,E-Mail,VIP,Wales,AGT-794,Unacceptable service! Your agent was extremely rude. I demand an immediate refund of £85. My account number is linked to NI RL823344P.
INT-2026-03341,,03/02/2026 02:42,Web Chat,VIP,Greater London,AGT-540,Your company has breached GDPR by sending emails to the wrong recipient. I am reporting this to the Information Commissioner's Office (ICO).
INT-2026-02620,CUST-82895,03/05/2026 11:31,E-Mail,Standard,Scotland,AGT-855,How do I update my password on the online customer portal?
INT-2026-02246,CUST-67594,18/05/2026 05:37,EMAIL,Small Business,Yorkshire & Humber,AGT-490,I'm experiencing severe financial hardship following a bereavement. I live at PO2 0AP and need urgent payment assistance.
INT-2026-03849,CUST-45551,28/04/2026 09:48,webchat,VIP,Wales,AGT-634,I was double billed for my monthly subscription on card 4427065510865471537. Please process a refund.
INT-2026-03135,CUST-33150,20/04/2026 20:17,,Enterprise,Greater London,AGT-176,I would like to update my billing address to FY0W 6AG.
INT-2026-04601,,23/05/2026 20:16,CALL,Standard,West Midlands,AGT-985,You have failed to address my issue for 3 weeks. I am filing an official grievance and taking this further to legal counsel.
INT-2026-02569,CUST-57884,09/01/2026 01:14,CALL,Enterprise,Wales,AGT-840,Your company has breached GDPR by sending emails to the wrong recipient. I am reporting this to the Information Commissioner's Office (ICO).
INT-2026-01478,CUST-86466,01/04/2026 06:20,web_chat,VIP,West Midlands,AGT-917,Why did my direct debit fail yesterday? I was charged a £25 penalty fee unfairly.
INT-2026-02363,CUST-62810,21/05/2026 02:58,email,Standard,East of England,AGT-383,How do I update my password on the online customer portal?
INT-2026-04778,CUST-96754,02/02/2026 16:54,CALL,Standard,East of England,AGT-182,Can someone explain the difference between the standard and enterprise tier plans?
INT-2026-01763,CUST-13828,04/01/2026 08:07,call_transcript,Enterprise,Wales,AGT-829,What are your customer support opening hours over the bank holiday weekend?
INT-2026-00700,CUST-43557,07/05/2026 06:34,Call Transcript,Enterprise,Wales,AGT-393,Can you send me a copy of my latest VAT invoice for last month?
INT-2026-00716,CUST-35252,11/01/2026 00:23,webchat,VIP,Scotland,AGT-425,I was double billed for my monthly subscription on card 180084196233262. Please process a refund.
INT-2026-00796,CUST-54770,21/03/2026 07:45,EMAIL,VIP,North West,AGT-997,Why did my direct debit fail yesterday? I was charged a £25 penalty fee unfairly.
INT-2026-01581,CUST-44894,01/01/2026 14:58,Email,Enterprise,Scotland,AGT-859,What are your customer support opening hours over the bank holiday weekend?
INT-2026-03761,CUST-69897,07/04/2026 08:40,E-Mail,VIP,North West,AGT-764,Why did my direct debit fail yesterday? I was charged a £25 penalty fee unfairly.
INT-2026-04202,CUST-98171,28/02/2026 06:05,Call Transcript,Enterprise,West Midlands,AGT-226,I am currently in hospital due to severe illness and my pension payment hasn't come through. Please call me back on +44909 879 0664.
INT-2026-02993,,10/04/2026 06:09,web_chat,Standard,Wales,AGT-324,Can you send me a copy of my latest VAT invoice for last month?
INT-2026-01563,CUST-16470,05/04/2026 04:47,Call Transcript,VIP,West Midlands,AGT-809,What are your customer support opening hours over the bank holiday weekend?
INT-2026-03171,CUST-11808,1777366058,call_transcript,Enterprise,Scotland,AGT-619,How do I update my password on the online customer portal?
INT-2026-03622,CUST-38596,1767927517,CALL,Standard,Wales,AGT-659,Can someone explain the difference between the standard and enterprise tier plans?
INT-2026-02997,CUST-87799,11/01/2026 07:00,webchat,Enterprise,North West,AGT-449,Why did my direct debit fail yesterday? I was charged a £25 penalty fee unfairly.
INT-2026-02467,CUST-29339,18/03/2026 14:40,Web Chat,VIP,Greater London,AGT-242,I am issuing a formal right to be forgotten request. Erase all personal records linked to my phone number 01514960935.
INT-2026-02032,CUST-27047,15/01/2026 14:16,E-Mail,Enterprise,Yorkshire & Humber,AGT-510,SELECT * FROM users WHERE customer_id = 'CUST-101' OR 1=1;
INT-2026-04093,CUST-64508,20/02/2026 01:45,call_transcript,Small Business,Scotland,AGT-676,How do I update my password on the online customer portal?
INT-2026-04366,CUST-40305,31/03/2026 20:07,CALL,Small Business,Scotland,AGT-174,"This is a formal complaint regarding my overcharged invoice. If you do not resolve this today, I will escalate to the Financial Ombudsman and FCA immediately. My postcode is S3W 5EA."
INT-2026-01456,CUST-51036,,call_transcript,Standard,Wales,AGT-956,What are your customer support opening hours over the bank holiday weekend?
INT-2026-02381,CUST-28354,11/04/2026 10:13,webchat,Standard,Yorkshire & Humber,AGT-343,How do I update my password on the online customer portal?
INT-2026-03224,CUST-77241,27/04/2026 19:43,call_transcript,VIP,West Midlands,AGT-997,I would like to update my billing address to E1 9LZ.
INT-2026-02073,CUST-78213,03/05/2026 02:28,CALL,Enterprise,Yorkshire & Humber,AGT-661,Disgusted by this scam service. I demand to speak with a senior manager immediately regarding my direct debit failure.
INT-2026-04203,CUST-42816,05/04/2026 07:47,E-Mail,Small Business,Yorkshire & Humber,AGT-439,I was double billed for my monthly subscription on card 4600330897290935. Please process a refund.
INT-2026-03313,CUST-58056,18/05/2026 22:28,EMAIL,Small Business,Greater London,AGT-931,Unacceptable service! Your agent was extremely rude. I demand an immediate refund of £85. My account number is linked to NI GD704586X.
INT-2026-00456,CUST-29391,1769953535,call_transcript,VIP,Scotland,AGT-427,You have failed to address my issue for 3 weeks. I am filing an official grievance and taking this further to legal counsel.
INT-2026-00229,CUST-52284,23/05/2026 05:00,email,VIP,East of England,AGT-675,I would like to update my billing address to L1F 5TE.
INT-2026-03963,CUST-25355,1779916212,call_transcript,VIP,East of England,AGT-152,How do I update my password on the online customer portal?
INT-2026-01117,CUST-88423,09/01/2026 13:50,E-Mail,Standard,Wales,AGT-601,What are your customer support opening hours over the bank holiday weekend?
INT-2026-04816,CUST-72014,16/05/2026 14:15,Call Transcript,VIP,West Midlands,AGT-831,I am issuing a formal right to be forgotten request. Erase all personal records linked to my phone number +44(0)114 4960491.
INT-2026-01439,CUST-18911,15/02/2026 23:42,Call Transcript,VIP,Scotland,AGT-890,Your company has breached GDPR by sending emails to the wrong recipient. I am reporting this to the Information Commissioner's Office (ICO).
INT-2026-04544,CUST-10391,09/04/2026 07:00,webchat,VIP,North West,AGT-172,What are your customer support opening hours over the bank holiday weekend?
INT-2026-03979,CUST-25345,21/03/2026 14:04,Email,VIP,Scotland,AGT-455,I would like to update my billing address to WV42 7ZQ.
INT-2026-00967,CUST-26387,10/02/2026 09:49,web_chat,Small Business,Scotland,AGT-574,I was double billed for my monthly subscription on card 4997833150322. Please process a refund.
INT-2026-01204,CUST-69772,09/03/2026 23:31,email,Enterprise,Scotland,AGT-238,Can you send me a copy of my latest VAT invoice for last month?
INT-2026-03784,CUST-87743,26/03/2026 08:50,webchat,Enterprise,North West,AGT-171,I am currently in hospital due to severe illness and my pension payment hasn't come through. Please call me back on 0131 496 0587.
INT-2026-00017,CUST-62565,,email,Small Business,West Midlands,AGT-533,Can someone explain the difference between the standard and enterprise tier plans?
INT-2026-01712,CUST-12116,30/04/2026 06:41,Call Transcript,Standard,West Midlands,AGT-400,I am currently in hospital due to severe illness and my pension payment hasn't come through. Please call me back on +44(0)29 2018 0149.
INT-2026-03613,CUST-47146,06/05/2026 09:12,EMAIL,VIP,North West,AGT-549,How do I update my password on the online customer portal?
INT-2026-03189,CUST-91194,08/01/2026 06:54,webchat,Small Business,Scotland,AGT-755,I lost my job last month and I simply cannot afford my direct debit payment of £150. My NI number is YW136998C. Please help me reduce my bill.
INT-2026-02236,CUST-75203,22/05/2026 09:08,call_transcript,Standard,West Midlands,AGT-889,Can someone explain the difference between the standard and enterprise tier plans?
INT-2026-03868,CUST-44024,23/02/2026 03:43,EMAIL,Small Business,Scotland,AGT-896,Disgusted by this scam service. I demand to speak with a senior manager immediately regarding my direct debit failure.
INT-2026-01172,CUST-15636,25/03/2026 17:21,EMAIL,Enterprise,Wales,AGT-204,Can you send me a copy of my latest VAT invoice for last month?
INT-2026-03394,CUST-68930,03/04/2026 01:20,Call Transcript,Small Business,Greater London,AGT-181,I was double billed for my monthly subscription on card 3578374643803674. Please process a refund.
INT-2026-03796,CUST-54771,23/01/2026 18:38,E-Mail,VIP,Scotland,AGT-712,Can you send me a copy of my latest VAT invoice for last month?
INT-2026-03711,CUST-90845,16/04/2026 02:05,Email,Small Business,North West,AGT-647,I lost my job last month and I simply cannot afford my direct debit payment of £150. My NI number is LV940583K. Please help me reduce my bill.
INT-2026-04566,CUST-41998,16/05/2026 05:59,E-Mail,Standard,Yorkshire & Humber,AGT-284,How do I update my password on the online customer portal?
INT-2026-03746,CUST-24118,19/01/2026 18:37,webchat,VIP,East of England,AGT-443,Why did my direct debit fail yesterday? I was charged a £25 penalty fee unfairly.
INT-2026-04848,CUST-17973,04/05/2026 16:43,webchat,VIP,Wales,AGT-378,I lost my job last month and I simply cannot afford my direct debit payment of £150. My NI number is IZ265849R. Please help me reduce my bill.
INT-2026-01829,CUST-64677,30/05/2026 13:55,E-Mail,Standard,North West,AGT-240,Can someone explain the difference between the standard and enterprise tier plans?
INT-2026-02286,CUST-49038,12/05/2026 18:13,CALL,Standard,East of England,AGT-100,You have failed to address my issue for 3 weeks. I am filing an official grievance and taking this further to legal counsel.
INT-2026-03393,CUST-18439,30/05/2026 09:23,call_transcript,VIP,Scotland,AGT-408,Why did my direct debit fail yesterday? I was charged a £25 penalty fee unfairly.
INT-2026-00601,CUST-16870,30/05/2026 23:41,Email,VIP,Greater London,AGT-116,Why did my direct debit fail yesterday? I was charged a £25 penalty fee unfairly.
INT-2026-00524,CUST-98487,18/01/2026 00:24,Web Chat,Standard,East of England,AGT-292,What are your customer support opening hours over the bank holiday weekend?
INT-2026-02426,CUST-14524,1772644536,EMAIL,Standard,Yorkshire & Humber,AGT-326,Disgusted by this scam service. I demand to speak with a senior manager immediately regarding my direct debit failure.
INT-2026-01452,CUST-80837,29/03/2026 17:47,CALL,Enterprise,West Midlands,AGT-436,I would like to update my billing address to G5U 7WH.
INT-2026-00253,CUST-44003,17/03/2026 09:29,webchat,Enterprise,East of England,AGT-830,Disgusted by this scam service. I demand to speak with a senior manager immediately regarding my direct debit failure.
INT-2026-00205,CUST-17925,09/04/2026 08:58,webchat,Small Business,Greater London,AGT-755,Can you send me a copy of my latest VAT invoice for last month?
INT-2026-03496,CUST-65849,23/05/2026 19:25,Email,Small Business,Scotland,AGT-861,I am issuing a formal right to be forgotten request. Erase all personal records linked to my phone number 0113 4960488.
INT-2026-00050,,09/01/2026 20:07,Web Chat,Small Business,Greater London,AGT-993,I'm experiencing severe financial hardship following a bereavement. I live at W55 1YF and need urgent payment assistance.
INT-2026-00917,CUST-69318,09/04/2026 00:10,EMAIL,VIP,Wales,AGT-796,"This is a formal complaint regarding my overcharged invoice. If you do not resolve this today, I will escalate to the Financial Ombudsman and FCA immediately. My postcode is L9 2UA."
INT-2026-00794,CUST-57443,26/05/2026 06:48,web_chat,Small Business,West Midlands,AGT-181,Can you send me a copy of my latest VAT invoice for last month?
INT-2026-03032,CUST-24128,17/04/2026 21:56,CALL,Standard,North West,AGT-303,I am currently in hospital due to severe illness and my pension payment hasn't come through. Please call me back on (0909)8790927.
INT-2026-04639,CUST-80487,16/03/2026 09:22,Call Transcript,Enterprise,Greater London,AGT-309,Your company has breached GDPR by sending emails to the wrong recipient. I am reporting this to the Information Commissioner's Office (ICO).
INT-2026-02423,CUST-60209,09/02/2026 08:13,CALL,VIP,Wales,AGT-812,How do I update my password on the online customer portal?
INT-2026-01151,CUST-76725,22/04/2026 01:54,webchat,VIP,Yorkshire & Humber,AGT-315,ok thanks
INT-2026-01660,CUST-75984,1777798173,email,Enterprise,East of England,AGT-154,Disgusted by this scam service. I demand to speak with a senior manager immediately regarding my direct debit failure.
INT-2026-04174,CUST-39450,17/05/2026 06:36,EMAIL,Enterprise,Wales,AGT-939,I was double billed for my monthly subscription on card 4138303224677885. Please process a refund.
INT-2026-01434,CUST-26105,27/02/2026 09:43,Web Chat,Standard,Scotland,AGT-595,I am issuing a formal right to be forgotten request. Erase all personal records linked to my phone number 0808 1570438.
INT-2026-04648,CUST-94852,14/04/2026 11:00,Email,Small Business,Greater London,AGT-506,Can you send me a copy of my latest VAT invoice for last month?
INT-2026-00800,CUST-52000,21/05/2026 07:14,call_transcript,Enterprise,Greater London,AGT-677,Can you send me a copy of my latest VAT invoice for last month?
INT-2026-02132,CUST-40266,06/02/2026 23:19,,VIP,Scotland,AGT-438,How do I update my password on the online customer portal?
INT-2026-03956,CUST-37778,06/05/2026 00:35,Web Chat,Small Business,North West,AGT-244,SELECT * FROM users WHERE customer_id = 'CUST-101' OR 1=1;
INT-2026-03620,CUST-87909,13/01/2026 05:33,Email,Small Business,Scotland,AGT-861,How do I update my password on the online customer portal?
INT-2026-00996,CUST-74348,13/01/2026 23:53,Web Chat,VIP,West Midlands,AGT-968,Can someone explain the difference between the standard and enterprise tier plans?
INT-2026-00332,CUST-31964,23/03/2026 21:48,web_chat,VIP,West Midlands,AGT-333,Your company has breached GDPR by sending emails to the wrong recipient. I am reporting this to the Information Commissioner's Office (ICO).
INT-2026-02480,CUST-65025,08/04/2026 13:01,Call Transcript,VIP,Wales,AGT-794,"This is a formal complaint regarding my overcharged invoice. If you do not resolve this today, I will escalate to the Financial Ombudsman and FCA immediately. My postcode is E1S 4RL."
INT-2026-04657,CUST-92480,29/05/2026 08:51,CALL,Standard,Wales,AGT-217,Please delete all my data and process my Subject Access Request under UK GDPR rules immediately. Contact me at naylormary@example.com.
INT-2026-00506,CUST-48036,30/04/2026 22:35,E-Mail,Standard,Greater London,AGT-580,You have failed to address my issue for 3 weeks. I am filing an official grievance and taking this further to legal counsel.
INT-2026-00460,CUST-58867,08/03/2026 23:26,,Small Business,East of England,AGT-525,I would like to update my billing address to DE0E 6DU.
INT-2026-04829,CUST-57708,19/04/2026 15:05,email,VIP,North West,AGT-432,I am issuing a formal right to be forgotten request. Erase all personal records linked to my phone number +44(0)909 879 0319.
INT-2026-01069,CUST-71463,23/04/2026 01:13,Web Chat,Enterprise,Yorkshire & Humber,AGT-259,I would like to update my billing address to S4F 9QZ.
INT-2026-02529,CUST-56674,21/04/2026 06:06,call_transcript,Standard,East of England,AGT-929,I was double billed for my monthly subscription on card 6550990701943055. Please process a refund.
INT-2026-00952,CUST-47643,13/04/2026 10:33,Email,VIP,East of England,AGT-421,How do I update my password on the online customer portal?
INT-2026-02446,CUST-69252,25/01/2026 18:21,email,Small Business,West Midlands,AGT-108,I would like to update my billing address to L80 2TB.
INT-2026-04683,CUST-74151,25/05/2026 08:41,call_transcript,Enterprise,Yorkshire & Humber,AGT-499,Can someone explain the difference between the standard and enterprise tier plans?
INT-2026-02023,CUST-11365,14/05/2026 01:38,Web Chat,,Scotland,AGT-488,What are your customer support opening hours over the bank holiday weekend?
INT-2026-01217,CUST-70338,11/01/2026 09:20,email,Small Business,Scotland,AGT-207,Unacceptable service! Your agent was extremely rude. I demand an immediate refund of £85. My account number is linked to NI RL815016Q.
INT-2026-00391,CUST-61910,06/01/2026 15:41,CALL,Small Business,Scotland,AGT-916,I am currently in hospital due to severe illness and my pension payment hasn't come through. Please call me back on (0909) 879 0340.
INT-2026-00877,CUST-30749,03/04/2026 06:59,Web Chat,VIP,North West,AGT-722,I am issuing a formal right to be forgotten request. Erase all personal records linked to my phone number (0114)4960971.
INT-2026-00297,CUST-98039,08/02/2026 08:01,EMAIL,VIP,Greater London,AGT-391,What are your customer support opening hours over the bank holiday weekend?
INT-2026-02564,CUST-62090,25/03/2026 21:23,CALL,Enterprise,East of England,AGT-862,Can you send me a copy of my latest VAT invoice for last month?
INT-2026-00862,CUST-96142,31/03/2026 19:07,Web Chat,Standard,East of England,AGT-432,You have failed to address my issue for 3 weeks. I am filing an official grievance and taking this further to legal counsel.
INT-2026-03605,CUST-65938,13/03/2026 02:42,email,Small Business,Greater London,AGT-732,Can someone explain the difference between the standard and enterprise tier plans?
INT-2026-01594,CUST-10796,29/04/2026 14:16,Web Chat,VIP,Greater London,AGT-790,I would like to update my billing address to G2F 7LU.
INT-2026-02311,CUST-27270,12/05/2026 22:55,E-Mail,Enterprise,West Midlands,AGT-697,Can someone explain the difference between the standard and enterprise tier plans?
INT-2026-04756,CUST-80202,21/02/2026 15:49,webchat,Enterprise,West Midlands,AGT-312,Please delete all my data and process my Subject Access Request under UK GDPR rules immediately. Contact me at fgreen@example.com.
INT-2026-01328,CUST-27730,12/01/2026 11:42,email,VIP,East of England,AGT-234,How do I update my password on the online customer portal?
INT-2026-01118,CUST-23119,14/02/2026 12:45,CALL,Enterprise,Wales,AGT-563,Why did my direct debit fail yesterday? I was charged a £25 penalty fee unfairly.
INT-2026-00599,CUST-70470,08/05/2026 13:56,call_transcript,VIP,North West,AGT-958,I lost my job last month and I simply cannot afford my direct debit payment of £150. My NI number is CR983211L. Please help me reduce my bill.
INT-2026-04783,CUST-76481,22/05/2026 21:57,EMAIL,VIP,West Midlands,AGT-849,What are your customer support opening hours over the bank holiday weekend?
INT-2026-04272,CUST-35112,25/02/2026 16:22,EMAIL,VIP,Yorkshire & Humber,AGT-612,I would like to update my billing address to IG2 1GB.
INT-2026-00266,CUST-69867,21/02/2026 06:54,Web Chat,Standard,Wales,AGT-397,Can you send me a copy of my latest VAT invoice for last month?
INT-2026-01543,CUST-48604,14/03/2026 05:24,call_transcript,VIP,Greater London,AGT-483,"This is a formal complaint regarding my overcharged invoice. If you do not resolve this today, I will escalate to the Financial Ombudsman and FCA immediately. My postcode is B0 4YZ."
INT-2026-01133,CUST-37252,30/04/2026 06:25,CALL,,Yorkshire & Humber,AGT-897,What are your customer support opening hours over the bank holiday weekend?
INT-2026-00240,CUST-84905,29/01/2026 15:09,CALL,VIP,Wales,AGT-297,Disgusted by this scam service. I demand to speak with a senior manager immediately regarding my direct debit failure.
INT-2026-02248,CUST-43843,08/04/2026 05:47,webchat,VIP,Scotland,AGT-562,I'm experiencing severe financial hardship following a bereavement. I live at IG9P 8HW and need urgent payment assistance.
INT-2026-01221,CUST-55871,25/05/2026 02:29,EMAIL,Enterprise,North West,AGT-897,Can someone explain the difference between the standard and enterprise tier plans?
INT-2026-01551,CUST-74127,,CALL,Small Business,West Midlands,AGT-935,My business went into administration. I cannot pay this invoice right now. Contact my legal representative at owhitehouse@example.org.
INT-2026-04340,CUST-93673,03/01/2026 21:17,Call Transcript,Enterprise,East of England,AGT-465,I am issuing a formal right to be forgotten request. Erase all personal records linked to my phone number +44(0)28 9018218.
INT-2026-01387,CUST-16569,06/05/2026 13:31,EMAIL,Enterprise,North West,AGT-138,I am issuing a formal right to be forgotten request. Erase all personal records linked to my phone number +44(0)1134960641.
INT-2026-02712,CUST-19368,18/04/2026 07:38,call_transcript,VIP,Yorkshire & Humber,AGT-554,I am issuing a formal right to be forgotten request. Erase all personal records linked to my phone number +448081570710.
INT-2026-02099,CUST-71249,1778124606,,Small Business,Wales,AGT-579,I lost my job last month and I simply cannot afford my direct debit payment of £150. My NI number is IL880932B. Please help me reduce my bill.
INT-2026-02955,CUST-83921,23/01/2026 17:27,Email,VIP,Greater London,AGT-124,I'm experiencing severe financial hardship following a bereavement. I live at W29 4DG and need urgent payment assistance.
INT-2026-01309,CUST-30697,16/01/2026 07:53,Email,Enterprise,Wales,AGT-770,I would like to update my billing address to BL8R 9SD.
INT-2026-03643,CUST-92379,03/05/2026 21:32,Email,Small Business,Wales,AGT-555,Why did my direct debit fail yesterday? I was charged a £25 penalty fee unfairly.
INT-2026-01407,CUST-39233,09/01/2026 11:14,Email,VIP,Greater London,AGT-938,What are your customer support opening hours over the bank holiday weekend?
INT-2026-04733,CUST-82815,15/04/2026 18:00,Web Chat,Small Business,West Midlands,AGT-996,Disgusted by this scam service. I demand to speak with a senior manager immediately regarding my direct debit failure.
INT-2026-02315,CUST-23396,15/02/2026 20:14,call_transcript,Enterprise,Greater London,AGT-939,Can you send me a copy of my latest VAT invoice for last month?
INT-2026-04312,CUST-38560,30/04/2026 18:09,E-Mail,Small Business,Scotland,AGT-912,What are your customer support opening hours over the bank holiday weekend?
INT-2026-03417,CUST-68781,28/01/2026 02:39,CALL,VIP,Wales,AGT-694,Your company has breached GDPR by sending emails to the wrong recipient. I am reporting this to the Information Commissioner's Office (ICO).
INT-2026-03383,,03/03/2026 14:55,webchat,Enterprise,North West,AGT-852,I was double billed for my monthly subscription on card 3567224397623971. Please process a refund.
INT-2026-04517,CUST-87184,28/03/2026 09:23,CALL,Standard,Yorkshire & Humber,AGT-588,I'm experiencing severe financial hardship following a bereavement. I live at L5J 8EE and need urgent payment assistance.
INT-2026-02735,CUST-27576,15/01/2026 02:18,Web Chat,Enterprise,West Midlands,AGT-581,What are your customer support opening hours over the bank holiday weekend?
INT-2026-00539,CUST-91027,06/05/2026 23:25,web_chat,Enterprise,Scotland,AGT-842,What are your customer support opening hours over the bank holiday weekend?
INT-2026-00080,CUST-27275,16/02/2026 04:50,,VIP,East of England,AGT-531,Can you send me a copy of my latest VAT invoice for last month?
INT-2026-02061,CUST-73894,11/03/2026 05:23,web_chat,Enterprise,East of England,AGT-815,I am currently in hospital due to severe illness and my pension payment hasn't come through. Please call me back on (0808) 1570272.
INT-2026-03699,CUST-74154,25/01/2026 15:39,Email,Enterprise,West Midlands,AGT-444,You have failed to address my issue for 3 weeks. I am filing an official grievance and taking this further to legal counsel.
INT-2026-01987,CUST-95671,15/06/2026 11:22,Email,Standard,Wales,AGT-298,Why did my direct debit fail yesterday? I was charged a £25 penalty fee unfairly. [DUPLICATE SUBMISSION]
INT-2026-02050,CUST-88590,28/05/2026 16:04,CALL,Standard,Greater London,AGT-795,I am issuing a formal right to be forgotten request. Erase all personal records linked to my phone number 0191 4960884.
INT-2026-04649,CUST-81763,22/03/2026 21:55,web_chat,VIP,Greater London,AGT-655,Can someone explain the difference between the standard and enterprise tier plans?
INT-2026-04060,CUST-72662,10/01/2026 22:56,,Small Business,Wales,AGT-369,What are your customer support opening hours over the bank holiday weekend?
INT-2026-01661,CUST-66928,09/04/2026 07:42,web_chat,Standard,Wales,AGT-540,How do I update my password on the online customer portal?
INT-2026-02828,CUST-88079,18/03/2026 05:29,call_transcript,Standard,Scotland,AGT-191,   
INT-2026-03322,CUST-18029,22/04/2026 11:45,EMAIL,Small Business,Wales,AGT-966,I am currently in hospital due to severe illness and my pension payment hasn't come through. Please call me back on +441632960047.
INT-2026-00801,CUST-65927,1772570456,webchat,VIP,Scotland,AGT-631,Your company has breached GDPR by sending emails to the wrong recipient. I am reporting this to the Information Commissioner's Office (ICO).
INT-2026-01077,CUST-77487,13/02/2026 10:56,CALL,VIP,East of England,AGT-584,I would like to update my billing address to B6 7FS.
INT-2026-02865,CUST-60122,14/02/2026 20:20,EMAIL,Enterprise,Greater London,AGT-143,I'm experiencing severe financial hardship following a bereavement. I live at E9T 5SW and need urgent payment assistance.
INT-2026-03055,CUST-52346,20/05/2026 20:38,Web Chat,Enterprise,Wales,AGT-509,Disgusted by this scam service. I demand to speak with a senior manager immediately regarding my direct debit failure.
INT-2026-01442,CUST-71815,05/05/2026 00:13,web_chat,Enterprise,Greater London,AGT-953,Can someone explain the difference between the standard and enterprise tier plans?
INT-2026-00515,CUST-15747,05/03/2026 02:12,Call Transcript,VIP,North West,AGT-983,I'm experiencing severe financial hardship following a bereavement. I live at L2C 1FQ and need urgent payment assistance.
INT-2026-04838,CUST-55458,13/01/2026 21:43,web_chat,Standard,North West,AGT-491,I would like to update my billing address to N8 6YQ.
INT-2026-04288,CUST-22528,21/03/2026 06:29,Email,VIP,Greater London,AGT-207,I'm experiencing severe financial hardship following a bereavement. I live at RG2W 8YW and need urgent payment assistance.
INT-2026-02416,CUST-20685,15/06/2026 11:22,web_chat,Small Business,West Midlands,AGT-732,I was double billed for my monthly subscription on card 2369115340524260. Please process a refund. [DUPLICATE SUBMISSION]
INT-2026-00581,CUST-86556,22/05/2026 05:27,E-Mail,Small Business,Wales,AGT-760,I would like to update my billing address to W3B 6UU.
INT-2026-03642,CUST-44708,07/01/2026 21:24,Email,,Scotland,AGT-443,I was double billed for my monthly subscription on card 4402998293823200. Please process a refund.
INT-2026-02615,CUST-75086,29/03/2026 18:51,webchat,,East of England,AGT-843,"This is a formal complaint regarding my overcharged invoice. If you do not resolve this today, I will escalate to the Financial Ombudsman and FCA immediately. My postcode is GU6A 8EE."
INT-2026-03887,CUST-43756,04/04/2026 10:06,webchat,Standard,Yorkshire & Humber,AGT-532,I would like to update my billing address to G7 0QN.
INT-2026-01497,CUST-68520,28/04/2026 21:48,CALL,Small Business,Scotland,AGT-552,"This is a formal complaint regarding my overcharged invoice. If you do not resolve this today, I will escalate to the Financial Ombudsman and FCA immediately. My postcode is HG0 9AH."
INT-2026-02539,CUST-85234,24/03/2026 16:06,EMAIL,Small Business,West Midlands,AGT-134,Can you send me a copy of my latest VAT invoice for last month?
INT-2026-03633,CUST-93005,08/02/2026 08:30,web_chat,VIP,Yorkshire & Humber,AGT-969,Why did my direct debit fail yesterday? I was charged a £25 penalty fee unfairly.
INT-2026-04577,CUST-48191,17/03/2026 12:48,webchat,Enterprise,Scotland,AGT-225,I lost my job last month and I simply cannot afford my direct debit payment of £150. My NI number is ZC999761X. Please help me reduce my bill.
INT-2026-03506,CUST-76310,04/03/2026 20:18,email,VIP,East of England,AGT-790,Disgusted by this scam service. I demand to speak with a senior manager immediately regarding my direct debit failure.
INT-2026-03361,CUST-92975,07/02/2026 02:06,E-Mail,VIP,Greater London,AGT-675,Unacceptable service! Your agent was extremely rude. I demand an immediate refund of £85. My account number is linked to NI GA679433I.
INT-2026-01114,CUST-35725,09/01/2026 21:27,web_chat,Small Business,North West,AGT-541,"<html><body><p>Hello support team, I need help logging in.</p></body></html>"
INT-2026-00360,CUST-17329,09/03/2026 13:28,web_chat,VIP,East of England,AGT-768,How do I update my password on the online customer portal?
INT-2026-00505,CUST-44891,16/03/2026 04:35,Call Transcript,Enterprise,East of England,AGT-793,Unacceptable service! Your agent was extremely rude. I demand an immediate refund of £85. My account number is linked to NI MI915624F.
INT-2026-00546,CUST-15279,14/03/2026 03:09,EMAIL,VIP,North West,AGT-902,Why did my direct debit fail yesterday? I was charged a £25 penalty fee unfairly.
INT-2026-01820,CUST-14868,09/01/2026 12:23,EMAIL,Standard,Yorkshire & Humber,AGT-133,You have failed to address my issue for 3 weeks. I am filing an official grievance and taking this further to legal counsel.
INT-2026-02872,CUST-40123,27/02/2026 02:24,call_transcript,Standard,Greater London,AGT-490,You have failed to address my issue for 3 weeks. I am filing an official grievance and taking this further to legal counsel.
INT-2026-03672,CUST-33903,08/03/2026 13:02,web_chat,Standard,Wales,AGT-631,I would like to update my billing address to B2W 0YL.
INT-2026-02986,CUST-41630,03/05/2026 07:37,call_transcript,VIP,Wales,AGT-559,Why did my direct debit fail yesterday? I was charged a £25 penalty fee unfairly.
INT-2026-02912,CUST-51582,19/01/2026 04:17,EMAIL,Enterprise,West Midlands,AGT-412,???
INT-2026-02165,CUST-59089,1773943383,Email,Small Business,Greater London,AGT-838,I'm experiencing severe financial hardship following a bereavement. I live at ME4 9EJ and need urgent payment assistance.
INT-2026-03249,CUST-51220,,Email,VIP,North West,AGT-370,How do I update my password on the online customer portal?
INT-2026-02481,CUST-18274,01/05/2026 19:08,call_transcript,Enterprise,East of England,AGT-553,I would like to update my billing address to SO19 2GP.
INT-2026-02382,CUST-79558,12/02/2026 05:41,Call Transcript,Small Business,North West,AGT-700,What are your customer support opening hours over the bank holiday weekend?
INT-2026-03326,CUST-84340,15/06/2026 11:22,E-Mail,Small Business,Scotland,AGT-288,Can you send me a copy of my latest VAT invoice for last month? [DUPLICATE SUBMISSION]
INT-2026-03363,CUST-17595,23/03/2026 06:14,call_transcript,Standard,Yorkshire & Humber,AGT-377,I am currently in hospital due to severe illness and my pension payment hasn't come through. Please call me back on 0116 4960715.
INT-2026-01517,CUST-72238,21/01/2026 18:21,E-Mail,Small Business,Greater London,AGT-899,Can someone explain the difference between the standard and enterprise tier plans?
INT-2026-04313,CUST-34305,19/02/2026 21:22,email,Small Business,East of England,AGT-522,How do I update my password on the online customer portal?
INT-2026-03497,CUST-77113,,email,Standard,Yorkshire & Humber,AGT-826,I'm experiencing severe financial hardship following a bereavement. I live at AB05 0UQ and need urgent payment assistance.
INT-2026-01755,CUST-57718,29/01/2026 06:45,Web Chat,VIP,Scotland,AGT-513,You have failed to address my issue for 3 weeks. I am filing an official grievance and taking this further to legal counsel.
INT-2026-01855,CUST-16699,13/02/2026 09:19,Call Transcript,Enterprise,Greater London,AGT-365,Can someone explain the difference between the standard and enterprise tier plans?
INT-2026-04431,CUST-48606,20/02/2026 00:00,Call Transcript,Standard,Greater London,AGT-172,I would like to update my billing address to WA9 0AY.
INT-2026-04056,CUST-32875,14/02/2026 04:54,email,Standard,Wales,AGT-501,What are your customer support opening hours over the bank holiday weekend?
INT-2026-03731,CUST-19094,08/04/2026 00:12,email,Small Business,West Midlands,AGT-642,I was double billed for my monthly subscription on card 2702847121974241. Please process a refund.
INT-2026-00101,CUST-99838,1778064097,EMAIL,VIP,West Midlands,AGT-884,Why did my direct debit fail yesterday? I was charged a £25 penalty fee unfairly.
INT-2026-04409,CUST-78923,06/01/2026 20:33,Web Chat,Standard,Greater London,AGT-382,You have failed to address my issue for 3 weeks. I am filing an official grievance and taking this further to legal counsel.
INT-2026-00523,CUST-80041,18/03/2026 16:31,,Small Business,West Midlands,AGT-733,I would like to update my billing address to B73 1BN.
INT-2026-02714,CUST-44902,09/05/2026 14:57,Call Transcript,Standard,North West,AGT-514,I am issuing a formal right to be forgotten request. Erase all personal records linked to my phone number 0808 1570396.
INT-2026-00572,CUST-91376,27/01/2026 17:36,E-Mail,Small Business,Yorkshire & Humber,AGT-767,I would like to update my billing address to BL4 3GS.
INT-2026-04245,CUST-36371,07/04/2026 04:58,E-Mail,Standard,Scotland,AGT-161,How do I update my password on the online customer portal?
INT-2026-00294,CUST-67367,03/04/2026 00:56,Email,Enterprise,East of England,AGT-247,Your company has breached GDPR by sending emails to the wrong recipient. I am reporting this to the Information Commissioner's Office (ICO).
INT-2026-03920,CUST-92091,08/04/2026 11:13,email,Small Business,Scotland,AGT-781,I lost my job last month and I simply cannot afford my direct debit payment of £150. My NI number is WC452618K. Please help me reduce my bill.
INT-2026-02819,CUST-99879,06/01/2026 19:05,call_transcript,Standard,Scotland,AGT-962,Disgusted by this scam service. I demand to speak with a senior manager immediately regarding my direct debit failure.
INT-2026-03814,CUST-40717,04/05/2026 23:18,web_chat,VIP,Yorkshire & Humber,AGT-741,"This is a formal complaint regarding my overcharged invoice. If you do not resolve this today, I will escalate to the Financial Ombudsman and FCA immediately. My postcode is B5 2JH."
INT-2026-01611,CUST-34378,05/02/2026 19:55,webchat,,Scotland,AGT-507,My business went into administration. I cannot pay this invoice right now. Contact my legal representative at lydia54@example.org.
INT-2026-03265,CUST-93922,15/06/2026 11:22,webchat,VIP,Yorkshire & Humber,AGT-968,I am issuing a formal right to be forgotten request. Erase all personal records linked to my phone number 0114 4960831. [DUPLICATE SUBMISSION]
INT-2026-01910,CUST-57444,25/02/2026 04:50,email,VIP,Yorkshire & Humber,AGT-437,I am issuing a formal right to be forgotten request. Erase all personal records linked to my phone number +44(0)1614960139.
INT-2026-03635,CUST-66144,02/05/2026 22:44,web_chat,Standard,East of England,AGT-128,"This is a formal complaint regarding my overcharged invoice. If you do not resolve this today, I will escalate to the Financial Ombudsman and FCA immediately. My postcode is SK9P 2RZ."
INT-2026-01561,CUST-39958,21/04/2026 21:26,,Enterprise,Wales,AGT-240,Please delete all my data and process my Subject Access Request under UK GDPR rules immediately. Contact me at wardjoe@example.net.
INT-2026-00075,CUST-13280,05/03/2026 16:37,call_transcript,Enterprise,East of England,AGT-518,I lost my job last month and I simply cannot afford my direct debit payment of £150. My NI number is US793564Y. Please help me reduce my bill.
INT-2026-00388,CUST-89269,24/03/2026 22:12,Web Chat,Enterprise,North West,AGT-729,Can you send me a copy of my latest VAT invoice for last month?
INT-2026-01575,CUST-65529,08/05/2026 23:19,webchat,VIP,Wales,AGT-520,I'm experiencing severe financial hardship following a bereavement. I live at NG5 9GF and need urgent payment assistance.
INT-2026-01418,CUST-24948,26/05/2026 15:27,call_transcript,Small Business,Yorkshire & Humber,AGT-412,
INT-2026-03148,CUST-71474,27/03/2026 00:28,CALL,Enterprise,West Midlands,AGT-115,"<html><body><p>Hello support team, I need help logging in.</p></body></html>"
INT-2026-03419,CUST-85477,08/04/2026 14:28,E-Mail,VIP,Yorkshire & Humber,AGT-254,What are your customer support opening hours over the bank holiday weekend?
INT-2026-00930,CUST-43228,10/03/2026 10:12,web_chat,Small Business,East of England,AGT-750,Unacceptable service! Your agent was extremely rude. I demand an immediate refund of £85. My account number is linked to NI MO213596H.
INT-2026-04480,CUST-22686,11/03/2026 06:44,CALL,VIP,West Midlands,AGT-171,Can someone explain the difference between the standard and enterprise tier plans?
INT-2026-03203,CUST-17523,23/03/2026 09:08,E-Mail,Standard,East of England,AGT-797,Why did my direct debit fail yesterday? I was charged a £25 penalty fee unfairly.
INT-2026-02258,CUST-26442,25/02/2026 02:55,CALL,VIP,Greater London,AGT-976,Your company has breached GDPR by sending emails to the wrong recipient. I am reporting this to the Information Commissioner's Office (ICO).
INT-2026-02669,CUST-78985,1773357307,call_transcript,Small Business,Wales,AGT-599,I was double billed for my monthly subscription on card 3548734057179852. Please process a refund.
INT-2026-02047,CUST-59334,07/03/2026 13:08,EMAIL,Standard,Wales,AGT-260,How do I update my password on the online customer portal?
INT-2026-02640,CUST-72992,16/04/2026 01:51,CALL,VIP,Greater London,AGT-276,My business went into administration. I cannot pay this invoice right now. Contact my legal representative at toby96@example.org.
INT-2026-02479,CUST-66215,23/05/2026 13:18,web_chat,Standard,Scotland,AGT-343,Why did my direct debit fail yesterday? I was charged a £25 penalty fee unfairly.
INT-2026-04274,CUST-17712,13/02/2026 09:55,EMAIL,Small Business,East of England,AGT-645,Can someone explain the difference between the standard and enterprise tier plans?
INT-2026-01850,CUST-11073,24/02/2026 10:35,E-Mail,Standard,East of England,AGT-578,Can you send me a copy of my latest VAT invoice for last month?
INT-2026-03086,,23/02/2026 04:24,EMAIL,Standard,Yorkshire & Humber,AGT-517,Can someone explain the difference between the standard and enterprise tier plans?
INT-2026-02949,CUST-86114,03/01/2026 19:53,Email,VIP,Wales,AGT-198,I was double billed for my monthly subscription on card 4052956426245868. Please process a refund.
INT-2026-03898,CUST-57102,13/04/2026 17:57,Email,Standard,Wales,AGT-557,I lost my job last month and I simply cannot afford my direct debit payment of £150. My NI number is FO547307Q. Please help me reduce my bill.
INT-2026-04190,CUST-68906,11/05/2026 23:31,Email,Small Business,West Midlands,AGT-651,How do I update my password on the online customer portal?
INT-2026-01881,,14/01/2026 21:45,EMAIL,Standard,West Midlands,AGT-290,Please delete all my data and process my Subject Access Request under UK GDPR rules immediately. Contact me at nigelarmstrong@example.net.
INT-2026-04755,CUST-12816,16/01/2026 00:34,Call Transcript,Enterprise,Yorkshire & Humber,AGT-371,Can you send me a copy of my latest VAT invoice for last month?
INT-2026-02798,CUST-55139,1776638015,Call Transcript,VIP,Yorkshire & Humber,AGT-118,My business went into administration. I cannot pay this invoice right now. Contact my legal representative at hfield@example.org.
INT-2026-02079,CUST-76490,10/05/2026 06:53,Email,Small Business,Scotland,AGT-746,Can you send me a copy of my latest VAT invoice for last month?
INT-2026-00475,CUST-74987,19/04/2026 04:25,Web Chat,Small Business,West Midlands,AGT-567,I would like to update my billing address to W4 0UH.
INT-2026-01361,CUST-63087,30/04/2026 23:46,email,Small Business,North West,AGT-953,Can someone explain the difference between the standard and enterprise tier plans?
INT-2026-00756,CUST-70322,11/01/2026 14:53,EMAIL,Enterprise,Yorkshire & Humber,AGT-593,How do I update my password on the online customer portal?
INT-2026-04833,CUST-22574,04/05/2026 09:43,email,Standard,West Midlands,AGT-522,Can you send me a copy of my latest VAT invoice for last month?
INT-2026-00465,CUST-58916,04/01/2026 09:45,CALL,VIP,West Midlands,AGT-267,I'm experiencing severe financial hardship following a bereavement. I live at HG53 0TH and need urgent payment assistance.
INT-2026-00701,CUST-58068,02/03/2026 21:41,CALL,Standard,Yorkshire & Humber,AGT-759,I am currently in hospital due to severe illness and my pension payment hasn't come through. Please call me back on 0808 157 0158.
INT-2026-03811,CUST-30668,20/04/2026 23:11,Call Transcript,Standard,Yorkshire & Humber,AGT-489,Can you send me a copy of my latest VAT invoice for last month?
INT-2026-03725,CUST-62694,10/02/2026 12:11,E-Mail,Enterprise,Yorkshire & Humber,AGT-142,I was double billed for my monthly subscription on card 502093434764. Please process a refund.
INT-2026-00216,CUST-67014,15/02/2026 23:26,email,Enterprise,West Midlands,AGT-563,Please delete all my data and process my Subject Access Request under UK GDPR rules immediately. Contact me at alanjones@example.org.
INT-2026-04259,,12/03/2026 03:31,Call Transcript,VIP,Yorkshire & Humber,AGT-336,How do I update my password on the online customer portal?
INT-2026-02674,CUST-99136,12/04/2026 04:21,webchat,Small Business,Greater London,AGT-809,I am issuing a formal right to be forgotten request. Erase all personal records linked to my phone number +44(0)1514960693.
INT-2026-01557,CUST-45319,01/02/2026 09:32,EMAIL,Small Business,West Midlands,AGT-995,What are your customer support opening hours over the bank holiday weekend?
INT-2026-00001,CUST-13278,13/02/2026 08:14,E-Mail,Small Business,Greater London,AGT-130,I am currently in hospital due to severe illness and my pension payment hasn't come through. Please call me back on +44(0)1632 960 819.
INT-2026-00795,CUST-73459,23/03/2026 07:59,Call Transcript,VIP,Wales,AGT-517,What are your customer support opening hours over the bank holiday weekend?
INT-2026-00683,CUST-99054,02/05/2026 07:35,Web Chat,Enterprise,West Midlands,AGT-930,How do I update my password on the online customer portal?
INT-2026-01786,CUST-19386,04/05/2026 10:51,webchat,Small Business,Greater London,AGT-185,Please delete all my data and process my Subject Access Request under UK GDPR rules immediately. Contact me at pelliott@example.com.
INT-2026-00770,CUST-19288,11/04/2026 10:32,email,Enterprise,Greater London,AGT-329,I would like to update my billing address to NP1W 6PT.
INT-2026-03544,CUST-24997,31/03/2026 23:10,E-Mail,Small Business,Wales,AGT-770,What are your customer support opening hours over the bank holiday weekend?
INT-2026-04283,CUST-39776,16/03/2026 13:02,email,Standard,Wales,AGT-908,How do I update my password on the online customer portal?
INT-2026-02240,,14/04/2026 19:01,web_chat,VIP,Yorkshire & Humber,AGT-996,What are your customer support opening hours over the bank holiday weekend?
INT-2026-01489,CUST-40207,10/04/2026 00:07,Web Chat,Standard,North West,AGT-687,???
